6.06282200,4.06149600,0.35134900,0.00416900,-0.00288400,-0.91949289,0.39307395,0.05325100,0.85467800,-1.83870400,-0.04071600,0.68917300,-1.36065200,-0.01342700,0.69283600,-1.37244400,0.03754300,0.87034100,-1.88569200
6.07746000,4.07401900,0.35124200,0.00425800,-0.00186200,-0.91737835,0.39798915,0.06367800,0.90408500,-1.81314800,-0.05127000,0.63532700,-1.35304800,-0.01128800,0.63156500,-1.36997600,0.02812200,0.90370800,-1.85641600
6.09185200,4.08594800,0.35088700,0.00410400,-0.00030400,-0.91484906,0.40377502,0.07173500,0.89556400,-1.66658800,-0.06282900,0.58364100,-1.33904800,-0.00832000,0.57080800,-1.36163900,0.01632500,0.87547100,-1.70509700
6.10598700,4.09766200,0.35027000,0.00343500,0.00230100,-0.91159213,0.41107506,0.07888600,0.86414800,-1.45209300,-0.07624300,0.52180000,-1.31480600,-0.00379400,0.49751500,-1.34532100,0.00219200,0.81904700,-1.48674800
6.12234300,4.11141000,0.34998900,0.00099800,0.00446900,-0.90843502,0.41800101,0.08707200,0.85668200,-1.29124300,-0.08872100,0.45867600,-1.27436700,-0.00008200,0.42815600,-1.32309000,-0.00938200,0.79248600,-1.34706700
6.13671500,4.12315600,0.35060700,-0.00124500,0.00680500,-0.90502086,0.42531093,0.07757600,0.83427600,-1.29492200,-0.07134900,0.53579000,-1.38182100,-0.01174400,0.51633100,-1.44930600,-0.00405800,0.76399400,-1.35358700
6.15064200,4.13668800,0.35090300,0.00127000,0.00557000,-0.90135513,0.43304306,0.06186800,0.79061800,-1.32701300,-0.05145000,0.68200900,-1.60686500,-0.01901700,0.66783700,-1.64928500,-0.00261300,0.71983700,-1.35919600
6.16188500,4.14953900,0.35147200,0.00365600,0.00336200,-0.89766619,0.44064809,0.04693700,0.74156900,-1.34694900,-0.03094700,0.81566900,-1.80210200,-0.02402200,0.80731300,-1.82042000,-0.00003600,0.67613300,-1.36212200
6.17334200,4.16451900,0.35234200,0.00523500,0.00160500,-0.89354209,0.44894605,0.03372400,0.68424400,-1.35701600,-0.01141900,0.89746000,-1.87390400,-0.02897500,0.89708600,-1.87450100,0.00662900,0.62946700,-1.36168500
6.18327900,4.17874800,0.35297200,0.00584500,0.00079500,-0.88949963,0.45689781,0.02324600,0.62790800,-1.35930600,0.00435800,0.90424800,-1.79043400,-0.03326100,0.91096800,-1.77828900,0.01563900,0.58578900,-1.35850100
6.19424100,4.19515500,0.35300700,0.00561800,0.00108300,-0.88479473,0.46594586,0.01285800,0.56175100,-1.35760200,0.02224800,0.87041000,-1.60739400,-0.04099200,0.88475200,-1.58278500,0.02783100,0.53481600,-1.35236000
6.20514300,4.21170700,0.35273200,0.00414500,0.00225000,-0.88028175,0.47442786,0.00382000,0.49195000,-1.34563700,0.04206400,0.84060400,-1.43496400,-0.05328200,0.86277900,-1.40050600,0.04042800,0.48118100,-1.34074300
6.21583200,4.22799900,0.35276500,-0.00107600,0.00033600,-0.87590189,0.48248794,0.00122900,0.47547400,-1.34560200,0.04906900,0.83138900,-1.37231000,-0.05802300,0.87118000,-1.37039300,0.04792600,0.48429500,-1.37810000
6.22693700,4.24391800,0.35272200,-0.00092700,-0.00103400,-0.87079867,0.49163782,0.01089400,0.60362000,-1.50937800,0.03323400,0.78704200,-1.37255700,-0.04847800,0.81993900,-1.38712600,0.04555800,0.60789500,-1.55362900
6.23911800,4.25949300,0.35271600,0.00072600,-0.00141600,-0.86501185,0.50174891,0.02500100,0.75230900,-1.71331000,0.01165600,0.73808100,-1.37220000,-0.04234300,0.75560700,-1.39169900,0.04357500,0.74824400,-1.76011800
6.25055600,4.27295900,0.35271300,0.00177400,-0.00148000,-0.85972087,0.51075893,0.03999600,0.85786700,-1.82513800,-0.01039400,0.69220800,-1.36514700,-0.04032600,0.69643700,-1.39119500,0.04023200,0.84370200,-1.87619700
6.26345000,4.28757400,0.35259300,0.00235800,-0.00079600,-0.85424111,0.51987107,0.05626700,0.90404300,-1.79787100,-0.03402900,0.64140600,-1.35094900,-0.03999800,0.63239500,-1.38580100,0.03232000,0.87740500,-1.85286100
6.27520300,4.30073700,0.35207700,0.00240100,0.00100600,-0.84850997,0.52917298,0.07121900,0.89068100,-1.63014000,-0.05812400,0.58608900,-1.33052100,-0.03991400,0.56318000,-1.37589000,0.02114700,0.84946600,-1.68844300
6.28818200,4.31563500,0.35112000,0.00200300,0.00381600,-0.84302505,0.53785703,0.08346700,0.85562500,-1.41959900,-0.08011300,0.52986900,-1.30487600,-0.03970400,0.49316200,-1.36071000,0.01014500,0.79886300,-1.48176700
6.30020300,4.32979000,0.35063400,0.00033500,0.00664800,-0.83789175,0.54579584,0.09760800,0.84573700,-1.26361600,-0.10018700,0.46950100,-1.26474300,-0.04024000,0.42314100,-1.33796200,0.00106700,0.77530800,-1.34472100
6.31224000,4.34454200,0.35246000,-0.00358900,0.00649900,-0.83294100,0.55331200,0.09058700,0.81594300,-1.26881500,-0.08075800,0.54953300,-1.37555100,-0.04977700,0.52123800,-1.46663400,0.00306500,0.75216000,-1.34881300
6.32181200,4.35926200,0.35207600,-0.00124800,0.00623900,-0.82774067,0.56107478,0.07366900,0.78087000,-1.30887500,-0.06140000,0.69066400,-1.60406500,-0.05396600,0.67264300,-1.66715100,0.00427600,0.71516500,-1.35716000
6.32928300,4.37398700,0.35169000,0.00119300,0.00553300,-0.82203903,0.56940302,0.05782900,0.73798000,-1.34071500,-0.04238800,0.82567900,-1.80890800,-0.05858700,0.81653200,-1.84567300,0.00910600,0.67617200,-1.36488300
6.33614300,4.39106100,0.35185100,0.00245800,0.00443900,-0.81613997,0.57783198,0.04364600,0.68741900,-1.35717900,-0.02412100,0.90522200,-1.88652100,-0.06174300,0.90535200,-1.90534300,0.01686600,0.63676500,-1.36913800
6.34170800,4.40720700,0.35224000,0.00308400,0.00328500,-0.81004683,0.58634788,0.02990400,0.62983800,-1.36210000,-0.00611700,0.91437700,-1.80803300,-0.06280300,0.92179500,-1.80899200,0.02592800,0.59430800,-1.36878300
6.34728200,4.42499700,0.35227200,0.00317900,0.00278200,-0.80355477,0.59521583,0.01599000,0.56357600,-1.36076000,0.01395400,0.88156200,-1.63178300,-0.06407100,0.89478900,-1.61116400,0.03640200,0.54466600,-1.36376300
6.35316300,4.44496600,0.35211900,0.00241100,0.00297100,-0.79767821,0.60307116,0.00381900,0.49603900,-1.34942100,0.03615200,0.85423300,-1.47403600,-0.06899700,0.87139000,-1.43125400,0.04644600,0.49331200,-1.35252800
6.35835300,4.46388200,0.35197700,0.00056900,-0.00160400,-0.79159097,0.61104897,-0.00329800,0.46846000,-1.34132200,0.05169500,0.83878100,-1.38536500,-0.07371800,0.87424200,-1.38034800,0.05088800,0.48819800,-1.38190200
6.36334500,4.48246000,0.34956700,0.00558900,-0.00249200,-0.78475804,0.61977203,0.01436100,0.61635000,-1.52982600,0.03699100,0.80037700,-1.40911600,-0.06575800,0.81534300,-1.39949400,0.05426600,0.62122500,-1.58021900
6.36990400,4.50105500,0.34967900,0.00556500,-0.00075400,-0.77767924,0.62863619,0.02802300,0.76262500,-1.72447800,0.02155900,0.75483500,-1.41152500,-0.05408500,0.75451300,-1.40451400,0.05186100,0.75208500,-1.77189400
6.37660100,4.51750300,0.35041900,0.00464100,0.00037200,-0.77086885,0.63697688,0.04109900,0.86896100,-1.83335800,0.00325300,0.70697500,-1.39951700,-0.04730200,0.69563300,-1.40270200,0.04620000,0.84528100,-1.88279900
6.38431500,4.53556500,0.35100200,0.00400700,0.00139800,-0.76382109,0.64541408,0.05573300,0.91466000,-1.80298100,-0.01881900,0.65396600,-1.38062400,-0.04440400,0.63057000,-1.39456400,0.03611500,0.87816400,-1.85716900
6.39136500,4.55190200,0.35091600,0.00320100,0.00303500,-0.75654304,0.65392903,0.06968400,0.90034200,-1.63208600,-0.04241300,0.59684200,-1.35689600,-0.04309000,0.56009100,-1.38197500,0.02284600,0.84936800,-1.69153800
6.39864800,4.56944700,0.35030600,0.00197300,0.00552700,-0.74957894,0.66188895,0.08119300,0.86298900,-1.41731900,-0.06418000,0.53932300,-1.32908800,-0.04188500,0.48884300,-1.36458900,0.01043500,0.79799100,-1.48409400
6.40610100,4.58873000,0.35034300,-0.00035800,0.00657300,-0.74327292,0.66895593,0.09494300,0.84987400,-1.26996900,-0.08521800,0.47811400,-1.28502400,-0.04333200,0.41941500,-1.33969200,-0.00126700,0.77426200,-1.34695900
6.41162500,4.60521800,0.35296700,-0.00660000,0.00390000,-0.73801011,0.67474610,0.08346200,0.81633900,-1.26330700,-0.06666300,0.54775600,-1.37683000,-0.05143200,0.51150500,-1.45813400,0.00179400,0.75680500,-1.35261500
6.41586600,4.62272300,0.35340500,-0.00541500,0.00317700,-0.73168018,0.68161917,0.06691900,0.77493600,-1.29492100,-0.04801500,0.68874400,-1.60053000,-0.05732500,0.66475300,-1.66325000,0.00432200,0.71802800,-1.35975600
6.41854700,4.64130400,0.35359800,-0.00267900,0.00251800,-0.72456581,0.68919582,0.05015700,0.72566600,-1.32224100,-0.02835600,0.82720400,-1.80796200,-0.06211000,0.81150000,-1.84480200,0.00894000,0.67293700,-1.36303000
6.41986500,4.65935400,0.35392900,-0.00068900,0.00189100,-0.71784404,0.69620104,0.03595000,0.67503000,-1.33725800,-0.01123000,0.90236200,-1.87908700,-0.06448000,0.89437200,-1.89677300,0.01531600,0.63054800,-1.36302200
6.42051400,4.67701000,0.35421500,0.00088200,0.00126700,-0.71018968,0.70400869,0.02045600,0.61241900,-1.34400500,0.00663400,0.91109100,-1.79339000,-0.06479000,0.91082100,-1.79040400,0.02345700,0.58042800,-1.35866300
6.42072900,4.69729800,0.35406400,0.00143600,0.00128200,-0.70278535,0.71139936,0.00611500,0.54723400,-1.34392900,0.02533000,0.88026200,-1.62453400,-0.06544500,0.88634500,-1.60024600,0.03220100,0.52845000,-1.35038400
6.42083300,4.71679600,0.35365600,0.00057700,0.00170500,-0.69578137,0.71825138,-0.00705600,0.47825500,-1.33339800,0.04597400,0.85410700,-1.46654200,-0.06893100,0.86591400,-1.42106700,0.04112300,0.47384700,-1.33665300
6.42051800,4.73910500,0.35317800,-0.00052000,-0.00443800,-0.68815035,0.72555436,-0.01427300,0.45650500,-1.32944100,0.06174900,0.83916300,-1.37903000,-0.07374000,0.87529600,-1.37892500,0.04461300,0.47623800,-1.37818400
6.41984000,4.75877400,0.35042400,0.00694300,-0.00492000,-0.68062113,0.73258614,0.00684700,0.59590800,-1.50841900,0.04645300,0.80484300,-1.40564800,-0.07071700,0.81624700,-1.39440900,0.05136600,0.60015200,-1.56444800
6.42052000,4.77704900,0.35029100,0.00659600,-0.00267200,-0.67191085,0.74059784,0.02384400,0.75574200,-1.72166200,0.03131400,0.75755800,-1.41297700,-0.05797600,0.75198100,-1.40182300,0.05106700,0.74114600,-1.77222200
6.42187500,4.79607300,0.35098500,0.00449500,-0.00114000,-0.66360967,0.74806463,0.03820300,0.86946700,-1.83658400,0.01458200,0.70650200,-1.40089600,-0.04882100,0.69039300,-1.40123800,0.04493600,0.83918100,-1.88703400
6.42340300,4.81508100,0.35150200,0.00310000,0.00019500,-0.65587989,0.75485887,0.05203900,0.91381900,-1.80610400,-0.00404000,0.65515700,-1.38369100,-0.04411000,0.62775700,-1.39352900,0.03481800,0.86983400,-1.85862100
6.42488000,4.83507100,0.35131500,0.00190000,0.00203800,-0.64738337,0.76215944,0.06600300,0.90251800,-1.63702500,-0.02590000,0.59706300,-1.36218300,-0.04102700,0.55477700,-1.37953300,0.02120000,0.84355800,-1.69357900
6.42589300,4.85346900,0.35059400,0.00043900,0.00429000,-0.63966811,0.76863913,0.07749200,0.87014100,-1.43426900,-0.04529300,0.54179500,-1.33843600,-0.03848300,0.48472500,-1.36146700,0.00883300,0.79786000,-1.49820100
6.42656400,4.87356800,0.35015200,-0.00244900,0.00554200,-0.63149404,0.77535705,0.09332900,0.85801500,-1.25999900,-0.06650000,0.47341000,-1.29342800,-0.03762300,0.40481000,-1.33209300,-0.00313900,0.77437300,-1.34948800
