2.52292600,-0.02128600,0.35405800,-0.00138200,0.00365100,-0.00704700,0.99996755,-0.00222300,0.67440400,-1.36490800,0.00222300,0.87084100,-1.80496000,-0.02556200,0.88191100,-1.81374900,0.02556200,0.67701400,-1.35052300
2.51832000,-0.02235800,0.35433800,-0.00046300,0.00460700,-0.00722200,0.99996320,-0.00054100,0.65894200,-1.36370700,0.00054100,0.91186500,-1.85920500,-0.02527100,0.92300900,-1.86256800,0.02527100,0.66132200,-1.34925200
2.51330500,-0.02390900,0.35431500,0.00028600,0.00556400,-0.00735900,0.99995740,0.00281300,0.64263000,-1.36306600,-0.00281300,0.88442900,-1.76204700,-0.02368400,0.89472600,-1.75986200,0.02368400,0.64564500,-1.35007300
2.50785200,-0.02589000,0.35382700,0.00076900,0.00626000,-0.00755800,0.99995155,0.00803800,0.62587300,-1.36284500,-0.00803800,0.81821400,-1.58111600,-0.02243200,0.82756800,-1.57453600,0.02243200,0.63106300,-1.35454100
2.50187700,-0.02825400,0.35316000,0.00119000,0.00670400,-0.00778200,0.99994654,0.01453600,0.60721400,-1.36081200,-0.01453600,0.75759600,-1.41322800,-0.02251500,0.76539100,-1.40216600,0.02251500,0.61594700,-1.36010100
2.49538100,-0.03085600,0.35329900,0.00269700,0.00472400,-0.00756400,0.99995660,0.01730700,0.60652100,-1.37326000,-0.01730700,0.74093200,-1.36809700,-0.02206600,0.75006600,-1.35259200,0.02206600,0.62413500,-1.39419400
2.48893400,-0.03238600,0.35272600,0.00353100,0.00212300,-0.00764400,0.99996230,0.01572900,0.70054800,-1.54131700,-0.01572900,0.72775200,-1.36738900,-0.02012300,0.74262900,-1.36147000,0.02012300,0.72452300,-1.57503400
2.48233600,-0.03276000,0.35237300,0.00378900,0.00107300,-0.00784600,0.99996147,0.01559300,0.80811900,-1.73740100,-0.01559300,0.71174600,-1.36882600,-0.01984900,0.72955300,-1.36755300,0.01984900,0.83488600,-1.77292300
2.47584100,-0.03230400,0.35244100,0.00323300,0.00115000,-0.00789200,0.99996297,0.01584100,0.88188600,-1.85646100,-0.01584100,0.69328400,-1.36917200,-0.01996100,0.71221700,-1.36981200,0.01996100,0.90846700,-1.88805900
2.46835800,-0.03111500,0.35265100,0.00188800,0.00222000,-0.00789100,0.99996462,0.01730200,0.89643300,-1.83827400,-0.01730200,0.66986600,-1.36912300,-0.02041800,0.68877700,-1.36975900,0.02041800,0.91965600,-1.86018700
2.46107900,-0.02951000,0.35257400,0.00060700,0.00340500,-0.00780000,0.99996360,0.01820700,0.85145700,-1.69250200,-0.01820700,0.64686000,-1.36905600,-0.02203400,0.66594900,-1.37032900,0.02203400,0.86965100,-1.70309200
2.45406700,-0.02769900,0.35217100,-0.00044000,0.00443100,-0.00762300,0.99996103,0.01827100,0.79201800,-1.51855100,-0.01827100,0.62484900,-1.36879800,-0.02461000,0.64477300,-1.37226700,0.02461000,0.80442000,-1.51753200
2.44611400,-0.02539200,0.35184400,-0.00175500,0.00452700,-0.00745800,0.99996040,0.01550500,0.75999100,-1.39893300,-0.01550500,0.59818400,-1.36111000,-0.02811500,0.62342700,-1.37567500,0.02811500,0.76621800,-1.38529000
2.43866200,-0.02308500,0.34968000,-0.00493500,0.00387300,-0.00686100,0.99995679,0.00814900,0.74851100,-1.38687000,-0.00814900,0.64903500,-1.44987000,-0.03085300,0.67889000,-1.48046200,0.03085300,0.75815200,-1.38023900
2.43161800,-0.02216600,0.34917000,-0.00447400,0.00379800,-0.00720100,0.99995685,0.00518900,0.73247500,-1.39529500,-0.00518900,0.75583400,-1.64266700,-0.03295500,0.78463300,-1.66808500,0.03295500,0.73967500,-1.38505200
2.42363600,-0.02235900,0.35008100,-0.00321000,0.00380600,-0.00781700,0.99995705,0.00446200,0.70818400,-1.39189700,-0.00446200,0.85555100,-1.81454800,-0.03371900,0.88337900,-1.83327600,0.03371900,0.71519800,-1.38286400
2.41582700,-0.02330700,0.35108800,-0.00172300,0.00417800,-0.00821800,0.99995602,0.00515100,0.68202200,-1.38549800,-0.00515100,0.89901100,-1.86153400,-0.03347300,0.92470900,-1.87338400,0.03347300,0.69002900,-1.37933800
2.40787800,-0.02474200,0.35159500,-0.00024800,0.00485600,-0.00852900,0.99995181,0.00715700,0.65567200,-1.38049500,-0.00715700,0.87793300,-1.76406000,-0.03056500,0.89936300,-1.76714700,0.03056500,0.66497600,-1.37763000
2.39988000,-0.02648800,0.35140200,0.00077100,0.00548400,-0.00877700,0.99994615,0.01088200,0.63045300,-1.37764600,-0.01088200,0.81829800,-1.58435300,-0.02788700,0.83423400,-1.57860400,0.02788700,0.64165300,-1.37916900
2.39171800,-0.02847500,0.35093000,0.00145400,0.00589900,-0.00898100,0.99994121,0.01593500,0.60439800,-1.37332600,-0.01593500,0.76476300,-1.41707400,-0.02746700,0.77486000,-1.40299000,0.02746700,0.61866600,-1.38162100
2.38400500,-0.03058100,0.35231300,0.00285200,0.00373100,-0.00806900,0.99995642,0.01770300,0.59409200,-1.37492400,-0.01770300,0.74388900,-1.36868000,-0.02539100,0.75417100,-1.35889100,0.02539100,0.61808400,-1.40323100
2.37589700,-0.03209300,0.35380300,0.00369900,0.00207700,-0.00719200,0.99996514,0.01600500,0.68620100,-1.52815400,-0.01600500,0.71883100,-1.35703100,-0.02192700,0.73155100,-1.35404900,0.02192700,0.71307400,-1.56455000
2.36796500,-0.03238700,0.35446200,0.00360300,0.00222300,-0.00667700,0.99996875,0.01517500,0.79658500,-1.71997000,-0.01517500,0.69501100,-1.35431500,-0.02015700,0.70677800,-1.35098200,0.02015700,0.82267700,-1.75089800
2.35976800,-0.03182000,0.35480300,0.00280900,0.00283200,-0.00639100,0.99997162,0.01513400,0.87568300,-1.83864800,-0.01513400,0.67032200,-1.35329700,-0.01969900,0.68156900,-1.34972200,0.01969900,0.89998900,-1.86256200
2.35129300,-0.03065200,0.35492300,0.00145300,0.00382600,-0.00619200,0.99997245,0.01535500,0.88858300,-1.81043300,-0.01535500,0.64417600,-1.35254000,-0.01985200,0.65523900,-1.34911600,0.01985200,0.90912800,-1.82425200
2.34263700,-0.02909300,0.35459500,0.00007800,0.00476400,-0.00592900,0.99997107,0.01540500,0.84607500,-1.66163000,-0.01540500,0.61789000,-1.35218200,-0.02097400,0.62957300,-1.35065900,0.02097400,0.86108700,-1.66384500
2.33373900,-0.02726300,0.35385100,-0.00099800,0.00542300,-0.00561500,0.99996903,0.01473900,0.78618600,-1.47611800,-0.01473900,0.59111800,-1.35120200,-0.02343300,0.60461900,-1.35420300,0.02343300,0.79507900,-1.46704900
2.32442700,-0.02514400,0.35349400,-0.00214000,0.00490600,-0.00544700,0.99997084,0.01160100,0.75671100,-1.36433700,-0.01160100,0.56027200,-1.34005700,-0.02680600,0.58026500,-1.35679200,0.02680600,0.76009700,-1.34947400
2.31613200,-0.02327000,0.35456700,-0.00357900,0.00230300,-0.00612400,0.99997219,0.00997800,0.73450900,-1.35028600,-0.00997800,0.61646800,-1.42724000,-0.03013300,0.64263400,-1.46306300,0.03013300,0.74320800,-1.34770100
2.30700500,-0.02237300,0.35507200,-0.00363100,0.00237600,-0.00673800,0.99996788,0.00903000,0.70958100,-1.34901800,-0.00903000,0.72849300,-1.61885800,-0.03120700,0.75480800,-1.65053900,0.03120700,0.71747800,-1.34661300
2.29814000,-0.02256300,0.35540100,-0.00290700,0.00298000,-0.00726000,0.99996498,0.00928700,0.68364200,-1.34872900,-0.00928700,0.83198300,-1.78740700,-0.03197100,0.85754400,-1.81210400,0.03197100,0.69057000,-1.34592500
2.28902600,-0.02347700,0.35562600,-0.00161600,0.00394000,-0.00767400,0.99996149,0.01033400,0.65606500,-1.34804600,-0.01033400,0.88286500,-1.83736700,-0.03161200,0.90583600,-1.85353000,0.03161200,0.66237200,-1.34517300
2.27972100,-0.02487900,0.35551400,-0.00020300,0.00499500,-0.00804300,0.99995516,0.01246400,0.62780800,-1.34741900,-0.01246400,0.86709100,-1.73986800,-0.02860100,0.88548400,-1.74552600,0.02860100,0.63417300,-1.34565500
2.27077700,-0.02648700,0.35486600,0.00087600,0.00565900,-0.00837100,0.99994857,0.01607400,0.60007800,-1.34697700,-0.01607400,0.81285000,-1.56029000,-0.02666600,0.82612600,-1.55671600,0.02666600,0.60813900,-1.34948600
2.26056600,-0.02850500,0.35393600,0.00159700,0.00602800,-0.00867600,0.99994292,0.02104300,0.57051900,-1.34375900,-0.02104300,0.76381800,-1.39175400,-0.02637100,0.77165900,-1.37971800,0.02637100,0.58151100,-1.35319600
2.25082500,-0.03060000,0.35445100,0.00315300,0.00308900,-0.00839900,0.99995499,0.02205800,0.56796300,-1.35466600,-0.02205800,0.74714100,-1.34663000,-0.02410100,0.75635300,-1.34015300,0.02410100,0.58837800,-1.38755000
2.24152400,-0.03177700,0.35467500,0.00381400,0.00171100,-0.00836900,0.99995624,0.01982200,0.67001300,-1.52385800,-0.01982200,0.72432800,-1.34699500,-0.02207800,0.73717900,-1.34713800,0.02207800,0.69401700,-1.55980000
2.23268300,-0.03185000,0.35452300,0.00376100,0.00167000,-0.00843000,0.99995600,0.01970400,0.78308800,-1.71819100,-0.01970400,0.70145800,-1.35062600,-0.02176400,0.71530200,-1.35236900,0.02176400,0.80858700,-1.74933800
2.22275200,-0.03099800,0.35434700,0.00283600,0.00194600,-0.00847000,0.99995821,0.02076300,0.87565900,-1.85519300,-0.02076300,0.67394800,-1.35261000,-0.02218300,0.68953100,-1.35747600,0.02218300,0.90158900,-1.88027100
2.21291800,-0.02947500,0.35428100,0.00160600,0.00302200,-0.00850200,0.99995800,0.02249600,0.89565000,-1.83269000,-0.02249600,0.64416300,-1.35294100,-0.02378000,0.66033700,-1.35894600,0.02378000,0.91917500,-1.84825100
2.20277800,-0.02745400,0.35390600,0.00042200,0.00423400,-0.00846800,0.99995509,0.02393400,0.86130900,-1.68952600,-0.02393400,0.61292600,-1.35265700,-0.02671500,0.62989600,-1.36048000,0.02671500,0.87998700,-1.69315500
2.19223000,-0.02507500,0.35322300,-0.00067100,0.00541400,-0.00833000,0.99995042,0.02413600,0.80859000,-1.50654100,-0.02413600,0.57960600,-1.35050000,-0.03070400,0.59799500,-1.36183200,0.03070400,0.82058500,-1.49632700
2.18102600,-0.02228700,0.35285000,-0.00217700,0.00506100,-0.00822100,0.99995103,0.02200300,0.78803600,-1.38965700,-0.02200300,0.54120000,-1.33579000,-0.03516300,0.56718000,-1.36337600,0.03516300,0.79427400,-1.36639300
2.16984300,-0.01929900,0.35044900,-0.00636300,0.00431100,-0.00767700,0.99994099,0.01347900,0.76748200,-1.38053200,-0.01347900,0.61158500,-1.44654100,-0.03804200,0.64357700,-1.49151900,0.03804200,0.78287800,-1.36851000
2.15881400,-0.01789100,0.34879000,-0.00633600,0.00388700,-0.00742400,0.99994481,0.01004300,0.74672200,-1.39863700,-0.01004300,0.73774600,-1.65818800,-0.04049200,0.77068000,-1.69791700,0.04049200,0.76207200,-1.38527900
2.14755300,-0.01790900,0.34888100,-0.00525900,0.00340600,-0.00741000,0.99995292,0.00882600,0.71659700,-1.40099700,-0.00882600,0.84728700,-1.83112800,-0.04119200,0.88039700,-1.86432300,0.04119200,0.73452400,-1.39192200
2.13601700,-0.01879500,0.34954200,-0.00361700,0.00358300,-0.00743100,0.99995943,0.00885700,0.68101600,-1.39697100,-0.00885700,0.90465600,-1.88537600,-0.03985400,0.93555300,-1.91033300,0.03985400,0.70162100,-1.39274200
2.12425500,-0.02021800,0.35005100,-0.00166100,0.00409700,-0.00742800,0.99996264,0.00968600,0.64279400,-1.39016800,-0.00968600,0.89480100,-1.78950600,-0.03506000,0.92053200,-1.80287800,0.03506000,0.66648500,-1.39183100
2.11287900,-0.02186300,0.35004000,0.00002200,0.00471400,-0.00750800,0.99996070,0.01203000,0.60366100,-1.38287400,-0.01203000,0.84782300,-1.61313800,-0.03024500,0.86635800,-1.61297600,0.03024500,0.63045000,-1.39105400
2.09983300,-0.02392300,0.34983700,0.00135100,0.00522800,-0.00764800,0.99995617,0.01579300,0.56150600,-1.37158700,-0.01579300,0.80595400,-1.44490100,-0.02714100,0.81579500,-1.42933900,0.02714100,0.59198200,-1.38811800
2.08699600,-0.02630000,0.34956700,0.00552600,0.00288900,-0.00812100,0.99994758,0.01764800,0.55245700,-1.37802400,-0.01764800,0.79065800,-1.37907100,-0.02925600,0.80722700,-1.37565400,0.02925600,0.59361900,-1.42514500
2.07459200,-0.02794900,0.34851000,0.00682000,0.00299300,-0.00844300,0.99993662,0.01786900,0.66214800,-1.54521800,-0.01786900,0.76341600,-1.39262800,-0.02721200,0.77801600,-1.38400000,0.02721200,0.70130100,-1.59047600
2.06206100,-0.02796900,0.34902900,0.00495200,0.00321400,-0.00789200,0.99995143,0.01664600,0.78454800,-1.74136500,-0.01664600,0.72876200,-1.39499900,-0.02250100,0.74259100,-1.38615900,0.02250100,0.82049700,-1.77414000
2.04926900,-0.02688300,0.34998200,0.00299800,0.00365100,-0.00726700,0.99996244,0.01634100,0.87395800,-1.85789100,-0.01634100,0.68916300,-1.39032100,-0.02071600,0.70396100,-1.38479500,0.02071600,0.90691500,-1.87993700
2.03611800,-0.02508400,0.35072700,0.00098100,0.00457300,-0.00683700,0.99996569,0.01720400,0.90038800,-1.83207600,-0.01720400,0.64633100,-1.38334400,-0.02101200,0.66246400,-1.38150700,0.02101200,0.92852700,-1.84204200
2.02263600,-0.02282900,0.35085800,-0.00054600,0.00552000,-0.00647600,0.99996365,0.01826800,0.87225700,-1.68302100,-0.01826800,0.60220400,-1.37564500,-0.02362900,0.62032100,-1.37885100,0.02362900,0.89363000,-1.67988000
2.00926100,-0.02034900,0.35049700,-0.00146500,0.00624600,-0.00616500,0.99996042,0.01858800,0.82707600,-1.49241500,-0.01858800,0.55523800,-1.36508200,-0.02859900,0.57653800,-1.37604600,0.02859900,0.84098600,-1.47636800
1.99333900,-0.01713400,0.35074200,-0.00263100,0.00567800,-0.00621800,0.99996109,0.01869500,0.80921900,-1.36908100,-0.01869500,0.49961300,-1.33808700,-0.03479900,0.52958600,-1.36784600,0.03479900,0.81681800,-1.34707400
1.97884500,-0.01425800,0.35293000,-0.00484000,0.00223100,-0.00769800,0.99995617,0.01872700,0.77502500,-1.35236700,-0.01872700,0.56787400,-1.42093600,-0.03900500,0.60777500,-1.47378100,0.03900500,0.78880200,-1.34804100
1.96400000,-0.01300000,0.35391300,-0.00471700,0.00289400,-0.00896800,0.99994447,0.01778600,0.73299700,-1.35348700,-0.01778600,0.69880300,-1.61644300,-0.03883100,0.73923500,-1.65958600,0.03883100,0.74423500,-1.34768900
1.94857100,-0.01326600,0.35444000,-0.00360800,0.00414400,-0.01010000,0.99993390,0.01905800,0.68825000,-1.35463000,-0.01905800,0.82225200,-1.78828300,-0.03861500,0.86176000,-1.81816800,0.03861500,0.69736600,-1.34776400
1.93253000,-0.01460100,0.35468300,-0.00194900,0.00533300,-0.01097300,0.99992367,0.02193500,0.64000700,-1.35225200,-0.02193500,0.89332600,-1.84009900,-0.03652700,0.92939000,-1.85699900,0.03652700,0.64912400,-1.34758500
1.91598300,-0.01659900,0.35454300,-0.00034500,0.00609600,-0.01157200,0.99991440,0.02645200,0.58862200,-1.34499700,-0.02645200,0.89533700,-1.74006400,-0.03191700,0.92552500,-1.74395700,0.03191700,0.60035900,-1.34707900
1.89890000,-0.01894500,0.35385800,0.00095500,0.00627500,-0.01196100,0.99990832,0.03228800,0.53432800,-1.33278500,-0.03228800,0.85785900,-1.55435800,-0.02791900,0.88010800,-1.54614600,0.02791900,0.55099800,-1.34629400
1.88083900,-0.02146700,0.35309300,0.00203400,0.00589600,-0.01219100,0.99990624,0.03887700,0.47352200,-1.31061900,-0.03887700,0.82347600,-1.37218700,-0.02617500,0.83745300,-1.35356700,0.02617500,0.49704800,-1.34021600
1.86249400,-0.02420200,0.35452300,0.00409600,0.00105200,-0.01112200,0.99992921,0.03827500,0.46114900,-1.30788400,-0.03827500,0.80806900,-1.31523200,-0.02076000,0.82751000,-1.31862200,0.02076000,0.50067300,-1.37475000
1.84576500,-0.02571700,0.35521700,0.00480200,-0.00013300,-0.01029500,0.99993547,0.03478500,0.59048500,-1.49179300,-0.03478500,0.76666000,-1.32245200,-0.01644700,0.78968500,-1.33396700,0.01644700,0.63449200,-1.55997100
1.82734900,-0.02573000,0.35492500,0.00457700,0.00084900,-0.00981700,0.99994098,0.03474600,0.73326700,-1.70579600,-0.03474600,0.72346800,-1.33565100,-0.01530300,0.74467700,-1.34531300,0.01530300,0.77752800,-1.75991900
1.80978800,-0.02449500,0.35461400,0.00343200,0.00170500,-0.00949700,0.99994756,0.03535400,0.84235400,-1.83721300,-0.03535400,0.67636200,-1.34196400,-0.01577000,0.69799900,-1.35353200,0.01577000,0.88458700,-1.87883700
1.79206400,-0.02252200,0.35441900,0.00204800,0.00278000,-0.00931800,0.99995062,0.03614600,0.88333200,-1.81559000,-0.03614600,0.62448300,-1.34160800,-0.01778200,0.64705200,-1.35583400,0.01778200,0.92036700,-1.84418300
1.77413200,-0.02015400,0.35387300,0.00050200,0.00370800,-0.00925900,0.99995013,0.03623100,0.86959200,-1.66945800,-0.03623100,0.56926800,-1.33581700,-0.02055100,0.59419000,-1.35546400,0.02055100,0.89828900,-1.68314200
1.75566800,-0.01759500,0.35295800,-0.00090700,0.00443900,-0.00921100,0.99994731,0.03564900,0.83696700,-1.48067700,-0.03564900,0.50966300,-1.32373700,-0.02405300,0.53766600,-1.35090400,0.02405300,0.85497000,-1.47728600
1.73622100,-0.01489800,0.35243300,-0.00222100,0.00316300,-0.00921800,0.99995004,0.03266600,0.83147000,-1.34449500,-0.03266600,0.44201600,-1.29193600,-0.02825500,0.47933700,-1.34061500,0.02825500,0.84192200,-1.33349800
1.71723000,-0.01209300,0.35151300,-0.00672800,0.00210700,-0.00865300,0.99993771,0.02902500,0.80352500,-1.34479000,-0.02902500,0.52936000,-1.40111100,-0.03394100,0.57257600,-1.47080300,0.03394100,0.81897000,-1.34908500
1.69882100,-0.01102800,0.35093500,-0.00576100,0.00276500,-0.00866500,0.99994204,0.02612200,0.76225700,-1.36529600,-0.02612200,0.67573500,-1.62030000,-0.03599000,0.71609000,-1.67383700,0.03599000,0.77542200,-1.36551000
1.68068100,-0.01139700,0.35122100,-0.00388400,0.00313100,-0.00907400,0.99994639,0.02549400,0.71351200,-1.37047700,-0.02549400,0.80647200,-1.80200200,-0.03613600,0.84434400,-1.84140700,0.03613600,0.72779100,-1.37368800
1.66257600,-0.01260000,0.35171600,-0.00185200,0.00382600,-0.00934400,0.99994731,0.02647200,0.65980000,-1.36781200,-0.02647200,0.88325400,-1.85988000,-0.03395900,0.91715400,-1.88690200,0.03395900,0.67590200,-1.37523700
1.64440600,-0.01426000,0.35189100,-0.00006100,0.00464300,-0.00945000,0.99994457,0.02891200,0.60295000,-1.36002900,-0.02891200,0.89271600,-1.76765100,-0.02897300,0.92025400,-1.78086500,0.02897300,0.62144600,-1.37278600
1.62600900,-0.01611300,0.35151400,0.00134700,0.00529300,-0.00950100,0.99993995,0.03253000,0.54350100,-1.34771400,-0.03253000,0.86306400,-1.58789700,-0.02416100,0.88209800,-1.58695100,0.02416100,0.56499600,-1.36743400
1.60691300,-0.01800900,0.35099100,0.00233200,0.00542000,-0.00950400,0.99993743,0.03701200,0.47852200,-1.32592600,-0.03701200,0.83534600,-1.40830500,-0.02130400,0.84551300,-1.39452100,0.02130400,0.50437300,-1.35607900
1.58720300,-0.02001400,0.35101400,0.00430400,0.00125200,-0.00967800,0.99994312,0.03775800,0.46638000,-1.32691900,-0.03775800,0.83448900,-1.33785500,-0.01968600,0.84863300,-1.34481700,0.01968600,0.50382100,-1.39647400
1.56814300,-0.02093500,0.35038200,0.00482800,0.00168700,-0.01026900,0.99993419,0.03387600,0.60041500,-1.51826400,-0.03387600,0.79418700,-1.35819400,-0.01854900,0.80812600,-1.36486500,0.01854900,0.63869000,-1.57976400
1.54965600,-0.02030100,0.34988700,0.00373300,0.00313700,-0.01027100,0.99993536,0.03315100,0.74384800,-1.73452200,-0.03315100,0.74859700,-1.37461500,-0.01784700,0.76089600,-1.37860000,0.01784700,0.78273100,-1.77929300
1.53244800,-0.01863500,0.34986300,0.00226700,0.00395700,-0.01007300,0.99993887,0.03333800,0.84971100,-1.86527200,-0.03333800,0.70092200,-1.37899800,-0.01898100,0.71461900,-1.38622200,0.01898100,0.88805600,-1.89821300
1.51360300,-0.01608000,0.35009000,0.00083000,0.00476600,-0.00999700,0.99993833,0.03503900,0.89564600,-1.84985300,-0.03503900,0.64374900,-1.37479200,-0.02261200,0.66020700,-1.38779100,0.02261200,0.93085300,-1.87179400
1.49568100,-0.01327000,0.35004400,-0.00045100,0.00536500,-0.01002400,0.99993526,0.03626000,0.88192900,-1.70424800,-0.03626000,0.58633000,-1.36444100,-0.02725100,0.60648600,-1.38538100,0.02725100,0.91081800,-1.71448000
1.47742500,-0.01030400,0.34971700,-0.00150700,0.00606300,-0.01004600,0.99993002,0.03653100,0.84819200,-1.51302100,-0.03653100,0.52487400,-1.34827300,-0.03264200,0.54831500,-1.37714000,0.03264200,0.86746300,-1.50862900
1.45934900,-0.00736300,0.34969000,-0.00246900,0.00499500,-0.01019700,0.99993249,0.03610100,0.83925900,-1.36903900,-0.03610100,0.45636500,-1.31443200,-0.03880300,0.48868700,-1.36354200,0.03880300,0.85235300,-1.35693200
1.43947100,-0.00445900,0.34912900,-0.00380200,0.00383400,-0.00999800,0.99993544,0.03018600,0.81604300,-1.36419000,-0.03018600,0.54210100,-1.43098300,-0.04205400,0.57987800,-1.49179600,0.04205400,0.83141900,-1.36814000
1.42211400,-0.00348900,0.34825200,-0.00337500,0.00526200,-0.01017900,0.99992865,0.02908600,0.77487600,-1.38659700,-0.02908600,0.68604600,-1.65236900,-0.04122200,0.72690600,-1.69570900,0.04122200,0.78727000,-1.38608200
1.40436100,-0.00397600,0.34789400,-0.00226100,0.00571100,-0.01040300,0.99992702,0.03053600,0.72869700,-1.39515000,-0.03053600,0.81526100,-1.83664600,-0.04128100,0.85915400,-1.86933000,0.04128100,0.74308700,-1.39882200
1.38601200,-0.00558000,0.34810800,-0.00133800,0.00588000,-0.01049200,0.99992677,0.03469700,0.67765400,-1.39291500,-0.03469700,0.89048800,-1.89481700,-0.03930700,0.93457500,-1.92070900,0.03930700,0.69599300,-1.40435600
1.36861500,-0.00773000,0.34844800,-0.00021800,0.00618900,-0.01046700,0.99992604,0.03988000,0.62237400,-1.38283600,-0.03988000,0.89802700,-1.80095400,-0.03460000,0.93799800,-1.81754600,0.03460000,0.64544600,-1.40398400
1.35110500,-0.01024700,0.34848700,0.00097000,0.00649300,-0.01048000,0.99992353,0.04591500,0.56405900,-1.36701400,-0.04591500,0.86762900,-1.62097300,-0.02971700,0.89935500,-1.62535300,0.02971700,0.59220000,-1.39959900
1.33303200,-0.01299700,0.34850500,0.00218200,0.00679300,-0.01043600,0.99992009,0.05241900,0.50006300,-1.34250600,-0.05241900,0.84125900,-1.44515100,-0.02691700,0.86220400,-1.43462000,0.02691700,0.53371600,-1.38831900
1.31440300,-0.01603100,0.34827200,0.00436300,0.00410800,-0.01041900,0.99992776,0.05534100,0.48246500,-1.34523000,-0.05534100,0.83332100,-1.36222500,-0.03584600,0.86005900,-1.36742500,0.03584600,0.52663500,-1.42028200
1.29651100,-0.01792500,0.34607300,0.00570800,0.00429300,-0.01034900,0.99992094,0.05059600,0.62564000,-1.55748200,-0.05059600,0.80068600,-1.39497900,-0.03557800,0.82481800,-1.39656200,0.03557800,0.67171300,-1.62340000
1.27906400,-0.01782400,0.34530000,0.00504400,0.00458100,-0.01032600,0.99992347,0.04954300,0.76588400,-1.77207600,-0.04954300,0.75979000,-1.41168800,-0.03475100,0.78451600,-1.41437000,0.03475100,0.81490800,-1.82570500
1.26186900,-0.01634000,0.34564400,0.00365700,0.00444200,-0.01032100,0.99993018,0.04983500,0.86922800,-1.89762700,-0.04983500,0.71085100,-1.41191500,-0.03600800,0.73992600,-1.42266300,0.03600800,0.91931900,-1.94264300
1.24469200,-0.01400100,0.34649600,0.00204900,0.00472000,-0.01030700,0.99993364,0.05030900,0.90503900,-1.87063500,-0.05030900,0.65572600,-1.40205300,-0.03891700,0.68944100,-1.42224600,0.03891700,0.95177500,-1.90481400
1.22744300,-0.01113100,0.34712200,0.00035400,0.00514800,-0.01021800,0.99993448,0.05038700,0.88803700,-1.72159100,-0.05038700,0.59732700,-1.38624700,-0.04288600,0.63591100,-1.41747400,0.04288600,0.92709300,-1.74196600
1.20979800,-0.00791600,0.34742100,-0.00133700,0.00584900,-0.01009200,0.99993107,0.04972600,0.85367800,-1.53228300,-0.04972600,0.53481100,-1.36498400,-0.04769900,0.57787800,-1.40759100,0.04769900,0.88109500,-1.53417500
1.19131000,-0.00434300,0.34801200,-0.00301300,0.00494800,-0.01019900,0.99993121,0.04740800,0.84629600,-1.39430600,-0.04740800,0.46520900,-1.32662600,-0.05387600,0.51847000,-1.39298100,0.05387600,0.86407100,-1.38160400
1.17317900,-0.00065800,0.34594100,-0.00740200,0.00453800,-0.00998500,0.99991245,0.03321500,0.81492500,-1.38807100,-0.03321500,0.55554800,-1.44979400,-0.05644700,0.60957000,-1.52940700,0.05644700,0.84384000,-1.39160600
1.15574400,0.00106100,0.34467900,-0.00701700,0.00508200,-0.01026100,0.99990982,0.02975400,0.77957400,-1.41486100,-0.02975400,0.70026900,-1.67146500,-0.05766300,0.75317500,-1.73438600,0.05766300,0.80415200,-1.41132700
1.13851300,0.00098800,0.34532300,-0.00553900,0.00473500,-0.01057200,0.99991756,0.02913000,0.73232000,-1.41738800,-0.02913000,0.82482900,-1.84573700,-0.05719400,0.87714000,-1.89643500,0.05719400,0.75944900,-1.41912300
1.12127300,-0.00012500,0.34655200,-0.00355400,0.00464100,-0.01078400,0.99992476,0.03006000,0.67808100,-1.40801300,-0.03006000,0.89585500,-1.89564500,-0.05379700,0.94506600,-1.93553400,0.05379700,0.70975200,-1.41902300
1.10391200,-0.00186200,0.34759900,-0.00151900,0.00490600,-0.01099200,0.99992640,0.03253200,0.61996700,-1.39252000,-0.03253200,0.90089200,-1.79728100,-0.04675200,0.94332800,-1.82343400,0.04675200,0.65632300,-1.41395600
1.08628900,-0.00395300,0.34807300,0.00028600,0.00548400,-0.01121800,0.99992200,0.03645900,0.55923500,-1.37379100,-0.03645900,0.86979100,-1.61667000,-0.03902700,0.90154000,-1.62560700,0.03902700,0.59972000,-1.40554700
1.06796900,-0.00627700,0.34832500,0.00191800,0.00597700,-0.01132700,0.99991614,0.04122900,0.49313800,-1.34731300,-0.04122900,0.84234800,-1.43937800,-0.03314200,0.86096600,-1.42820500,0.03314200,0.53853000,-1.39161100
1.04907900,-0.00897400,0.34865400,0.00612900,0.00327700,-0.01158900,0.99990869,0.04237200,0.47746200,-1.34801200,-0.04237200,0.83346300,-1.36300700,-0.03605900,0.85500700,-1.36612100,0.03605900,0.53362600,-1.42288700
1.03090500,-0.01061300,0.34783300,0.00753900,0.00371000,-0.01169000,0.99989637,0.04034100,0.61063100,-1.53522400,-0.04034100,0.79535000,-1.38614700,-0.03425600,0.81397600,-1.38299100,0.03425600,0.66478000,-1.60288700
1.01296300,-0.01032200,0.34780800,0.00573500,0.00429600,-0.01129499,0.99991053,0.03862700,0.75256900,-1.74798400,-0.03862700,0.74963100,-1.39734300,-0.03068000,0.76822700,-1.39493500,0.03068000,0.80436300,-1.79695600
0.99515500,-0.00874900,0.34831400,0.00377500,0.00467800,-0.01092000,0.99992231,0.03843900,0.86012800,-1.87817500,-0.03843900,0.69808800,-1.39696800,-0.03032600,0.71921200,-1.40013400,0.03032600,0.90920300,-1.91333900
0.97737100,-0.00644400,0.34891000,0.00165600,0.00505700,-0.01069700,0.99992863,0.03899200,0.90116300,-1.85877000,-0.03899200,0.64210900,-1.38820900,-0.03172500,0.66737200,-1.40014700,0.03172500,0.94466200,-1.88071400
0.95952900,-0.00374300,0.34913900,-0.00012200,0.00537100,-0.01056600,0.99992975,0.03923500,0.88592800,-1.71150100,-0.03923500,0.58350100,-1.37419400,-0.03488000,0.61345000,-1.39657300,0.03488000,0.92054100,-1.71870800
0.94130600,-0.00084900,0.34900600,-0.00157600,0.00568100,-0.01047900,0.99992771,0.03913300,0.85217000,-1.52151700,-0.03913300,0.52107000,-1.35444200,-0.03917800,0.55572800,-1.38818300,0.03917800,0.87505800,-1.51209300
0.92222200,0.00224800,0.34916100,-0.00309700,0.00374100,-0.01062400,0.99993177,0.03766900,0.84639300,-1.38548500,-0.03766900,0.45177600,-1.31542300,-0.04426800,0.49848200,-1.37648800,0.04426800,0.86233400,-1.36824900
0.90347100,0.00542900,0.34750100,-0.00875400,0.00190600,-0.01022700,0.99990757,0.02881100,0.81973700,-1.37691700,-0.02881100,0.53564900,-1.43297200,-0.04988000,0.58943300,-1.51521500,0.04988000,0.84805200,-1.37871600
0.88528700,0.00688200,0.34611600,-0.00849100,0.00234700,-0.01005100,0.99991068,0.02584100,0.78236500,-1.40379900,-0.02584100,0.68222700,-1.65598500,-0.05331400,0.73452700,-1.72360400,0.05331400,0.80875900,-1.40134500
0.86734300,0.00673100,0.34638900,-0.00672700,0.00226300,-0.01016400,0.99992316,0.02466900,0.73417800,-1.40912300,-0.02466900,0.81077600,-1.83636700,-0.05374000,0.86119400,-1.88951800,0.05374000,0.76353200,-1.41213400
0.84943400,0.00567800,0.34725700,-0.00453600,0.00258000,-0.01022900,0.99993407,0.02481300,0.67924100,-1.40344000,-0.02481300,0.88590100,-1.89182600,-0.05102500,0.93171400,-1.93106200,0.05102500,0.71233600,-1.41380800
0.83232600,0.00421500,0.34799500,-0.00233200,0.00333100,-0.01028200,0.99993887,0.02587200,0.62302100,-1.39219700,-0.02587200,0.89585200,-1.80540200,-0.04460800,0.93400300,-1.82837500,0.04460800,0.65931000,-1.40958200
0.81318600,0.00235500,0.34827800,-0.00023400,0.00429800,-0.01039800,0.99993668,0.02839500,0.55803500,-1.37540900,-0.02839500,0.86860900,-1.62243800,-0.03640800,0.89453900,-1.62392100,0.03640800,0.59745200,-1.40067800
0.79426800,0.00048600,0.34836700,0.00136200,0.00488600,-0.01049300,0.99993208,0.03184100,0.49070900,-1.35045300,-0.03184100,0.84458800,-1.44772100,-0.03003200,0.85707800,-1.42707500,0.03003200,0.53413700,-1.38611800
0.77497200,-0.00173500,0.34841100,0.00746600,0.00107500,-0.01100900,0.99991095,0.03098400,0.47680500,-1.34881100,-0.03098400,0.83648100,-1.36716200,-0.03339600,0.85852100,-1.37144700,0.03339600,0.53205700,-1.42477000
0.75649700,-0.00333400,0.34658000,0.01124600,0.00216400,-0.01128700,0.99987072,0.03506200,0.61026300,-1.53495800,-0.03506200,0.79948700,-1.39881400,-0.03566100,0.81736300,-1.39097700,0.03566100,0.66461500,-1.61334600
0.73812900,-0.00296800,0.34684500,0.00803000,0.00218800,-0.01088600,0.99990611,0.03460200,0.75237400,-1.74516100,-0.03460200,0.75201600,-1.40771800,-0.02934500,0.77135200,-1.40292300,0.02934500,0.80066500,-1.80384500
0.72069100,-0.00156400,0.34784600,0.00518700,0.00235200,-0.01035700,0.99993015,0.03355200,0.85968200,-1.87253100,-0.03355200,0.69693900,-1.40326300,-0.02674300,0.71912200,-1.40490300,0.02674300,0.90245400,-1.91451300
0.70126800,0.00062900,0.34893600,0.00257200,0.00306800,-0.01003000,0.99994168,0.03367500,0.90106600,-1.85067300,-0.03367500,0.63676800,-1.39192100,-0.02632100,0.66163700,-1.39983100,0.02632100,0.93633600,-1.87623700
0.68259200,0.00292600,0.34942500,0.00029500,0.00399400,-0.00978100,0.99994414,0.03372100,0.88673600,-1.70296900,-0.03372100,0.57397700,-1.37676200,-0.02704500,0.60109900,-1.39053800,0.02704500,0.91205300,-1.71025400
0.66344200,0.00521500,0.34939100,-0.00132900,0.00478900,-0.00954100,0.99994213,0.03312400,0.85368900,-1.51156500,-0.03312400,0.50772000,-1.35639700,-0.02898900,0.53701700,-1.37649200,0.02898900,0.86696500,-1.49928400
0.64334700,0.00749000,0.34960600,-0.00248600,0.00311900,-0.00945400,0.99994736,0.03076500,0.84497800,-1.36625600,-0.03076500,0.43482200,-1.31633000,-0.03212000,0.47332900,-1.35829000,0.03212000,0.85176300,-1.35448200
0.62390200,0.00980700,0.34963300,-0.00628500,0.00235500,-0.00896700,0.99993727,0.02634200,0.82206700,-1.36060000,-0.02634200,0.52016600,-1.42281600,-0.03880400,0.56527300,-1.48466100,0.03880400,0.82280800,-1.36518200
0.60505900,0.01043900,0.34964700,-0.00545600,0.00371300,-0.00942300,0.99993382,0.02548400,0.77617400,-1.37697600,-0.02548400,0.66385600,-1.63548100,-0.04043000,0.70856700,-1.68088500,0.04043000,0.77286700,-1.37594300
0.58667100,0.00969900,0.35009400,-0.00343100,0.00405200,-0.01016800,0.99993421,0.02600800,0.72575800,-1.38000100,-0.02600800,0.79251500,-1.81123800,-0.04059700,0.83662300,-1.84378500,0.04059700,0.72359000,-1.38284700
0.56846700,0.00815800,0.35066200,-0.00135700,0.00442400,-0.01075800,0.99993142,0.02834100,0.67151800,-1.37536700,-0.02834100,0.86848400,-1.86368100,-0.03882600,0.90944800,-1.88536400,0.03882600,0.67160300,-1.38409000
0.55028200,0.00616600,0.35094000,0.00042700,0.00493100,-0.01114400,0.99992565,0.03220900,0.61447000,-1.36580300,-0.03220900,0.87714600,-1.76448900,-0.03423200,0.91175000,-1.77419300,0.03423200,0.61717600,-1.38114100
0.53196100,0.00399700,0.35065600,0.00159300,0.00545200,-0.01138900,0.99991901,0.03724100,0.55831600,-1.35365700,-0.03724100,0.85034300,-1.59063200,-0.03049200,0.87604400,-1.58829700,0.03049200,0.56326800,-1.37510100
0.51302200,0.00181000,0.35022600,0.00243700,0.00580400,-0.01154599,0.99991353,0.04365100,0.49069200,-1.33163400,-0.04365100,0.82331900,-1.39927900,-0.02877700,0.83829500,-1.38441300,0.02877700,0.49869500,-1.36141200
0.49432500,-0.00033500,0.35225300,0.00351700,0.00106800,-0.01009800,0.99994226,0.04370100,0.47354300,-1.32270000,-0.04370100,0.80696600,-1.33811700,-0.02355900,0.82789500,-1.34592800,0.02355900,0.49723300,-1.38950600
0.47667000,-0.00142600,0.35366600,0.00409100,0.00032400,-0.00863400,0.99995431,0.03893300,0.59844600,-1.49707300,-0.03893300,0.75971800,-1.33636600,-0.01927200,0.78270100,-1.35219000,0.01927200,0.62773700,-1.56290400
0.45915600,-0.00108600,0.35397000,0.00362900,0.00154300,-0.00749600,0.99996413,0.03828200,0.73743300,-1.70260500,-0.03828200,0.71220000,-1.34192300,-0.01765500,0.73258800,-1.35653100,0.01765500,0.76856600,-1.75506900
0.44166100,0.00035400,0.35403800,0.00259700,0.00249000,-0.00662000,0.99997162,0.03827700,0.84515600,-1.83085700,-0.03827700,0.66258200,-1.34294900,-0.01838700,0.68253200,-1.35962600,0.01838700,0.87615000,-1.87216200
0.42400000,0.00245200,0.35391900,0.00128900,0.00357000,-0.00610600,0.99997415,0.03885100,0.88705300,-1.81180200,-0.03885100,0.60951900,-1.33951500,-0.02079800,0.63007100,-1.35941400,0.02079800,0.91486100,-1.84092700
0.40610700,0.00489700,0.35336200,-0.00011100,0.00440700,-0.00584500,0.99997320,0.03877200,0.87280500,-1.66621200,-0.03877200,0.55357800,-1.33123300,-0.02419200,0.57628800,-1.35710000,0.02419200,0.89462700,-1.68130400
0.38768100,0.00747200,0.35243500,-0.00140500,0.00495700,-0.00572900,0.99997032,0.03775000,0.83891600,-1.47654500,-0.03775000,0.49337800,-1.31659400,-0.02827600,0.51928700,-1.35079900,0.02827600,0.85239600,-1.47604200
0.36821700,0.01016500,0.35196800,-0.00274900,0.00383200,-0.00580400,0.99997204,0.03473000,0.83043300,-1.33642200,-0.03473000,0.42445800,-1.28251000,-0.03285800,0.45915700,-1.33739800,0.03285800,0.83733000,-1.33580700
0.34954700,0.01278300,0.35223900,-0.00503700,0.00228700,-0.00552300,0.99996945,0.03333700,0.80558100,-1.33458900,-0.03333700,0.51352900,-1.39474700,-0.03821500,0.55429700,-1.46523300,0.03821500,0.80993200,-1.35019800
0.33124900,0.01358900,0.35170200,-0.00427700,0.00331600,-0.00563400,0.99996948,0.03165700,0.76386200,-1.35452300,-0.03165700,0.66016800,-1.61766400,-0.03832300,0.70301800,-1.67072700,0.03832300,0.76479500,-1.36488600
