3.54386300,0.26952400,0.34161500,-0.00199700,0.00001600,0.06498097,0.99788451,-0.02509400,0.78847800,-1.43971300,0.02509400,0.85473100,-1.86448800,0.07742600,0.92025700,-1.77108500,-0.07742600,0.83804200,-1.42509000
3.56547700,0.27268500,0.34134400,-0.00249000,-0.00131300,0.06479000,0.99789495,-0.02484200,0.85276300,-1.42454500,0.02484200,0.68425600,-1.66348100,0.07224300,0.76003900,-1.60075400,-0.07224300,0.89934900,-1.40593700
3.58859000,0.27589600,0.34042900,-0.00313200,-0.00061400,0.06432001,0.99792422,-0.02405700,0.91556700,-1.40548200,0.02405700,0.51739300,-1.48256000,0.06493200,0.60683400,-1.45264200,-0.06493200,0.95158400,-1.37162200
3.61282500,0.27928900,0.33797000,-0.00551300,0.00377800,0.06347401,0.99796111,-0.01995500,0.94191300,-1.47438200,0.01995500,0.50789300,-1.45041700,0.05234000,0.59222200,-1.40280100,-0.05234000,0.95801400,-1.41359700
3.63660800,0.28187900,0.33682300,-0.00395700,0.00218400,0.06354598,0.99796868,-0.01717500,0.97695400,-1.68497600,0.01717500,0.60578400,-1.48414800,0.05092900,0.68252800,-1.42385400,-0.05092900,1.00879700,-1.65193800
3.65856100,0.28360200,0.33785200,-0.00234000,0.00129700,0.06347798,0.99797965,-0.01474700,1.00207000,-1.87202000,0.01474700,0.68367200,-1.49033000,0.05090900,0.74893100,-1.41231100,-0.05090900,1.04848000,-1.86412300
3.67968800,0.28496600,0.33939300,-0.00058400,0.00067100,0.06329603,0.99799440,-0.01279200,0.97916500,-1.95934800,0.01279200,0.75087900,-1.48328500,0.05118000,0.80274100,-1.38553300,-0.05118000,1.03405500,-1.96878700
3.70045200,0.28625100,0.34060900,0.00085700,-0.00033400,0.06317500,0.99800204,-0.01040600,0.87811600,-1.89371900,0.01040600,0.81279100,-1.46855200,0.05228100,0.85189300,-1.35359800,-0.05228100,0.93983800,-1.91803100
3.72120200,0.28770600,0.34081400,0.00162700,-0.00207300,0.06328500,0.99799202,-0.00901500,0.72322000,-1.71678600,0.00901500,0.87328900,-1.44955300,0.05487700,0.90204000,-1.32268700,-0.05487700,0.79092700,-1.75676700
3.74257700,0.28947400,0.34014300,0.00119300,-0.00394300,0.06360099,0.99796690,-0.00866100,0.55255300,-1.51135200,0.00866100,0.93229200,-1.42472000,0.05982100,0.95131700,-1.28781600,-0.05982100,0.62545100,-1.56548500
3.76495000,0.29144100,0.33929500,-0.00000100,-0.00106400,0.06355897,0.99797752,-0.01132000,0.41306700,-1.37992700,0.01132000,0.98355400,-1.40769900,0.06384900,0.97787900,-1.23746500,-0.06384900,0.48729100,-1.42830000
3.78818000,0.29422000,0.33689600,-0.00186100,-0.00078900,0.06401400,0.99794695,-0.01491100,0.51073300,-1.42501700,0.01491100,1.00006400,-1.59315900,0.06846600,1.00808800,-1.43420500,-0.06846600,0.58149300,-1.45936300
3.80984000,0.29759100,0.33746300,-0.00136900,-0.00118700,0.06444597,0.99791955,-0.01831400,0.59278100,-1.44667600,0.01831400,1.04094000,-1.81545500,0.07628200,1.07123500,-1.67450900,-0.07628200,0.66122600,-1.47283300
3.83051200,0.30128300,0.33904800,-0.00065400,-0.00042600,0.06508702,0.99787929,-0.02368100,0.66190400,-1.45282400,0.02368100,1.04899800,-1.97335800,0.08031800,1.09422000,-1.84492400,-0.08031800,0.72409900,-1.46387100
3.85101300,0.30492600,0.34068200,-0.00103200,0.00027300,0.06578601,0.99783318,-0.02670100,0.72553700,-1.45007400,0.02670100,0.98872400,-1.99319700,0.08075900,1.04415900,-1.87724000,-0.08075900,0.77990900,-1.44460800
3.87177700,0.30835400,0.34155500,-0.00191600,-0.00015500,0.06612397,0.99780956,-0.02727700,0.78857600,-1.44082900,0.02727700,0.85374600,-1.86560900,0.07924900,0.91799500,-1.77029000,-0.07924900,0.83727100,-1.42491700
3.89329100,0.31163100,0.34129300,-0.00254500,-0.00142600,0.06593498,0.99781966,-0.02701000,0.85285100,-1.42628800,0.02701000,0.68378200,-1.66428400,0.07367500,0.75833100,-1.60006700,-0.07367500,0.89805500,-1.40559200
3.91630400,0.31500200,0.34040100,-0.00337700,-0.00076200,0.06545298,0.99784965,-0.02620700,0.91577800,-1.40768000,0.02620700,0.51719500,-1.48293200,0.06599900,0.60591400,-1.45228500,-0.06599900,0.95001400,-1.37121200
3.94048800,0.31859900,0.33809300,-0.00588300,0.00394600,0.06457498,0.99788771,-0.02197200,0.94186200,-1.47657800,0.02197200,0.50758700,-1.45088300,0.05308100,0.59249900,-1.40253700,-0.05308100,0.95565000,-1.41246200
3.96428600,0.32136100,0.33697600,-0.00423200,0.00265600,0.06464200,0.99789601,-0.01892400,0.97690800,-1.68675000,0.01892400,0.60515500,-1.48497100,0.05104000,0.68176700,-1.42250700,-0.05104000,1.00592400,-1.64947500
3.98628200,0.32326600,0.33804800,-0.00275500,0.00184800,0.06457901,0.99790708,-0.01614600,1.00188000,-1.87315300,0.01614600,0.68286400,-1.49065600,0.05086900,0.74791700,-1.41051000,-0.05086900,1.04542400,-1.86108100
4.00748100,0.32481500,0.33960600,-0.00115800,0.00120000,0.06441200,0.99792200,-0.01384900,0.97888400,-1.96003400,0.01384900,0.75007300,-1.48297100,0.05108100,0.80194800,-1.38369700,-0.05108100,1.03099500,-1.96551700
4.02836000,0.32630100,0.34081600,0.00023100,0.00015200,0.06431497,0.99792961,-0.01104700,0.87772300,-1.89394500,0.01104700,0.81211900,-1.46766100,0.05190400,0.85152200,-1.35184900,-0.05190400,0.93695800,-1.91491600
4.04924800,0.32797800,0.34099900,0.00107200,-0.00164200,0.06444701,0.99791920,-0.00910900,0.72261200,-1.71640000,0.00910900,0.87288100,-1.44814100,0.05394700,0.90219400,-1.32096400,-0.05394700,0.78824900,-1.75403700
4.07078300,0.32997800,0.34028800,0.00081800,-0.00354400,0.06480900,0.99789106,-0.00849000,0.55168000,-1.51034500,0.00849000,0.93218800,-1.42277000,0.05810300,0.95197800,-1.28602000,-0.05810300,0.62300400,-1.56335800
4.09333000,0.33219100,0.33941100,-0.00031700,-0.00024100,0.06482802,0.99789637,-0.01076700,0.41244400,-1.38065000,0.01076700,0.98350800,-1.40637300,0.06144000,0.97731800,-1.23462400,-0.06144000,0.48502900,-1.42819200
4.11674300,0.33507000,0.33693000,-0.00221100,0.00008100,0.06545202,0.99785326,-0.01445700,0.51215000,-1.42854800,0.01445700,1.00079400,-1.59249400,0.06621600,1.00862300,-1.43300200,-0.06621600,0.57931000,-1.45810700
4.13853300,0.33847000,0.33749600,-0.00174500,-0.00034100,0.06595998,0.99782069,-0.01774700,0.59455400,-1.44987500,0.01774700,1.04193300,-1.81508200,0.07384000,1.07232300,-1.67432700,-0.07384000,0.65964800,-1.47175400
4.15931300,0.34214700,0.33912500,-0.00090200,0.00034900,0.06663599,0.99777688,-0.02311600,0.66371500,-1.45494500,0.02311600,1.04997700,-1.97290300,0.07782200,1.09528800,-1.84494800,-0.07782200,0.72305700,-1.46282300
4.17993800,0.34573800,0.34079700,-0.00116400,0.00088900,0.06735998,0.99772766,-0.02595100,0.72735500,-1.45076700,0.02595100,0.98946300,-1.99243500,0.07831400,1.04508300,-1.87757700,-0.07831400,0.77971900,-1.44379800
4.20085000,0.34909500,0.34168600,-0.00180700,0.00031100,0.06769801,0.99770417,-0.02648500,0.79033800,-1.43998200,0.02648500,0.85400300,-1.86466400,0.07698600,0.91844900,-1.77074100,-0.07698600,0.83808800,-1.42453300
4.22254400,0.35227600,0.34141800,-0.00222000,-0.00103200,0.06747301,0.99771810,-0.02599100,0.85452200,-1.42403600,0.02599100,0.68360600,-1.66328800,0.07166000,0.75822400,-1.60037400,-0.07166000,0.89968500,-1.40540700
4.24575900,0.35552700,0.34049000,-0.00282500,-0.00028000,0.06692998,0.99775364,-0.02492200,0.91722700,-1.40433400,0.02492200,0.51662700,-1.48233800,0.06413800,0.60508600,-1.45207500,-0.06413800,0.95193200,-1.37083500
4.27013100,0.35909900,0.33818100,-0.00593700,0.00534000,0.06587997,0.99779560,-0.02000700,0.94334300,-1.47520600,0.02000700,0.50711100,-1.45369400,0.05008600,0.59152200,-1.40082600,-0.05008600,0.95473000,-1.40892500
4.29416400,0.36200000,0.33701600,-0.00541200,0.00416200,0.06603898,0.99779369,-0.01718700,0.98073900,-1.68984800,0.01718700,0.60533900,-1.48785600,0.05021100,0.68125100,-1.42104800,-0.05021100,1.00411800,-1.64449500
4.31632800,0.36410700,0.33822400,-0.00405300,0.00343800,0.06601901,0.99780421,-0.01375900,1.00627600,-1.87585700,0.01375900,0.68300800,-1.49228400,0.04991400,0.74696900,-1.40756700,-0.04991400,1.04421300,-1.85663800
4.33752300,0.36600700,0.33995700,-0.00285200,0.00293500,0.06582598,0.99782273,-0.01069200,0.98459500,-1.96224300,0.01069200,0.74907500,-1.48272900,0.05001000,0.79995000,-1.37931800,-0.05001000,1.03062600,-1.96094600
4.35815600,0.36804500,0.34126500,-0.00205400,0.00202800,0.06573699,0.99783281,-0.00709700,0.88674800,-1.89700000,0.00709700,0.80931900,-1.46571400,0.05048100,0.84862400,-1.34747300,-0.05048100,0.93839400,-1.91054600
4.37841700,0.37052100,0.34143600,-0.00187400,0.00066300,0.06588103,0.99782550,-0.00394900,0.73843900,-1.72259200,0.00394900,0.86736000,-1.44605800,0.05128500,0.89769800,-1.31824300,-0.05128500,0.79397200,-1.75184200
4.39888200,0.37362100,0.34053800,-0.00260500,-0.00043900,0.06621300,0.99780201,-0.00200600,0.57677100,-1.52455400,0.00200600,0.92361400,-1.42351600,0.05257100,0.94554900,-1.28747500,-0.05257100,0.63482400,-1.56674300
4.41986700,0.37724000,0.33920800,-0.00482700,0.00438100,0.06633999,0.99777578,-0.00385200,0.45231000,-1.41162300,0.00385200,0.97214100,-1.41360000,0.05339100,0.96818000,-1.24252100,-0.05339100,0.50408300,-1.44157400
4.44088100,0.38079500,0.33665800,-0.00445900,0.00470200,0.06729301,0.99771221,-0.01094500,0.54243600,-1.45762600,0.01094500,0.99549100,-1.59819000,0.05585700,1.00104800,-1.43195800,-0.05585700,0.58777300,-1.45971800
4.45986800,0.38415200,0.33715500,-0.00340800,0.00400900,0.06778600,0.99768601,-0.01616400,0.61390400,-1.47189700,0.01616400,1.04228800,-1.81735800,0.06119100,1.07047400,-1.67109600,-0.06119100,0.65826600,-1.47029100
4.47754900,0.38729500,0.33876500,-0.00207900,0.00454800,0.06856501,0.99763412,-0.02206900,0.67130900,-1.47197200,0.02206900,1.05801800,-1.97421800,0.06310400,1.10048200,-1.84092200,-0.06310400,0.71183500,-1.46106100
4.49484700,0.39003800,0.34039900,-0.00179400,0.00484300,0.06940103,0.99757547,-0.02455400,0.72337300,-1.46490700,0.02455400,1.00762100,-1.99467200,0.06301900,1.05819900,-1.87413600,-0.06301900,0.76021400,-1.44567300
4.51224200,0.39231200,0.34120500,-0.00151200,0.00404500,0.06981199,0.99755082,-0.02491700,0.77560200,-1.45421300,0.02491700,0.88338000,-1.87075800,0.06035900,0.93959400,-1.76941500,-0.06035900,0.81210900,-1.43422900
4.53024900,0.39426500,0.34081300,-0.00141200,0.00241700,0.06968003,0.99756547,-0.02294300,0.83056700,-1.44210100,0.02294300,0.72472700,-1.67686800,0.05360400,0.78869500,-1.60473700,-0.05360400,0.86937000,-1.42704800
4.54950300,0.39616600,0.33969600,-0.00166300,0.00290400,0.06910399,0.99760385,-0.01960700,0.88603700,-1.43099700,0.01960700,0.57336300,-1.50879600,0.04360000,0.64793500,-1.46705000,-0.04360000,0.91978300,-1.40941100
4.56937500,0.39836100,0.33723500,-0.00401100,0.00630600,0.06808902,0.99765126,-0.01551900,0.91119000,-1.49701200,0.01551900,0.56473300,-1.48145900,0.03088400,0.63245000,-1.42135200,-0.03088400,0.92930400,-1.45535000
4.58855100,0.40024800,0.33633300,-0.00274800,0.00407200,0.06815498,0.99766265,-0.01359200,0.94852200,-1.69369400,0.01359200,0.64270900,-1.50056300,0.03111700,0.70641300,-1.43547100,-0.03111700,0.97937300,-1.67783900
4.60605600,0.40164000,0.33733000,-0.00124000,0.00282800,0.06802598,0.99767877,-0.01198300,0.98067300,-1.87401800,0.01198300,0.70347800,-1.49968800,0.03118300,0.75969100,-1.42394800,-0.03118300,1.02293800,-1.88141600
4.62280500,0.40284600,0.33878500,0.00017000,0.00197600,0.06773403,0.99770144,-0.01109700,0.96800200,-1.95943400,0.01109700,0.75557900,-1.49009300,0.03138200,0.80317800,-1.40195000,-0.03138200,1.01590300,-1.98159100
4.63920800,0.40405300,0.33988700,0.00121500,0.00112700,0.06751599,0.99771682,-0.00992700,0.88106600,-1.89576400,0.00992700,0.80438800,-1.47775300,0.03219200,0.84343800,-1.37796400,-0.03219200,0.93229800,-1.92864700
4.65557500,0.40545300,0.34000600,0.00170500,-0.00007400,0.06745897,0.99772059,-0.00963600,0.74265200,-1.72491900,0.00963600,0.85372200,-1.46584200,0.03385300,0.88579300,-1.35768800,-0.03385300,0.79557100,-1.76712700
4.67247100,0.40716600,0.33928200,0.00097100,-0.00132300,0.06756198,0.99771373,-0.00967200,0.59266700,-1.53281600,0.00967200,0.90372100,-1.45220000,0.03763400,0.92957600,-1.33749400,-0.03763400,0.64546500,-1.57998300
4.69006900,0.40921600,0.33832300,-0.00092700,0.00119500,0.06749198,0.99771867,-0.01430500,0.48092700,-1.41904300,0.01430500,0.94841600,-1.44602600,0.04172400,0.95694100,-1.30775000,-0.04172400,0.52515000,-1.44934600
4.70765300,0.41172200,0.33627800,-0.00241000,0.00142300,0.06800899,0.99768078,-0.01620800,0.55589300,-1.45359800,0.01620800,0.96696500,-1.61066900,0.04371800,0.98518900,-1.48213700,-0.04371800,0.59700900,-1.47496500
4.72391100,0.41438700,0.33676700,-0.00203600,0.00102500,0.06851098,0.99764776,-0.01883700,0.61556200,-1.46508500,0.01883700,1.01458000,-1.82053800,0.04772500,1.04920600,-1.70626600,-0.04772500,0.65677700,-1.48405600
4.73917900,0.41706000,0.33811600,-0.00140700,0.00168500,0.06923201,0.99759817,-0.02274700,0.66486000,-1.46668100,0.02274700,1.03466300,-1.97386300,0.04917500,1.07977200,-1.86833500,-0.04917500,0.70338300,-1.47760000
4.75412400,0.41956000,0.33947500,-0.00150800,0.00237200,0.07006397,0.99753854,-0.02479000,0.71049000,-1.46416100,0.02479000,0.99217500,-1.99382100,0.04909800,1.04219000,-1.89679300,-0.04909800,0.74559300,-1.46603600
4.76915000,0.42177300,0.34009500,-0.00168500,0.00227000,0.07058399,0.99750183,-0.02528300,0.75723700,-1.46043900,0.02528300,0.87805400,-1.87134000,0.04744600,0.93100400,-1.78818100,-0.04744600,0.79098900,-1.45841200
4.78470400,0.42382700,0.33965400,-0.00178200,0.00145000,0.07065800,0.99749795,-0.02460100,0.80738500,-1.45682400,0.02460100,0.73125900,-1.68109400,0.04168200,0.78877800,-1.61995200,-0.04168200,0.84177600,-1.45565600
4.80129100,0.42589300,0.33863800,-0.00224500,0.00228000,0.07032002,0.99751935,-0.02264600,0.85870400,-1.45453600,0.02264600,0.59528600,-1.51940600,0.03170900,0.65956000,-1.48176800,-0.03170900,0.88784100,-1.44520500
4.81821400,0.42811800,0.33648900,-0.00484900,0.00536600,0.06965898,0.99754465,-0.01875200,0.88253100,-1.51560700,0.01875200,0.58818100,-1.49256900,0.02137200,0.64536800,-1.43838100,-0.02137200,0.89669900,-1.48529200
4.83457300,0.42990900,0.33571400,-0.00387500,0.00348200,0.06991502,0.99753935,-0.01746900,0.92215400,-1.70306800,0.01746900,0.65418700,-1.50695100,0.02154100,0.70877600,-1.45060400,-0.02154100,0.94495600,-1.69238100
4.84950900,0.43120400,0.33662400,-0.00250000,0.00233300,0.06983803,0.99755248,-0.01655800,0.95960600,-1.87913200,0.01655800,0.70575200,-1.50486300,0.02134300,0.75530500,-1.44169700,-0.02134300,0.99173000,-1.88881000
4.86371700,0.43227000,0.33794400,-0.00122000,0.00170500,0.06951697,0.99757857,-0.01619900,0.95445200,-1.96352800,0.01619900,0.74993400,-1.49685600,0.02137900,0.79307500,-1.42404100,-0.02137900,0.99095000,-1.98544900
4.87755100,0.43327000,0.33892900,-0.00013900,0.00133100,0.06926098,0.99759768,-0.01525100,0.87810100,-1.90092800,0.01525100,0.79172200,-1.48863700,0.02177200,0.82769900,-1.40523600,-0.02177200,0.91673700,-1.93083100
4.89121000,0.43439800,0.33897900,0.00053000,0.00086100,0.06910201,0.99760909,-0.01492600,0.75323500,-1.73383300,0.01492600,0.83451400,-1.48329400,0.02269800,0.86401200,-1.39088800,-0.02269800,0.79180100,-1.76932400
4.90512400,0.43576900,0.33823700,0.00030700,0.00039000,0.06909400,0.99761003,-0.01499800,0.61932400,-1.54899000,0.01499800,0.87850000,-1.47849700,0.02501000,0.90202900,-1.37855800,-0.02501000,0.65578800,-1.58545500
4.91928100,0.43740400,0.33732400,-0.00075300,0.00292600,0.06906000,0.99760793,-0.01934200,0.52446000,-1.44694400,0.01934200,0.91819600,-1.47955800,0.02756800,0.92682900,-1.35891200,-0.02756800,0.55145500,-1.46565700
4.93370800,0.43939000,0.33561200,-0.00195500,0.00318500,0.06955998,0.99757077,-0.01962400,0.58471800,-1.47201700,0.01962400,0.93690800,-1.62917900,0.02836200,0.95175500,-1.51561500,-0.02836200,0.61126200,-1.48636200
4.94697400,0.44142500,0.33616200,-0.00170200,0.00262800,0.07005203,0.99753843,-0.02121200,0.63262300,-1.47747200,0.02121200,0.98853900,-1.82919700,0.02937300,1.01623600,-1.72901700,-0.02937300,0.66070200,-1.49275600
4.95933400,0.44331900,0.33750200,-0.00135400,0.00311000,0.07079799,0.99748491,-0.02330100,0.67131000,-1.47549400,0.02330100,1.01619800,-1.97742000,0.02936200,1.05163900,-1.88534500,-0.02936200,0.69843300,-1.48628800
4.97143000,0.44496600,0.33879200,-0.00129300,0.00367800,0.07163502,0.99742329,-0.02411600,0.70708600,-1.47123900,0.02411600,0.98410800,-1.99563900,0.02919700,1.02225800,-1.91085900,-0.02919700,0.73312600,-1.47737200
4.98354100,0.44624900,0.33932600,-0.00088000,0.00391200,0.07224002,0.99737922,-0.02420800,0.74412000,-1.46854300,0.02420800,0.88440500,-1.87451200,0.02613100,0.92279100,-1.80019900,-0.02613100,0.77055500,-1.47357700
4.99599600,0.44720800,0.33880600,-0.00090700,0.00376900,0.07241799,0.99736684,-0.02165300,0.78472700,-1.46896000,0.02165300,0.75410900,-1.68898900,0.01890800,0.79399700,-1.63167300,-0.01890800,0.81241600,-1.47552500
5.00926900,0.44804500,0.33769100,-0.00142100,0.00515200,0.07210299,0.99738287,-0.01706600,0.82721300,-1.47285400,0.01706600,0.63671500,-1.53580100,0.00654000,0.67984600,-1.49678100,-0.00654000,0.85089800,-1.47297600
5.02270400,0.44916700,0.33585800,-0.00397000,0.00815300,0.07143600,0.99740396,-0.01302200,0.85024100,-1.53161900,0.01302200,0.63315400,-1.51618900,-0.00494700,0.66520900,-1.45465300,0.00494700,0.86012500,-1.51190800
5.03526400,0.45026000,0.33514000,-0.00373000,0.00592000,0.07159203,0.99740946,-0.01230100,0.89624200,-1.71145700,0.01230100,0.68359300,-1.52291800,-0.00271600,0.71633500,-1.46521700,0.00271600,0.91229700,-1.70812300
5.04633700,0.45121700,0.33601300,-0.00251100,0.00462300,0.07146203,0.99742945,-0.01170200,0.94248000,-1.88301100,0.01170200,0.72069600,-1.51676500,-0.00309100,0.75175600,-1.45780300,0.00309100,0.96613700,-1.89874100
5.05652700,0.45217500,0.33726400,-0.00180300,0.00404500,0.07109299,0.99745986,-0.01158800,0.94944300,-1.96677400,0.01158800,0.75087100,-1.50725000,-0.00317900,0.77929400,-1.44446400,0.00317900,0.97567700,-1.99267200
5.06613900,0.45322300,0.33815100,-0.00156400,0.00397500,0.07074403,0.99748536,-0.01092700,0.88917300,-1.90702600,0.01092700,0.77907100,-1.50041500,-0.00304000,0.80409200,-1.43233600,0.00304000,0.91474400,-1.93682100
5.07550500,0.45445700,0.33810000,-0.00165400,0.00377400,0.07047998,0.99750468,-0.01093300,0.78013900,-1.74559200,0.01093300,0.80932000,-1.49858800,-0.00288200,0.83204400,-1.42724800,0.00288200,0.80319800,-1.77586300
5.08510100,0.45591700,0.33728400,-0.00212900,0.00346300,0.07030900,0.99751698,-0.01117800,0.66230200,-1.56856500,0.01117800,0.84210400,-1.49944300,-0.00248700,0.86336500,-1.42647200,0.00248700,0.68163800,-1.59613000
5.09491500,0.45759500,0.33631400,-0.00309900,0.00473000,0.07027703,0.99751148,-0.01505300,0.58206400,-1.47170900,0.01505300,0.87325600,-1.50365400,-0.00145000,0.88776400,-1.42110300,0.00145000,0.59170900,-1.48032700
5.10500900,0.45929200,0.33513400,-0.00332300,0.00326000,0.07064903,0.99749037,-0.01548300,0.62589400,-1.48595600,0.01548300,0.89566100,-1.63897000,-0.00088500,0.91467200,-1.56319500,0.00088500,0.63995900,-1.50306200
5.11437600,0.46100200,0.33556500,-0.00299600,0.00149200,0.07109201,0.99746415,-0.01770000,0.66004700,-1.48398700,0.01770000,0.95082900,-1.82998300,-0.00041200,0.98015800,-1.76720000,0.00041200,0.67910000,-1.50917900
5.12326800,0.46267000,0.33666200,-0.00240300,0.00113200,0.07177197,0.99741753,-0.02087500,0.68750300,-1.47857700,0.02087500,0.98554300,-1.97462800,-0.00040100,1.02018600,-1.91783300,0.00040100,0.70844500,-1.50479600
5.13210000,0.46421000,0.33773700,-0.00233500,0.00163900,0.07256000,0.99735997,-0.02273400,0.71328900,-1.47498800,0.02273400,0.96260000,-1.99274600,-0.00044800,0.99791500,-1.93865800,0.00044800,0.73354900,-1.49707700
5.14114600,0.46557700,0.33815000,-0.00252000,0.00213900,0.07316801,0.99731415,-0.02319400,0.74163400,-1.47546600,0.02319400,0.87342500,-1.87315800,-0.00056900,0.90757000,-1.82355200,0.00056900,0.76103100,-1.49374700
5.15069600,0.46680400,0.33761200,-0.00245000,0.00239700,0.07350301,0.99728911,-0.02322800,0.77448000,-1.48011900,0.02322800,0.75504500,-1.69116100,-0.00256500,0.78850700,-1.64994300,0.00256500,0.79385100,-1.49696800
5.16121000,0.46807400,0.33664400,-0.00259600,0.00366300,0.07345098,0.99728872,-0.02228800,0.81024800,-1.48741800,0.02228800,0.64947500,-1.54176100,-0.00943200,0.68371000,-1.51013100,0.00943200,0.82598600,-1.49749400
5.17228300,0.46964000,0.33529800,-0.00468100,0.00528300,0.07312499,0.99729781,-0.01982400,0.83070400,-1.54216600,0.01982400,0.64469200,-1.51586900,-0.01462200,0.67234700,-1.47310200,0.01462200,0.83726700,-1.53688900
5.18281100,0.47093500,0.33493400,-0.00374800,0.00346700,0.07325402,0.99730025,-0.01912500,0.87545500,-1.71206000,0.01912500,0.68609000,-1.51939400,-0.01532100,0.71518500,-1.48115700,0.01532100,0.88813500,-1.72238300
5.19243600,0.47185700,0.33576900,-0.00256100,0.00222000,0.07308997,0.99731959,-0.01891400,0.92418700,-1.88193600,0.01891400,0.71801000,-1.51309700,-0.01609800,0.74702400,-1.47564000,0.01609800,0.94325100,-1.90793300
5.20150300,0.47257400,0.33688900,-0.00162400,0.00180100,0.07266297,0.99735360,-0.01889400,0.93369000,-1.96550300,0.01889400,0.74504400,-1.50562400,-0.01635500,0.77198200,-1.46436800,0.01635500,0.95535900,-1.99965400
5.21025400,0.47317400,0.33767200,-0.00081900,0.00204100,0.07225598,0.99738370,-0.01851700,0.87645700,-1.90577000,0.01851700,0.77131900,-1.50198800,-0.01634600,0.79421900,-1.45335800,0.01634600,0.89830300,-1.94229000
5.21891800,0.47377500,0.33757500,-0.00028100,0.00224100,0.07191601,0.99740813,-0.01849100,0.77142800,-1.74469500,0.01849100,0.80016700,-1.50383400,-0.01590000,0.81927000,-1.44846300,0.01590000,0.79175100,-1.77996800
5.22784600,0.47445600,0.33679700,-0.00042300,0.00219700,0.07168897,0.99742453,-0.01871700,0.65792300,-1.56816600,0.01871700,0.83169400,-1.50792700,-0.01409600,0.84786200,-1.44781100,0.01409600,0.67534500,-1.59863600
5.23704900,0.47520000,0.33608300,-0.00066800,0.00291000,0.07164100,0.99742601,-0.02379200,0.57973600,-1.46666900,0.02379200,0.86203600,-1.51261300,-0.01187000,0.87210100,-1.44360800,0.01187000,0.59358800,-1.49097400
5.24669800,0.47633200,0.33517800,-0.00100100,0.00224300,0.07193403,0.99740637,-0.02253000,0.62043800,-1.48210000,0.02253000,0.88345500,-1.64304500,-0.01099800,0.89547500,-1.57528800,0.01099800,0.63573700,-1.50747000
5.25592800,0.47771800,0.33559800,-0.00097600,0.00085600,0.07228800,0.99738296,-0.02294300,0.65346200,-1.48079500,0.02294300,0.93866800,-1.83193900,-0.01028100,0.95909600,-1.77364200,0.01028100,0.67318100,-1.51320600
5.26482900,0.47920200,0.33662100,-0.00108600,0.00064700,0.07284397,0.99734255,-0.02390100,0.68108600,-1.47659800,0.02390100,0.97405400,-1.97498200,-0.01026400,0.99983000,-1.92229100,0.01026400,0.70210500,-1.50904500
5.27368700,0.48065100,0.33762900,-0.00140500,0.00129900,0.07353200,0.99729102,-0.02451000,0.70718500,-1.47416000,0.02451000,0.95258000,-1.99226200,-0.01032700,0.97962000,-1.94204900,0.01032700,0.72705900,-1.50169400
5.28277200,0.48198000,0.33799000,-0.00156600,0.00202900,0.07409499,0.99724789,-0.02483300,0.73575900,-1.47574600,0.02483300,0.86558100,-1.87247300,-0.01041200,0.89209100,-1.82555400,0.01041200,0.75437400,-1.49870800
5.29237400,0.48320700,0.33742700,-0.00163300,0.00256900,0.07443899,0.99722092,-0.02459400,0.76885600,-1.48174300,0.02459400,0.74955600,-1.69039000,-0.01156500,0.77604000,-1.65033200,0.01156500,0.78672200,-1.50182200
5.30292500,0.48452900,0.33645500,-0.00201100,0.00406400,0.07439397,0.99721862,-0.02328100,0.80498000,-1.49027500,0.02328100,0.64615300,-1.54076400,-0.01766600,0.67418800,-1.50936000,0.01766600,0.81847100,-1.50214200
5.31405100,0.48622100,0.33545400,-0.00422000,0.00584100,0.07411398,0.99722374,-0.02100600,0.82420100,-1.54405600,0.02100600,0.64404500,-1.51798200,-0.02221000,0.66529200,-1.47420700,0.02221000,0.82749100,-1.53895000
5.32553200,0.48743900,0.33512600,-0.00265800,0.00255200,0.07413098,0.99724171,-0.02069300,0.86136000,-1.70957000,0.02069300,0.69012800,-1.51836800,-0.02326500,0.71620300,-1.48578900,0.02326500,0.87432200,-1.72556500
5.33703900,0.48800000,0.33576300,-0.00048100,-0.00071600,0.07392802,0.99726321,-0.02067800,0.89893100,-1.87421300,0.02067800,0.73093700,-1.50942400,-0.02369700,0.76113100,-1.48545800,0.02369700,0.92395500,-1.91398300
5.34869500,0.48801600,0.33672700,0.00176800,-0.00253300,0.07361997,0.99728158,-0.02076000,0.89710400,-1.95243500,0.02076000,0.76835700,-1.50052600,-0.02280800,0.79767100,-1.47515700,0.02280800,0.92993000,-2.00674800
5.36050100,0.48766500,0.33747500,0.00297100,-0.00295800,0.07340098,0.99729370,-0.02078300,0.82818400,-1.88793700,0.02078300,0.80479600,-1.49537400,-0.01876300,0.82858800,-1.46051000,0.01876300,0.86514000,-1.94659000
5.37260400,0.48712100,0.33746500,0.00272400,-0.00265100,0.07324796,0.99730652,-0.02082000,0.71318500,-1.72245100,0.02082000,0.84306500,-1.49521900,-0.01116100,0.85897600,-1.44726300,0.01116100,0.75024800,-1.77690900
5.38537800,0.48653700,0.33688800,0.00145000,-0.00222800,0.07310498,0.99732071,-0.02145200,0.58899100,-1.53996700,0.02145200,0.88358000,-1.49565200,-0.00108200,0.89088500,-1.43408000,0.00108200,0.62322300,-1.58320200
5.39894700,0.48597300,0.33654400,0.00205000,-0.00090400,0.07298198,0.99733074,-0.02814500,0.49680600,-1.43418300,0.02814500,0.92256900,-1.49519500,0.00567600,0.91642300,-1.41338800,-0.00567600,0.53261700,-1.46628900
5.41376100,0.48644300,0.33577700,0.00049900,0.00040300,0.07308198,0.99732573,-0.02435300,0.55377900,-1.45291200,0.02435300,0.93519400,-1.63792600,0.00797900,0.93086400,-1.55136800,-0.00797900,0.58890400,-1.48778500
5.42819200,0.48790100,0.33643900,0.00126800,-0.00022300,0.07347502,0.99729623,-0.02402500,0.60518000,-1.45861500,0.02402500,0.98087200,-1.83493600,0.01070000,0.98527900,-1.75291900,-0.01070000,0.64415300,-1.49871600
5.44233300,0.48992300,0.33767600,0.00127900,0.00008600,0.07396301,0.99726016,-0.02430300,0.65109400,-1.45944200,0.02430300,1.00289400,-1.98061000,0.01166400,1.01531900,-1.90373300,-0.01166400,0.68997700,-1.49632900
5.45643800,0.49205500,0.33887700,0.00092600,0.00089900,0.07453198,0.99721779,-0.02444400,0.69477100,-1.45889600,0.02444400,0.96556200,-1.99659600,0.01162800,0.98296700,-1.92463900,-0.01162800,0.73140900,-1.48858700
5.47081200,0.49415800,0.33939100,0.00066300,0.00149100,0.07498801,0.99718310,-0.02431500,0.74003700,-1.45921600,0.02431500,0.85913300,-1.87242200,0.01148200,0.88073800,-1.80814400,-0.01148200,0.77484500,-1.48320500
5.48583900,0.49623700,0.33891200,-0.00006300,0.00166900,0.07508903,0.99717543,-0.02239000,0.78932600,-1.46120200,0.02239000,0.72138600,-1.68183200,0.00932300,0.74923300,-1.63248700,-0.00932300,0.82264900,-1.48128400
5.50203200,0.49843800,0.33795700,-0.00130900,0.00326800,0.07478603,0.99719339,-0.01909800,0.84054200,-1.46396500,0.01909800,0.59298500,-1.52019800,0.00280100,0.62945400,-1.48797000,-0.00280100,0.86677900,-1.47182100
5.51875700,0.50101900,0.33646500,-0.00455700,0.00669400,0.07414099,0.99721489,-0.01561100,0.86443300,-1.52445800,0.01561100,0.59080600,-1.50084400,-0.00316600,0.62135800,-1.44738500,0.00316600,0.87344800,-1.50504500
5.53498000,0.50318000,0.33612700,-0.00380900,0.00472600,0.07424902,0.99722126,-0.01442800,0.90232400,-1.70450900,0.01442800,0.65473500,-1.51115200,-0.00350100,0.68530600,-1.46049500,0.00350100,0.91851700,-1.70223400
5.54992800,0.50484500,0.33711400,-0.00260100,0.00325700,0.07415699,0.99723787,-0.01354100,0.93993100,-1.87690400,0.01354100,0.70602900,-1.50686700,-0.00403400,0.73490400,-1.45530900,0.00403400,0.96454200,-1.89362500
5.56421500,0.50627300,0.33838800,-0.00155700,0.00237000,0.07381897,0.99726763,-0.01314000,0.93623600,-1.95955300,0.01314000,0.75044800,-1.49765000,-0.00410000,0.77624700,-1.44189300,0.00410000,0.96503000,-1.98773800
5.57816400,0.50762200,0.33928900,-0.00066700,0.00193500,0.07349603,0.99729341,-0.01226600,0.86228200,-1.89630500,0.01226600,0.79264600,-1.48911500,-0.00393000,0.81406800,-1.42685700,0.00393000,0.89321800,-1.93098000
5.59208800,0.50906700,0.33925500,-0.00009400,0.00143400,0.07328997,0.99730964,-0.01204400,0.73861200,-1.72852200,0.01204400,0.83631300,-1.48350900,-0.00334900,0.85371400,-1.41575600,0.00334900,0.77013400,-1.76690800
5.60651100,0.51072200,0.33847600,-0.00035900,0.00096000,0.07323302,0.99731433,-0.01210400,0.60429200,-1.54199900,0.01210400,0.88157500,-1.47795900,-0.00137000,0.89513700,-1.40558300,0.00137000,0.63463700,-1.57973700
5.62157800,0.51255100,0.33767200,-0.00097600,0.00360900,0.07321700,0.99730903,-0.01591300,0.50701200,-1.43922500,0.01591300,0.92279600,-1.47715500,0.00079100,0.92224800,-1.38449000,-0.00079100,0.53055600,-1.45831700
5.63722000,0.51473500,0.33631000,-0.00159500,0.00401400,0.07383302,0.99726126,-0.01717200,0.57127000,-1.46541100,0.01717200,0.93979300,-1.62868400,0.00340600,0.94139500,-1.53250500,-0.00340600,0.59397600,-1.48084200
5.65201200,0.51713000,0.33683400,-0.00155100,0.00279300,0.07423199,0.99723588,-0.01818000,0.62570100,-1.47123400,0.01818000,0.98639000,-1.82796100,0.00640700,1.00052900,-1.74330700,-0.00640700,0.65148400,-1.49094100
5.66618800,0.51956900,0.33808500,-0.00140900,0.00243600,0.07480700,0.99719406,-0.02009700,0.67195200,-1.46891300,0.02009700,1.00803000,-1.97449600,0.00777800,1.03160700,-1.89849000,-0.00777800,0.69859300,-1.48785200
5.68028700,0.52192400,0.33932300,-0.00162500,0.00246800,0.07548099,0.99714286,-0.02100300,0.71517400,-1.46409000,0.02100300,0.96918500,-1.99076200,0.00830900,0.99808300,-1.92180100,-0.00830900,0.74146900,-1.47984800
5.69463400,0.52405200,0.33984500,-0.00161400,0.00234300,0.07597199,0.99710589,-0.02134800,0.75965000,-1.46005100,0.02134800,0.86085200,-1.86681400,0.00828800,0.89350700,-1.80699800,-0.00828800,0.78636300,-1.47467300
5.70964200,0.52600100,0.33933600,-0.00151100,0.00198800,0.07618604,0.99709049,-0.02066800,0.80763000,-1.45765400,0.02066800,0.72114800,-1.67713900,0.00755000,0.75817900,-1.63118800,-0.00755000,0.83567900,-1.47342900
5.72588800,0.52797400,0.33830700,-0.00167500,0.00341100,0.07599798,0.99710073,-0.01879000,0.85723900,-1.45661700,0.01879000,0.59125800,-1.51733300,0.00298200,0.63403900,-1.48487800,-0.00298200,0.88054600,-1.46417600
5.74254400,0.53018700,0.33663800,-0.00386600,0.00629900,0.07551701,0.99711712,-0.01605100,0.88031100,-1.51800700,0.01605100,0.58881700,-1.49545900,-0.00110300,0.62353100,-1.44464700,0.00110300,0.88931700,-1.50305100
5.75876000,0.53207400,0.33634000,-0.00269600,0.00421600,0.07565098,0.99712180,-0.01479800,0.91764700,-1.69984200,0.01479800,0.65297100,-1.50596500,-0.00121600,0.68708200,-1.45670700,0.00121600,0.93456200,-1.70297600
5.77368100,0.53348900,0.33728900,-0.00121900,0.00267900,0.07544000,0.99714600,-0.01404400,0.95474200,-1.87440300,0.01404400,0.70449200,-1.50256000,-0.00143000,0.73645200,-1.45111500,0.00143000,0.98037300,-1.89623000
5.78791800,0.53464800,0.33852800,0.00017000,0.00179300,0.07502898,0.99717973,-0.01380100,0.94987300,-1.95841600,0.01380100,0.74908200,-1.49443900,-0.00141400,0.77718400,-1.43710900,0.00141400,0.98009800,-1.99150800
5.80176900,0.53573800,0.33941200,0.00123700,0.00131500,0.07469904,0.99720449,-0.01325800,0.87396300,-1.89617900,0.01325800,0.79123300,-1.48665000,-0.00079100,0.81426700,-1.42158700,0.00079100,0.90664300,-1.93525700
5.81552000,0.53692000,0.33937500,0.00160700,0.00071800,0.07448703,0.99722043,-0.01317900,0.74833400,-1.72962200,0.01317900,0.83453200,-1.48149000,0.00099500,0.85324300,-1.41043700,-0.00099500,0.78157200,-1.77128200
5.82968200,0.53831600,0.33860400,0.00082000,0.00004300,0.07437997,0.99722964,-0.01333500,0.61200600,-1.54432200,0.01333500,0.87918400,-1.47609100,0.00480900,0.89434900,-1.40081700,-0.00480900,0.64388100,-1.58367300
5.84456500,0.53989600,0.33779500,-0.00034000,0.00167500,0.07427801,0.99723611,-0.01795600,0.51038400,-1.43421400,0.01795600,0.92043500,-1.47420000,0.00886800,0.92419100,-1.38257100,-0.00886800,0.53653600,-1.45568400
5.85990500,0.54203900,0.33636600,-0.00214500,0.00184800,0.07465297,0.99720555,-0.01656800,0.57369500,-1.46023200,0.01656800,0.93629200,-1.62363600,0.01115300,0.94535500,-1.53519800,-0.01115300,0.60062100,-1.48342600
5.87440800,0.54449700,0.33680800,-0.00204900,0.00072700,0.07513102,0.99717130,-0.01805000,0.62722800,-1.46682800,0.01805000,0.98309200,-1.82383000,0.01426900,1.00418000,-1.74578200,-0.01426900,0.65714800,-1.49356200
5.88830200,0.54708500,0.33796500,-0.00172900,0.00067500,0.07576898,0.99712367,-0.02093300,0.67273300,-1.46613000,0.02093300,1.00531200,-1.97182900,0.01564900,1.03480500,-1.90022700,-0.01564900,0.70277500,-1.49020500
5.90210100,0.54962500,0.33914300,-0.00197600,0.00110400,0.07647002,0.99706931,-0.02257100,0.71531400,-1.46339800,0.02257100,0.96717100,-1.98943500,0.01603200,1.00094700,-1.92275300,-0.01603200,0.74358700,-1.48133800
5.91613500,0.55199800,0.33963800,-0.00234400,0.00124300,0.07697703,0.99702934,-0.02302300,0.75939300,-1.46138900,0.02302300,0.85948500,-1.86622700,0.01597800,0.89655500,-1.80801900,-0.01597800,0.78651000,-1.47520300
5.93079000,0.55424600,0.33913900,-0.00244100,0.00104900,0.07721499,0.99701093,-0.02302300,0.80699700,-1.46069000,0.02302300,0.72065600,-1.67707400,0.01476100,0.76168900,-1.63244900,-0.01476100,0.83411300,-1.47328100
5.94664200,0.55658200,0.33816900,-0.00272800,0.00235200,0.07709204,0.99701747,-0.02219200,0.85630400,-1.46062400,0.02219200,0.59146500,-1.51718700,0.00972600,0.63826500,-1.48658400,-0.00972600,0.87816200,-1.46405200
5.96309900,0.55911100,0.33661900,-0.00502100,0.00529600,0.07666502,0.99703020,-0.01920900,0.87921400,-1.52123800,0.01920900,0.58662600,-1.49292000,0.00517100,0.62733600,-1.44646400,-0.00517100,0.88647300,-1.50192100
5.97916000,0.56115900,0.33621900,-0.00411400,0.00328700,0.07678101,0.99703408,-0.01798800,0.91675600,-1.70351600,0.01798800,0.65031400,-1.50402400,0.00512600,0.69059000,-1.45914900,-0.00512600,0.93151800,-1.70140900
5.99399700,0.56262400,0.33709100,-0.00259600,0.00198200,0.07667399,0.99705087,-0.01719300,0.95376600,-1.87770200,0.01719300,0.70178300,-1.50188000,0.00475100,0.73904100,-1.45325500,-0.00475100,0.97747100,-1.89442600
6.00815900,0.56382400,0.33828500,-0.00116400,0.00133000,0.07632702,0.99708127,-0.01684400,0.94913100,-1.96161200,0.01684400,0.74633700,-1.49490400,0.00471800,0.77879800,-1.43873100,-0.00471800,0.97748200,-1.98948100
6.02195400,0.56490600,0.33915200,0.00009500,0.00106700,0.07602701,0.99710518,-0.01596000,0.87354500,-1.89905100,0.01596000,0.78855800,-1.48823900,0.00508700,0.81489700,-1.42249200,-0.00508700,0.90460800,-1.93332700
6.03566500,0.56604200,0.33911900,0.00085200,0.00060500,0.07584600,0.99711900,-0.01572000,0.74817400,-1.73189400,0.01572000,0.83206700,-1.48402600,0.00637700,0.85303300,-1.41055500,-0.00637700,0.78033700,-1.76983000
6.04978000,0.56735200,0.33836800,0.00052000,-0.00002000,0.07578799,0.99712382,-0.01579100,0.61202100,-1.54552400,0.01579100,0.87701900,-1.47940400,0.00972100,0.89343000,-1.40020900,-0.00972100,0.64357900,-1.58291700
6.06446800,0.56879000,0.33759500,-0.00005800,0.00178900,0.07573602,0.99712630,-0.01970300,0.51106200,-1.43746800,0.01970300,0.91820000,-1.47813700,0.01305800,0.92210500,-1.38112400,-0.01305800,0.53781500,-1.45917400
6.07974600,0.57079700,0.33605800,-0.00140100,0.00202000,0.07610498,0.99709678,-0.01976400,0.57450000,-1.46201300,0.01976400,0.93422700,-1.62718300,0.01519100,0.94209200,-1.53080100,-0.01519100,0.60129200,-1.48430000
6.09432600,0.57324300,0.33660400,-0.00133300,0.00089000,0.07654797,0.99706461,-0.02074200,0.62781500,-1.46786400,0.02074200,0.98100300,-1.82687800,0.01813000,1.00152700,-1.74207100,-0.01813000,0.65771400,-1.49406700
6.10837000,0.57584800,0.33785900,-0.00116800,0.00080000,0.07719102,0.99701532,-0.02310700,0.67334400,-1.46664100,0.02310700,1.00308600,-1.97408100,0.01917700,1.03277000,-1.89727800,-0.01917700,0.70344500,-1.49034600
6.12228100,0.57838300,0.33910500,-0.00150600,0.00120000,0.07792097,0.99695768,-0.02434000,0.71594600,-1.46346100,0.02434000,0.96506600,-1.99108000,0.01921800,0.99939400,-1.92042200,-0.01921800,0.74442200,-1.48124700
6.13640700,0.58073900,0.33964500,-0.00181100,0.00137400,0.07842297,0.99691758,-0.02471800,0.76001100,-1.46110400,0.02471800,0.85763100,-1.86749900,0.01910500,0.89513900,-1.80588100,-0.01910500,0.78739200,-1.47490100
6.15116600,0.58297900,0.33917400,-0.00192300,0.00123200,0.07862100,0.99690196,-0.02445100,0.80769500,-1.46016200,0.02445100,0.71914100,-1.67804900,0.01698500,0.76060200,-1.63078300,-0.01698500,0.83496400,-1.47265200
6.16713600,0.58532000,0.33821400,-0.00235900,0.00264400,0.07843499,0.99691293,-0.02309700,0.85717900,-1.46013800,0.02309700,0.59022000,-1.51794000,0.01083800,0.63759900,-1.48568800,-0.01083800,0.87869300,-1.46279600
6.18375500,0.58795500,0.33656400,-0.00503000,0.00627600,0.07785502,0.99693225,-0.01975400,0.88004600,-1.52142700,0.01975400,0.58585000,-1.49564200,0.00430700,0.62736700,-1.44526800,-0.00430700,0.88501500,-1.49836300
6.19994300,0.59015000,0.33606500,-0.00439200,0.00450400,0.07798498,0.99693469,-0.01835300,0.91893900,-1.70612900,0.01835300,0.65021700,-1.50808700,0.00454000,0.69046400,-1.45778500,-0.00454000,0.93046700,-1.69827400
6.21487500,0.59182100,0.33700600,-0.00301300,0.00317000,0.07790601,0.99695112,-0.01713300,0.95602600,-1.88015100,0.01713300,0.70182500,-1.50507400,0.00395900,0.73911800,-1.45152900,-0.00395900,0.97662400,-1.89170900
6.22914300,0.59325800,0.33828200,-0.00181600,0.00234700,0.07759397,0.99698063,-0.01635500,0.95108000,-1.96342900,0.01635500,0.74646300,-1.49656900,0.00389600,0.77956300,-1.43697100,-0.00389600,0.97652300,-1.98700200
6.24307500,0.59461900,0.33920300,-0.00078800,0.00188300,0.07730801,0.99700517,-0.01502000,0.87505000,-1.90035000,0.01502000,0.78883700,-1.48834000,0.00410600,0.81669300,-1.42096400,-0.00410600,0.90339100,-1.93114000
6.25696000,0.59607200,0.33919300,-0.00007700,0.00125800,0.07712903,0.99702032,-0.01446100,0.74896600,-1.73247000,0.01446100,0.83264200,-1.48278000,0.00476000,0.85593300,-1.40918900,-0.00476000,0.77874600,-1.76800700
6.27129000,0.59773400,0.33843600,-0.00018500,0.00058100,0.07709604,0.99702348,-0.01448700,0.61197600,-1.54525900,0.01448700,0.87801600,-1.47717200,0.00679900,0.89716300,-1.39864500,-0.00679900,0.64168600,-1.58178300
6.28620400,0.59956100,0.33764000,-0.00069300,0.00289300,0.07708799,0.99701986,-0.01785000,0.51130000,-1.43984800,0.01785000,0.91940700,-1.47623100,0.00902800,0.92457700,-1.37771500,-0.00902800,0.53574900,-1.46047500
6.30172000,0.60180300,0.33624900,-0.00136500,0.00307100,0.07769397,0.99697159,-0.01882200,0.57501700,-1.46489700,0.01882200,0.93611300,-1.62691700,0.01132400,0.94461600,-1.52835500,-0.01132400,0.59956000,-1.48356400
6.31640300,0.60431300,0.33672400,-0.00133100,0.00199700,0.07808399,0.99694390,-0.01985400,0.62906100,-1.47112800,0.01985400,0.98271000,-1.82636600,0.01418700,1.00405600,-1.74001500,-0.01418700,0.65632300,-1.49322700
6.33047500,0.60688400,0.33795400,-0.00122000,0.00187300,0.07865702,0.99689923,-0.02183700,0.67486400,-1.46938700,0.02183700,1.00460900,-1.97326400,0.01524600,1.03510000,-1.89548900,-0.01524600,0.70230700,-1.48930900
6.34446900,0.60937800,0.33919000,-0.00149800,0.00211300,0.07933298,0.99684481,-0.02280800,0.71768500,-1.46508500,0.02280800,0.96618400,-1.98987800,0.01536700,1.00138500,-1.91897700,-0.01536700,0.74405700,-1.48042800
6.35871500,0.61165700,0.33971400,-0.00159300,0.00209900,0.07983497,0.99680461,-0.02314900,0.76188300,-1.46140000,0.02314900,0.85836600,-1.86608400,0.01530400,0.89655400,-1.80468000,-0.01530400,0.78813700,-1.47462100
6.37362200,0.61378100,0.33921800,-0.00157300,0.00182200,0.08003998,0.99678875,-0.02253600,0.80962600,-1.45923100,0.02253600,0.71917000,-1.67640900,0.01362700,0.76107100,-1.62962800,-0.01362700,0.83670300,-1.47278600
6.38976800,0.61597000,0.33821000,-0.00187200,0.00322400,0.07983402,0.99680120,-0.02070600,0.85911500,-1.45824200,0.02070600,0.58963800,-1.51632700,0.00785400,0.63699700,-1.48434800,-0.00785400,0.88109200,-1.46310800
6.40631900,0.61842300,0.33657400,-0.00418200,0.00601500,0.07933998,0.99682070,-0.01786500,0.88182200,-1.51896800,0.01786500,0.58725200,-1.49418900,0.00297200,0.62620500,-1.44420100,-0.00297200,0.88970900,-1.50167900
6.42246600,0.62050800,0.33628900,-0.00299200,0.00397700,0.07948298,0.99682380,-0.01643400,0.91879800,-1.70026400,0.01643400,0.65118400,-1.50472600,0.00258200,0.68934600,-1.45590300,-0.00258200,0.93483200,-1.70135800
6.43735800,0.62207700,0.33724200,-0.00157900,0.00251600,0.07930301,0.99684613,-0.01560700,0.95589100,-1.87497800,0.01560700,0.70261800,-1.50153300,0.00237500,0.73827200,-1.44992900,-0.00237500,0.98060000,-1.89460900
6.45158400,0.62338300,0.33848200,-0.00023000,0.00170000,0.07891499,0.99687987,-0.01527400,0.95102900,-1.95913300,0.01527400,0.74721400,-1.49365600,0.00236900,0.77863400,-1.43556100,-0.00236900,0.98029800,-1.98990300
6.46543700,0.62460200,0.33936800,0.00087800,0.00128300,0.07859603,0.99690534,-0.01451000,0.87496400,-1.89674900,0.01451000,0.78945000,-1.48614000,0.00285100,0.81538100,-1.41963400,-0.00285100,0.90687300,-1.93387700
6.47919300,0.62591200,0.33933700,0.00144500,0.00073900,0.07839103,0.99692137,-0.01436300,0.74903100,-1.72974300,0.01436300,0.83288600,-1.48127000,0.00419500,0.85400800,-1.40798200,-0.00419500,0.78183100,-1.77022600
6.49335900,0.62743600,0.33856800,0.00077500,0.00004600,0.07829897,0.99692962,-0.01447500,0.61247300,-1.54406200,0.01447500,0.87770600,-1.47597300,0.00776900,0.89499900,-1.39808300,-0.00776900,0.64420900,-1.58298400
6.50823400,0.62914500,0.33775300,-0.00031800,0.00166000,0.07820101,0.99693618,-0.01875100,0.51053400,-1.43338900,0.01875100,0.91892800,-1.47422700,0.01164200,0.92472900,-1.37958100,-0.01164200,0.53687700,-1.45513200
6.52354300,0.63139700,0.33630100,-0.00173500,0.00170000,0.07852899,0.99690887,-0.01799900,0.57430700,-1.45987100,0.01799900,0.93471400,-1.62383900,0.01378900,0.94602400,-1.53294200,-0.01378900,0.60169500,-1.48397500
6.53801700,0.63396600,0.33678000,-0.00168300,0.00060000,0.07897599,0.99687492,-0.01932800,0.62772800,-1.46634500,0.01932800,0.98153000,-1.82394100,0.01696800,1.00514100,-1.74409200,-0.01696800,0.65798700,-1.49380100
6.55188800,0.63667300,0.33796600,-0.00144900,0.00058300,0.07962001,0.99682406,-0.02210100,0.67316600,-1.46571500,0.02210100,1.00383700,-1.97191200,0.01828700,1.03593300,-1.89894800,-0.01828700,0.70337900,-1.49014300
6.56566500,0.63933100,0.33915800,-0.00175500,0.00102100,0.08034600,0.99676497,-0.02367200,0.71572100,-1.46303900,0.02367200,0.96586300,-1.98949600,0.01855300,1.00223300,-1.92203200,-0.01855300,0.74410600,-1.48114300
6.57967600,0.64182500,0.33966200,-0.00214700,0.00118200,0.08086600,0.99672197,-0.02414300,0.75977000,-1.46111500,0.02414300,0.85841800,-1.86632200,0.01848300,0.89780400,-1.80763400,-0.01848300,0.78690400,-1.47488300
6.59430700,0.64420000,0.33917100,-0.00228200,0.00101300,0.08109601,0.99670317,-0.02411100,0.80735900,-1.46050400,0.02411100,0.71979900,-1.67718000,0.01692000,0.76290200,-1.63249900,-0.01692000,0.83433200,-1.47279100
6.61013800,0.64668300,0.33820700,-0.00264400,0.00232900,0.08095496,0.99671153,-0.02320100,0.85668300,-1.46051700,0.02320100,0.59076700,-1.51721500,0.01143900,0.63956000,-1.48721300,-0.01143900,0.87820300,-1.46336400
6.62692700,0.64951400,0.33668900,-0.00534200,0.00514100,0.08041201,0.99673414,-0.02008400,0.87990500,-1.52179500,0.02008400,0.58672800,-1.49209700,0.00647900,0.62764100,-1.44626300,-0.00647900,0.88625100,-1.50084800
6.64293800,0.65183100,0.33627800,-0.00441600,0.00328100,0.08053000,0.99673700,-0.01865400,0.91716300,-1.70352000,0.01865400,0.65023600,-1.50344900,0.00592900,0.69059400,-1.45891900,-0.00592900,0.93083500,-1.69947900
6.65778200,0.65353800,0.33717000,-0.00294500,0.00212700,0.08045902,0.99675130,-0.01761500,0.95418800,-1.87767300,0.01761500,0.70145000,-1.50123000,0.00523000,0.73861200,-1.45270500,-0.00523000,0.97657900,-1.89220600
6.67198200,0.65497100,0.33838200,-0.00166600,0.00154000,0.08014298,0.99678080,-0.01700200,0.94954300,-1.96154300,0.01700200,0.74589600,-1.49394900,0.00515300,0.77833200,-1.43810700,-0.00515300,0.97643100,-1.98711800
6.68583900,0.65630600,0.33925600,-0.00052400,0.00131600,0.07985504,0.99680548,-0.01581000,0.87385500,-1.89888100,0.01581000,0.78812700,-1.48695200,0.00535200,0.81464200,-1.42192300,-0.00535200,0.90335700,-1.93086400
6.69963700,0.65770800,0.33921700,0.00027000,0.00088200,0.07966800,0.99682103,-0.01537000,0.74826800,-1.73144400,0.01537000,0.83180300,-1.48247600,0.00612300,0.85313400,-1.41002500,-0.00612300,0.77898600,-1.76753200
6.71386700,0.65930000,0.33844600,0.00013800,0.00027400,0.07961903,0.99682532,-0.01542400,0.61176500,-1.54461700,0.01542400,0.87705800,-1.47759300,0.00859400,0.89399600,-1.39969800,-0.00859400,0.64224000,-1.58114200
6.72867100,0.66105700,0.33762800,-0.00048100,0.00213000,0.07957198,0.99682673,-0.01874900,0.51032700,-1.43508000,0.01874900,0.91849500,-1.47620700,0.01143600,0.92310400,-1.38060800,-0.01143600,0.53613400,-1.45717500
6.74397400,0.66332500,0.33633500,-0.00154400,0.00207600,0.07993498,0.99679672,-0.01856100,0.57421500,-1.46099500,0.01856100,0.93442300,-1.62532500,0.01358000,0.94317100,-1.53065000,-0.01358000,0.60005100,-1.48324400
6.75848100,0.66594000,0.33683000,-0.00153500,0.00087800,0.08032899,0.99676684,-0.01972700,0.62780600,-1.46703100,0.01972700,0.98085200,-1.82458600,0.01668400,1.00254300,-1.74193200,-0.01668400,0.65665200,-1.49314700
6.77239100,0.66868200,0.33800600,-0.00139400,0.00077800,0.08092599,0.99671884,-0.02220800,0.67347000,-1.46618500,0.02220800,1.00299900,-1.97204600,0.01792700,1.03375600,-1.89718200,-0.01792700,0.70238100,-1.48965900
6.78620000,0.67137300,0.33918300,-0.00171000,0.00115000,0.08164097,0.99665967,-0.02372500,0.71618000,-1.46332700,0.02372500,0.96506500,-1.98940700,0.01813000,1.00039300,-1.92047000,-0.01813000,0.74346500,-1.48091300
6.80023800,0.67389100,0.33967300,-0.00209200,0.00127500,0.08216299,0.99661589,-0.02415300,0.76031000,-1.46124400,0.02415300,0.85763200,-1.86609100,0.01806400,0.89612900,-1.80608300,-0.01806400,0.78653100,-1.47484700
6.81489700,0.67629700,0.33917200,-0.00220900,0.00109700,0.08239398,0.99659678,-0.02411800,0.80795600,-1.46051600,0.02411800,0.71913000,-1.67691500,0.01640100,0.76135300,-1.63077600,-0.01640100,0.83413200,-1.47284900
6.83075600,0.67881500,0.33820300,-0.00258000,0.00243600,0.08224904,0.99660549,-0.02314500,0.85732100,-1.46048300,0.02314500,0.59017200,-1.51700800,0.01082500,0.63805600,-1.48526500,-0.01082500,0.87802900,-1.46337500
6.84725800,0.68160600,0.33650900,-0.00516000,0.00606900,0.08172997,0.99662267,-0.01998400,0.87999100,-1.52150000,0.01998400,0.58549800,-1.49496400,0.00438700,0.62808100,-1.44587200,-0.00438700,0.88439600,-1.49921900
6.86337400,0.68393900,0.33607100,-0.00443700,0.00440100,0.08188303,0.99662235,-0.01858700,0.91886300,-1.70595300,0.01858700,0.64945700,-1.50731200,0.00437400,0.69046200,-1.45771300,-0.00437400,0.92957600,-1.69833600
6.87827600,0.68571900,0.33704200,-0.00303100,0.00306800,0.08179598,0.99663976,-0.01734400,0.95599100,-1.88001100,0.01734400,0.70096600,-1.50424200,0.00376100,0.73902400,-1.45135800,-0.00376100,0.97573100,-1.89164700
6.89252800,0.68725900,0.33832700,-0.00182500,0.00224500,0.08146897,0.99667168,-0.01655000,0.95108800,-1.96337000,0.01655000,0.74561200,-1.49582000,0.00368900,0.77949100,-1.43684200,-0.00368900,0.97575300,-1.98698300
6.90644400,0.68871600,0.33925000,-0.00077600,0.00179700,0.08117897,0.99669762,-0.01517600,0.87508600,-1.90032400,0.01517600,0.78802200,-1.48776900,0.00389000,0.81659000,-1.42085600,-0.00389000,0.90279200,-1.93121000
6.92031100,0.69026000,0.33924000,-0.00005000,0.00118900,0.08099796,0.99671356,-0.01458900,0.74905300,-1.73253300,0.01458900,0.83186700,-1.48240500,0.00456500,0.85577400,-1.40908500,-0.00456500,0.77830700,-1.76810800
6.93462100,0.69201100,0.33848100,-0.00015500,0.00051600,0.08097103,0.99671631,-0.01460900,0.61212000,-1.54539000,0.01460900,0.87729000,-1.47696100,0.00667500,0.89697300,-1.39857000,-0.00667500,0.64141000,-1.58188500
6.94951200,0.69393400,0.33768000,-0.00069900,0.00274400,0.08096400,0.99671300,-0.01791000,0.51117500,-1.43907000,0.01791000,0.91875600,-1.47600400,0.00903100,0.92465400,-1.37782800,-0.00903100,0.53543400,-1.45994300
6.96499500,0.69630500,0.33625500,-0.00144800,0.00276200,0.08155102,0.99666429,-0.01872900,0.57506300,-1.46403600,0.01872900,0.93559700,-1.62685000,0.01139100,0.94519800,-1.52945000,-0.01139100,0.59982400,-1.48381900
6.97963300,0.69894900,0.33671100,-0.00141500,0.00165600,0.08195803,0.99663340,-0.01983800,0.62913100,-1.47039700,0.01983800,0.98213500,-1.82630900,0.01433300,1.00476100,-1.74139700,-0.01433300,0.65671800,-1.49372400
6.99365500,0.70166700,0.33792100,-0.00131000,0.00155600,0.08251498,0.99658775,-0.02192700,0.67495900,-1.46896400,0.02192700,1.00399500,-1.97326200,0.01552200,1.03576300,-1.89677500,-0.01552200,0.70260600,-1.48986900
7.00759200,0.70430600,0.33914300,-0.00160900,0.00183500,0.08318898,0.99653080,-0.02299600,0.71776500,-1.46500400,0.02299600,0.96570700,-1.99002500,0.01570400,1.00208300,-1.92024300,-0.01570400,0.74416900,-1.48096700
7.02177200,0.70673700,0.33966100,-0.00177300,0.00185200,0.08370403,0.99648736,-0.02338000,0.76193100,-1.46166400,0.02338000,0.85802600,-1.86629300,0.01565100,0.89735200,-1.80598700,-0.01565100,0.78801500,-1.47508400
7.03660000,0.70902600,0.33917000,-0.00175900,0.00161200,0.08392502,0.99646922,-0.02296600,0.80958900,-1.45979800,0.02296600,0.71903300,-1.67673700,0.01408400,0.76190000,-1.63079800,-0.01408400,0.83629900,-1.47315900
7.05265700,0.71139900,0.33817800,-0.00205200,0.00300900,0.08373801,0.99648115,-0.02140400,0.85898300,-1.45897900,0.02140400,0.58968800,-1.51670000,0.00847700,0.63787800,-1.48534400,-0.00847700,0.88051800,-1.46348000
7.06933800,0.71412300,0.33658000,-0.00444100,0.00724100,0.08306400,0.99650801,-0.01813200,0.88177400,-1.52096200,0.01813200,0.58658800,-1.49886900,0.00148300,0.62575000,-1.44337500,-0.00148300,0.88605100,-1.49846300
7.08558900,0.71651700,0.33614600,-0.00336900,0.00559400,0.08306299,0.99652290,-0.01638500,0.91993500,-1.70395400,0.01638500,0.65105600,-1.51123600,0.00057900,0.68866700,-1.45514900,-0.00057900,0.93126800,-1.69780700
7.10055800,0.71842700,0.33714500,-0.00219600,0.00407800,0.08290804,0.99654644,-0.01504400,0.95700400,-1.87804800,0.01504400,0.70263400,-1.50694600,0.00016700,0.73801000,-1.44906800,-0.00016700,0.97715300,-1.89107700
7.11488100,0.72011900,0.33844900,-0.00116900,0.00303200,0.08254699,0.99658188,-0.01428000,0.95187500,-1.96128100,0.01428000,0.74734200,-1.49719300,0.00012500,0.77941500,-1.43496100,-0.00012500,0.97683000,-1.98643700
7.12887600,0.72176300,0.33937600,-0.00034400,0.00236200,0.08224800,0.99660903,-0.01307000,0.87549400,-1.89818700,0.01307000,0.78980400,-1.48780800,0.00035700,0.81755600,-1.41953100,-0.00035700,0.90335500,-1.93060200
7.14280900,0.72353700,0.33935500,0.00013000,0.00159900,0.08205297,0.99662668,-0.01266400,0.74914900,-1.73048000,0.01266400,0.83365300,-1.48128400,0.00097100,0.85770200,-1.40829500,-0.00097100,0.77828200,-1.76736300
7.15722000,0.72556600,0.33857100,-0.00021500,0.00087100,0.08201001,0.99663110,-0.01270800,0.61179600,-1.54367100,0.01270800,0.87905600,-1.47491700,0.00285100,0.89964800,-1.39810000,-0.00285100,0.64060700,-1.58086500
7.17241200,0.72784800,0.33770500,-0.00131800,0.00278700,0.08194799,0.99663184,-0.01596700,0.50939700,-1.43198500,0.01596700,0.92065200,-1.47280500,0.00546600,0.92926800,-1.37867400,-0.00546600,0.53268900,-1.45366700
7.18786900,0.73049300,0.33646900,-0.00205500,0.00243300,0.08235301,0.99659813,-0.01524000,0.57482900,-1.46084900,0.01524000,0.93662700,-1.62315800,0.00779900,0.95076400,-1.53310500,-0.00779900,0.59914800,-1.48265100
7.20238200,0.73332400,0.33695600,-0.00210100,0.00117800,0.08275103,0.99656734,-0.01675900,0.62869100,-1.46694700,0.01675900,0.98299800,-1.82269800,0.01125100,1.01016100,-1.74523400,-0.01125100,0.65590700,-1.49237800
7.21624800,0.73621200,0.33812300,-0.00186200,0.00103300,0.08336101,0.99651714,-0.01972400,0.67430200,-1.46590300,0.01972400,1.00507100,-1.97051300,0.01304400,1.04079700,-1.90050600,-0.01304400,0.70169900,-1.48890900
7.23001800,0.73900800,0.33928900,-0.00204900,0.00135100,0.08407197,0.99645666,-0.02162000,0.71692200,-1.46272300,0.02162000,0.96684900,-1.98818800,0.01397500,1.00654700,-1.92361800,-0.01397500,0.74293300,-1.48032500
7.24402300,0.74162200,0.33977700,-0.00241100,0.00141100,0.08459703,0.99641133,-0.02215200,0.76095500,-1.46032800,0.02215200,0.85902900,-1.86509600,0.01396200,0.90136600,-1.80915600,-0.01396200,0.78612500,-1.47434000
7.25864800,0.74408800,0.33927300,-0.00246200,0.00115500,0.08484802,0.99639019,-0.02221900,0.80843800,-1.45919100,0.02221900,0.71999000,-1.67618600,0.01325700,0.76534900,-1.63345700,-0.01325700,0.83398400,-1.47261000
7.27447100,0.74662800,0.33828600,-0.00265300,0.00238800,0.08474502,0.99639628,-0.02148800,0.85757700,-1.45861500,0.02148800,0.59051500,-1.51645500,0.00903400,0.64083600,-1.48740300,-0.00903400,0.87843400,-1.46377000
7.29085200,0.74942200,0.33663800,-0.00493000,0.00516600,0.08431604,0.99641347,-0.01864500,0.88034200,-1.51924300,0.01864500,0.58619400,-1.49181800,0.00463100,0.62881900,-1.44651000,-0.00463100,0.88697600,-1.50190600
7.30683400,0.75174700,0.33623500,-0.00377600,0.00325000,0.08448900,0.99641196,-0.01727400,0.91771200,-1.70128600,0.01727400,0.64985300,-1.50330900,0.00400500,0.69159900,-1.45886300,-0.00400500,0.93197600,-1.70122100
7.32162600,0.75347600,0.33713200,-0.00229700,0.00195000,0.08436801,0.99643011,-0.01643900,0.95487200,-1.87603300,0.01643900,0.70118100,-1.50100800,0.00360300,0.73997700,-1.45289800,-0.00360300,0.97785100,-1.89431200
7.33577200,0.75492100,0.33834900,-0.00091000,0.00131200,0.08400699,0.99646389,-0.01608200,0.95016400,-1.96020100,0.01608200,0.74566600,-1.49391900,0.00355400,0.77969500,-1.43827200,-0.00355400,0.97772400,-1.98932600
7.34956500,0.75625500,0.33922800,0.00028400,0.00105500,0.08370301,0.99649015,-0.01524600,0.87441800,-1.89789400,0.01524600,0.78787200,-1.48715400,0.00393700,0.81583500,-1.42200500,-0.00393700,0.90466300,-1.93306700
7.36327800,0.75764800,0.33919700,0.00097300,0.00060400,0.08351102,0.99650620,-0.01504400,0.74884300,-1.73094800,0.01504400,0.83139900,-1.48289200,0.00521700,0.85404600,-1.41007100,-0.00521700,0.78020400,-1.76945700
7.37740000,0.75923700,0.33843900,0.00055100,-0.00002100,0.08344303,0.99651240,-0.01513800,0.61248600,-1.54487300,0.01513800,0.87638100,-1.47819300,0.00855800,0.89459600,-1.39980200,-0.00855800,0.64325400,-1.58244800
7.39207700,0.76098400,0.33763500,-0.00028300,0.00167700,0.08337300,0.99651696,-0.01899500,0.51096200,-1.43522100,0.01899500,0.91764700,-1.47665800,0.01212100,0.92389700,-1.38128300,-0.01212100,0.53669700,-1.45807700
7.40732100,0.76331100,0.33616600,-0.00161600,0.00173700,0.08377499,0.99648187,-0.01827800,0.57396900,-1.46037800,0.01827800,0.93406600,-1.62662200,0.01427000,0.94466800,-1.53272900,-0.01427000,0.60097600,-1.48437400
7.42179500,0.76601200,0.33667400,-0.00156900,0.00056900,0.08423099,0.99644486,-0.01950900,0.62745300,-1.46656200,0.01950900,0.98058500,-1.82610700,0.01741900,1.00399900,-1.74407900,-0.01741900,0.65757600,-1.49437800
7.43568100,0.76885700,0.33788400,-0.00136500,0.00052600,0.08487099,0.99639087,-0.02217700,0.67301200,-1.46581100,0.02217700,1.00270800,-1.97352500,0.01867400,1.03497400,-1.89903600,-0.01867400,0.70319100,-1.49077600
7.44946900,0.77165900,0.33909600,-0.00169100,0.00097000,0.08559600,0.99632802,-0.02368300,0.71564000,-1.46309400,0.02368300,0.96478700,-1.99082700,0.01886200,1.00140700,-1.92208700,-0.01886200,0.74399000,-1.48171400
7.46348600,0.77429300,0.33961500,-0.00208800,0.00115400,0.08611701,0.99628217,-0.02412700,0.75973200,-1.46117100,0.02412700,0.85749700,-1.86745300,0.01879500,0.89712700,-1.80761400,-0.01879500,0.78680000,-1.47537300
7.47812600,0.77682000,0.33914000,-0.00222800,0.00102500,0.08634403,0.99626236,-0.02406000,0.80734500,-1.46056100,0.02406000,0.71908800,-1.67820100,0.01705800,0.76237300,-1.63238100,-0.01705800,0.83415700,-1.47311000
7.49396700,0.77946600,0.33818700,-0.00262600,0.00237100,0.08619202,0.99627226,-0.02306300,0.85672300,-1.46057200,0.02306300,0.59023900,-1.51810600,0.01138400,0.63919300,-1.48709900,-0.01138400,0.87797500,-1.46352400
7.51040500,0.78233300,0.33670200,-0.00493200,0.00533300,0.08569996,0.99629451,-0.01991100,0.87957300,-1.52083100,0.01991100,0.58508400,-1.49271500,0.00629400,0.62776000,-1.44570500,-0.00629400,0.88608100,-1.50075900
7.52643100,0.78471000,0.33618800,-0.00376100,0.00345100,0.08587896,0.99629250,-0.01853500,0.91685100,-1.70256400,0.01853500,0.64926100,-1.50506100,0.00566300,0.69086700,-1.45859200,-0.00566300,0.93110300,-1.69993900
7.54122300,0.78650200,0.33701100,-0.00229600,0.00215800,0.08581799,0.99630585,-0.01770700,0.95396700,-1.87691700,0.01770700,0.70083700,-1.50307900,0.00528500,0.73933300,-1.45289100,-0.00528500,0.97711900,-1.89294900
7.55535000,0.78799900,0.33818100,-0.00092500,0.00148900,0.08548102,0.99633826,-0.01734700,0.94930000,-1.96077700,0.01734700,0.74544400,-1.49606600,0.00526800,0.77917700,-1.43849900,-0.00526800,0.97717700,-1.98800100
7.56911700,0.78937400,0.33903600,0.00026900,0.00119300,0.08518296,0.99636458,-0.01645900,0.87365300,-1.89818500,0.01645900,0.78770300,-1.48927900,0.00565900,0.81541300,-1.42237400,-0.00565900,0.90428600,-1.93175400
7.58280500,0.79079800,0.33899600,0.00097400,0.00070000,0.08500200,0.99638006,-0.01621100,0.74815100,-1.73090500,0.01621100,0.83126400,-1.48496200,0.00694300,0.85368400,-1.41051500,-0.00694300,0.77996200,-1.76816000
7.59690200,0.79240600,0.33824000,0.00054500,0.00003300,0.08494396,0.99638558,-0.01629700,0.61189300,-1.54449800,0.01629700,0.87625100,-1.48018700,0.01039400,0.89425100,-1.40027200,-0.01039400,0.64312300,-1.58113200
7.61157300,0.79415400,0.33746500,-0.00008000,0.00181100,0.08488203,0.99638936,-0.02016300,0.51078800,-1.43616100,0.02016300,0.91752000,-1.47887400,0.01367500,0.92302900,-1.38117400,-0.01367500,0.53729600,-1.45718600
7.62677800,0.79648500,0.33621000,-0.00134100,0.00212100,0.08521404,0.99635951,-0.01931200,0.57339300,-1.46148200,0.01931200,0.93323000,-1.62733000,0.01562100,0.94248900,-1.53011600,-0.01562100,0.60032600,-1.48372600
7.64124800,0.79918300,0.33674700,-0.00131500,0.00100200,0.08561797,0.99632667,-0.02026700,0.62670900,-1.46740600,0.02026700,0.97964000,-1.82623300,0.01860600,1.00162900,-1.74081400,-0.01860600,0.65653200,-1.49324800
7.65517700,0.80208700,0.33795000,-0.00118300,0.00088900,0.08622199,0.99627485,-0.02264600,0.67238300,-1.46643800,0.02264600,1.00173600,-1.97327000,0.01970500,1.03298400,-1.89616200,-0.01970500,0.70230300,-1.48970200
7.66899900,0.80491200,0.33914600,-0.00154900,0.00124800,0.08693103,0.99621235,-0.02393100,0.71514400,-1.46351400,0.02393100,0.96383100,-1.99022600,0.01977300,0.99973000,-1.91952800,-0.01977300,0.74340800,-1.48086900
7.68303900,0.80755600,0.33964900,-0.00190500,0.00139600,0.08745001,0.99616611,-0.02434900,0.75928700,-1.46145700,0.02434900,0.85678700,-1.86669300,0.01968500,0.89568500,-1.80520800,-0.01968500,0.78642000,-1.47471800
7.69770000,0.81009100,0.33915600,-0.00204200,0.00122800,0.08767403,0.99614637,-0.02416700,0.80697700,-1.46075900,0.02416700,0.71844700,-1.67727700,0.01756100,0.76108800,-1.63023900,-0.01756100,0.83400000,-1.47266800
7.71356900,0.81275900,0.33818700,-0.00248800,0.00256100,0.08749902,0.99615821,-0.02296400,0.85649000,-1.46079600,0.02296400,0.58958900,-1.51706100,0.01145200,0.63808500,-1.48528100,-0.01145200,0.87790800,-1.46311100
7.73007400,0.81571700,0.33650400,-0.00518900,0.00610500,0.08695699,0.99617985,-0.01975400,0.87932300,-1.52183100,0.01975400,0.58552300,-1.49519500,0.00485000,0.62831900,-1.44563000,-0.00485000,0.88435900,-1.49889800
7.74615800,0.81823100,0.33604300,-0.00452700,0.00434100,0.08711297,0.99617869,-0.01840100,0.91817300,-1.70625400,0.01840100,0.64957700,-1.50737000,0.00496600,0.69108100,-1.45788100,-0.00496600,0.92974800,-1.69851300
7.76104200,0.82016700,0.33699900,-0.00308900,0.00299200,0.08702002,0.99619728,-0.01721800,0.95521300,-1.88023400,0.01721800,0.70114700,-1.50430900,0.00432400,0.73973700,-1.45158800,-0.00432400,0.97590500,-1.89202100
7.77528800,0.82185000,0.33828000,-0.00186500,0.00217000,0.08669300,0.99623097,-0.01643300,0.95030300,-1.96343200,0.01643300,0.74585000,-1.49590500,0.00424600,0.78022800,-1.43702300,-0.00424600,0.97593200,-1.98739300
7.78919300,0.82345100,0.33920400,-0.00081100,0.00174600,0.08640701,0.99625806,-0.01507300,0.87438700,-1.90034300,0.01507300,0.78825300,-1.48788300,0.00445700,0.81722000,-1.42089500,-0.00445700,0.90295100,-1.93158000
7.80303700,0.82513800,0.33919900,-0.00008300,0.00118900,0.08621399,0.99627593,-0.01451900,0.74865500,-1.73260400,0.01451900,0.83202900,-1.48260700,0.00510800,0.85617100,-1.40890000,-0.00510800,0.77848100,-1.76840000
7.81732600,0.82703900,0.33844600,-0.00021700,0.00052000,0.08618599,0.99627891,-0.01454100,0.61179800,-1.54544000,0.01454100,0.87740600,-1.47710600,0.00728400,0.89729300,-1.39828800,-0.00728400,0.64150900,-1.58203300
7.83219400,0.82912000,0.33764400,-0.00078900,0.00282100,0.08618796,0.99627459,-0.01807900,0.51177400,-1.44025300,0.01807900,0.91883000,-1.47629400,0.00965000,0.92467300,-1.37738400,-0.00965000,0.53598800,-1.46049900
7.84761800,0.83161900,0.33623400,-0.00150400,0.00303100,0.08679297,0.99622062,-0.01893100,0.57525000,-1.46528600,0.01893100,0.93580000,-1.62682400,0.01177000,0.94501600,-1.52814800,-0.01177000,0.59950900,-1.48351100
7.86191700,0.83416700,0.33678100,-0.00125200,0.00262500,0.08719401,0.99618710,-0.02000300,0.62697400,-1.47197800,0.02000300,0.98553200,-1.82623000,0.01296900,1.00585100,-1.73771800,-0.01296900,0.65275700,-1.49116200
7.87521800,0.83647600,0.33811900,-0.00104900,0.00343000,0.08784398,0.99612779,-0.02110400,0.66860300,-1.47088700,0.02110400,1.01238500,-1.97399600,0.01293400,1.03912700,-1.89084300,-0.01293400,0.69289500,-1.48459300
7.88815600,0.83839200,0.33940600,-0.00072100,0.00432000,0.08858004,0.99605943,-0.02153000,0.70649400,-1.46650900,0.02153000,0.97992200,-1.99202500,0.01288100,1.00878800,-1.91360100,-0.01288100,0.72964100,-1.47559600
7.90109800,0.83985200,0.33990600,-0.00008000,0.00475200,0.08916297,0.99600571,-0.02083900,0.74528200,-1.46293100,0.02083900,0.87980500,-1.87076200,0.01116500,0.90914100,-1.80040100,-0.01116500,0.76941100,-1.47196800
7.91427900,0.84076600,0.33929200,-0.00030100,0.00499600,0.08924997,0.99599668,-0.01597500,0.78697400,-1.46297000,0.01597500,0.75200800,-1.68554800,0.00438200,0.78348800,-1.63055700,-0.00438200,0.81230800,-1.47355800
7.92795400,0.84114100,0.33794300,-0.00074200,0.00730400,0.08881699,0.99602090,-0.00850000,0.82889700,-1.46767500,0.00850000,0.64139300,-1.53694500,-0.00848800,0.67444700,-1.49467600,0.00848800,0.84960400,-1.47099000
7.94102100,0.84132700,0.33583100,-0.00184200,0.01124900,0.08826498,0.99603181,-0.00473500,0.85375400,-1.52751500,0.00473500,0.64255400,-1.52836400,-0.02084500,0.65740900,-1.45194400,0.02084500,0.86074400,-1.51197500
7.95215200,0.84187200,0.33511700,-0.00124000,0.00934500,0.08857499,0.99602490,-0.00446300,0.90721500,-1.70780300,0.00446300,0.68782700,-1.53563700,-0.01693900,0.70148800,-1.45999700,0.01693900,0.91921800,-1.70608300
7.96085100,0.84264500,0.33602200,-0.00013200,0.00839100,0.08830799,0.99605787,-0.00430700,0.96412700,-1.88129600,0.00430700,0.71641500,-1.52965500,-0.01668200,0.72827900,-1.45213800,0.01668200,0.98242200,-1.89613800
7.96781900,0.84367400,0.33726800,-0.00004700,0.00807800,0.08777496,0.99610757,-0.00433700,0.98171500,-1.96823600,0.00433700,0.73570600,-1.52054900,-0.01663600,0.74634400,-1.44112800,0.01663600,1.00106500,-1.98981600
7.97358700,0.84495100,0.33810200,-0.00078900,0.00792200,0.08732104,0.99614841,-0.00421500,0.93330800,-1.91259900,0.00421500,0.75177100,-1.51404000,-0.01646800,0.76239400,-1.43476800,0.01646800,0.95054300,-1.93470400
7.97845000,0.84654800,0.33796000,-0.00214200,0.00751200,0.08703298,0.99617480,-0.00437700,0.83787200,-1.75730800,0.00437700,0.76841200,-1.51325800,-0.01631100,0.78125900,-1.43817700,0.01631100,0.85134900,-1.77647800
7.98268300,0.84848700,0.33701100,-0.00414600,0.00697800,0.08693698,0.99618075,-0.00495600,0.73750200,-1.59003900,0.00495600,0.78564400,-1.51671200,-0.01615400,0.80237700,-1.44892300,0.01615400,0.74571600,-1.60256800
7.98631100,0.85083600,0.33589500,-0.00709200,0.00693600,0.08692603,0.99616538,-0.01044700,0.67754700,-1.50453400,0.01044700,0.80035300,-1.52168700,-0.01560600,0.82061400,-1.46069300,0.01560600,0.67512500,-1.49833600
7.98932300,0.85267000,0.33457600,-0.00778100,0.00465200,0.08740199,0.99613187,-0.01320200,0.69690700,-1.51226000,0.01320200,0.83743300,-1.64396400,-0.01575700,0.86189700,-1.59277800,0.01575700,0.69855800,-1.51309200
7.99148600,0.85375900,0.33480200,-0.00651700,0.00275900,0.08800698,0.99609472,-0.01848400,0.70528800,-1.50562000,0.01848400,0.91136700,-1.83060300,-0.01585400,0.94105400,-1.78753800,0.01585400,0.71273600,-1.51595500
7.99305000,0.85431300,0.33555900,-0.00492300,0.00224500,0.08875498,0.99603879,-0.02331400,0.70759100,-1.49738900,0.02331400,0.96989300,-1.97556900,-0.01597800,1.00023500,-1.93336700,0.01597800,0.71847400,-1.51208600
7.99433800,0.85444500,0.33622100,-0.00390000,0.00255800,0.08961000,0.99596601,-0.02610600,0.70861600,-1.49280800,0.02610600,0.97230200,-1.99662000,-0.01613900,1.00022800,-1.95324500,0.01613900,0.72082200,-1.50767900
