5.71427500,-0.48170500,0.33269600,-0.00234000,-0.00018200,0.53154725,0.84702539,-0.02197300,0.71239200,-1.51161900,0.09395100,0.72941900,-1.54457600,-0.06491900,0.75685700,-1.53219000,0.13090900,0.72429300,-1.55133400
5.71392800,-0.48226200,0.33199600,-0.00182500,-0.00234500,0.53225799,0.84657699,-0.02153000,0.71360600,-1.51118200,0.10136500,0.77155300,-1.65590600,-0.06302000,0.80228400,-1.65072000,0.13334100,0.73203300,-1.56094200
5.71374900,-0.48243700,0.33230700,-0.00083300,-0.00318600,0.53275317,0.84626427,-0.02341700,0.71169500,-1.50423500,0.11036700,0.85153700,-1.83842400,-0.06277500,0.88327200,-1.83329900,0.13281400,0.73433500,-1.56069900
5.71364900,-0.48249400,0.33312600,-0.00055900,-0.00267300,0.53315696,0.84601194,-0.02521200,0.70726100,-1.49757400,0.11586600,0.91647700,-1.98228500,-0.06264100,0.94669400,-1.97237900,0.13159200,0.73004800,-1.55287300
5.71367600,-0.48247900,0.33392700,-0.00125000,-0.00132500,0.53346087,0.84582279,-0.02588600,0.70311500,-1.49544600,0.11615000,0.92718000,-2.00392100,-0.06043500,0.95378900,-1.98679900,0.13115200,0.72232300,-1.54280900
5.71386400,-0.48224700,0.33416900,-0.00224200,0.00023600,0.53370487,0.84566780,-0.02595900,0.70221700,-1.49972400,0.11194200,0.87820200,-1.89130800,-0.05734500,0.89967100,-1.86713100,0.13145200,0.71685600,-1.53734200
5.71423100,-0.48169000,0.33360800,-0.00320600,0.00172200,0.53385205,0.84557007,-0.02574500,0.70588200,-1.51028500,0.10420000,0.80256900,-1.71952900,-0.05621300,0.81886300,-1.68967400,0.13215500,0.71587300,-1.53868000
5.71485700,-0.48075500,0.33273200,-0.00425200,0.00306900,0.53381009,0.84558814,-0.02494200,0.71214900,-1.52265300,0.09626000,0.74302400,-1.58203500,-0.05722700,0.75493200,-1.54813800,0.13325600,0.71768800,-1.54240600
5.71546700,-0.47954800,0.33217300,-0.00455200,0.00329600,0.53377987,0.84560479,-0.02393500,0.72936200,-1.56733400,0.09363600,0.73706000,-1.55751800,-0.05852900,0.74720400,-1.52087800,0.13694100,0.73385500,-1.58534700
5.71575400,-0.47867200,0.33234600,-0.00317600,0.00210600,0.53368982,0.84567172,-0.02250400,0.79588100,-1.72302100,0.09212000,0.74042500,-1.55086100,-0.06013400,0.75526200,-1.52297100,0.14709900,0.80618000,-1.75504300
5.71574000,-0.47831700,0.33315300,-0.00193700,0.00083800,0.53329110,0.84592916,-0.02202900,0.87084300,-1.88884700,0.09094100,0.73904800,-1.53903400,-0.06185700,0.75901800,-1.52026000,0.15600000,0.88661100,-1.93401600
5.71549100,-0.47848800,0.33406400,-0.00165100,0.00028000,0.53268990,0.84630885,-0.02136900,0.91012500,-1.97350100,0.09108200,0.73433600,-1.52963300,-0.06284400,0.75738200,-1.51483300,0.15851300,0.92823100,-2.02454900
5.71517400,-0.47914100,0.33463700,-0.00204400,0.00073300,0.53213371,0.84665754,-0.02015300,0.88743700,-1.91897000,0.09187700,0.72920100,-1.52738900,-0.06331400,0.75168600,-1.50977300,0.15540800,0.90451700,-1.96770200
5.71484800,-0.48011200,0.33438600,-0.00249400,0.00157400,0.53174894,0.84689690,-0.01966200,0.82029300,-1.76622700,0.09285800,0.72650900,-1.53333100,-0.06364600,0.74698200,-1.51044600,0.14660100,0.83444600,-1.80806000
5.71454700,-0.48129300,0.33350900,-0.00267200,0.00180800,0.53155789,0.84701582,-0.01991100,0.74763000,-1.60043700,0.09431000,0.72607200,-1.54221900,-0.06326500,0.74600900,-1.51738400,0.13614500,0.75845300,-1.63411500
5.71423600,-0.48248900,0.33275700,-0.00169600,-0.00000200,0.53158583,0.84700273,-0.02368700,0.70989800,-1.50976600,0.09564800,0.72719600,-1.54502600,-0.06242500,0.75260400,-1.53046400,0.12855600,0.72355500,-1.55115900
5.71400000,-0.48313400,0.33241900,-0.00076700,-0.00167300,0.53191300,0.84679701,-0.02353500,0.70993600,-1.50679300,0.10327700,0.76953000,-1.65580500,-0.06035700,0.79693200,-1.64549400,0.12970200,0.72904400,-1.55800100
5.71388900,-0.48332500,0.33281700,-0.00006800,-0.00260000,0.53224472,0.84658655,-0.02430900,0.70777200,-1.49938000,0.11221000,0.84946100,-1.83777600,-0.06015900,0.87819300,-1.82807700,0.12973700,0.73066500,-1.55681600
5.71386100,-0.48332900,0.33361600,-0.00011300,-0.00230300,0.53265093,0.84633189,-0.02519900,0.70378000,-1.49304100,0.11758600,0.91447000,-1.98143400,-0.06008000,0.94237800,-1.96825200,0.12943900,0.72669500,-1.54903500
5.71393900,-0.48322300,0.33436700,-0.00094600,-0.00109200,0.53305893,0.84607688,-0.02557400,0.70018400,-1.49140300,0.11773500,0.92526100,-2.00294600,-0.05827000,0.95009100,-1.98363300,0.12959700,0.71969100,-1.53942500
5.71416100,-0.48287900,0.33455100,-0.00196300,0.00045000,0.53343601,0.84583802,-0.02575700,0.69982900,-1.49627800,0.11319500,0.87642800,-1.89037000,-0.05564500,0.89654900,-1.86464300,0.13015700,0.71496600,-1.53450300
5.71458400,-0.48221800,0.33393200,-0.00294500,0.00196600,0.53364813,0.84569920,-0.02568100,0.70403900,-1.50746600,0.10513100,0.80099300,-1.71877800,-0.05491200,0.81620500,-1.68767400,0.13096900,0.71459200,-1.53627800
5.71525400,-0.48118600,0.33302200,-0.00403300,0.00337700,0.53367209,0.84567514,-0.02497200,0.71071900,-1.52038300,0.09664900,0.74165200,-1.58143800,-0.05625900,0.75273700,-1.54669200,0.13212700,0.71666200,-1.54010000
5.71592700,-0.47982100,0.33227900,-0.00464200,0.00355600,0.53371814,0.84564222,-0.02375900,0.72850500,-1.56598700,0.09399500,0.73609500,-1.55708100,-0.05808600,0.74610200,-1.51847800,0.13628100,0.73286000,-1.58284600
5.71623100,-0.47884500,0.33240100,-0.00330000,0.00240500,0.53372018,0.84565128,-0.02223000,0.79561000,-1.72270300,0.09231000,0.73995200,-1.55093400,-0.05960200,0.75431600,-1.52081000,0.14665000,0.80561900,-1.75334200
5.71619100,-0.47842700,0.33321200,-0.00205800,0.00109600,0.53335397,0.84588895,-0.02162200,0.87080400,-1.88882900,0.09096900,0.73873500,-1.53900800,-0.06141100,0.75842000,-1.51836500,0.15578400,0.88636500,-1.93284900
5.71589800,-0.47855700,0.33413700,-0.00177900,0.00044400,0.53274986,0.84627078,-0.02080100,0.91012600,-1.97349400,0.09102800,0.73411400,-1.52931500,-0.06248000,0.75718700,-1.51329700,0.15847300,0.92815400,-2.02376500
5.71552500,-0.47916500,0.33471700,-0.00220900,0.00078600,0.53218610,0.84662416,-0.01947400,0.88749600,-1.91906700,0.09179500,0.72904000,-1.52677400,-0.06299800,0.75193400,-1.50865000,0.15559500,0.90454600,-1.96720200
5.71514300,-0.48008500,0.33446800,-0.00270000,0.00154100,0.53179824,0.84686538,-0.01890100,0.82036100,-1.76637600,0.09270000,0.72641000,-1.53248100,-0.06340500,0.74761300,-1.50969600,0.14706400,0.83451600,-1.80775200
5.71478600,-0.48121300,0.33358900,-0.00289400,0.00176100,0.53160788,0.84698381,-0.01911100,0.74762800,-1.60051900,0.09393600,0.72601800,-1.54131000,-0.06323700,0.74685900,-1.51686100,0.13687700,0.75852100,-1.63399100
5.71444500,-0.48236400,0.33284000,-0.00181200,-0.00011600,0.53166302,0.84695403,-0.02290500,0.71061400,-1.50956800,0.09505400,0.72733700,-1.54419600,-0.06264200,0.75393700,-1.53023500,0.12916100,0.72371500,-1.55090000
5.71418700,-0.48302300,0.33236200,-0.00089700,-0.00182500,0.53215711,0.84664318,-0.02293900,0.71069900,-1.50734300,0.10284100,0.76960100,-1.65519700,-0.06074200,0.79825300,-1.64560500,0.13055400,0.72997500,-1.55892000
5.71406200,-0.48320600,0.33269700,-0.00013500,-0.00265200,0.53252317,0.84641126,-0.02406000,0.70867900,-1.50046400,0.11185700,0.84968900,-1.83764900,-0.06052900,0.87939500,-1.82812400,0.13035100,0.73165400,-1.55803800
5.71402000,-0.48321600,0.33348100,-0.00016000,-0.00226900,0.53289514,0.84617823,-0.02506800,0.70464800,-1.49430100,0.11727700,0.91474500,-1.98149200,-0.06044500,0.94335900,-1.96800000,0.12985200,0.72741400,-1.55014100
5.71409800,-0.48312100,0.33423600,-0.00099600,-0.00101500,0.53324108,0.84596213,-0.02540500,0.70098800,-1.49263200,0.11749700,0.92553100,-2.00300700,-0.05864300,0.95086600,-1.98307700,0.12988500,0.72016200,-1.54034700
5.71432300,-0.48278700,0.33442900,-0.00200400,0.00053300,0.53356971,0.84575355,-0.02553300,0.70057700,-1.49734700,0.11299700,0.87664800,-1.89036900,-0.05597500,0.89709000,-1.86388700,0.13035900,0.71531700,-1.53530100
5.71475100,-0.48213100,0.33382100,-0.00297900,0.00203300,0.53375521,0.84563134,-0.02537800,0.70474800,-1.50834500,0.10496700,0.80109300,-1.71863900,-0.05520300,0.81649300,-1.68674100,0.13117700,0.71491800,-1.53700600
5.71542900,-0.48110600,0.33291900,-0.00408400,0.00343800,0.53374671,0.84562755,-0.02455200,0.71140300,-1.52116900,0.09662200,0.74168600,-1.58122600,-0.05650800,0.75276100,-1.54553300,0.13233700,0.71690800,-1.54073500
5.71611700,-0.47977000,0.33214500,-0.00470300,0.00362400,0.53368899,0.84565998,-0.02348500,0.72960900,-1.56762100,0.09416100,0.73693000,-1.55858400,-0.05856400,0.74729600,-1.51974600,0.13591700,0.73308500,-1.58358600
5.71642100,-0.47881000,0.33223300,-0.00343300,0.00250600,0.53362290,0.84571185,-0.02190500,0.79666900,-1.72437300,0.09268700,0.74079700,-1.55281000,-0.06010100,0.75549200,-1.52214000,0.14641100,0.80581300,-1.75405100
5.71636700,-0.47839200,0.33304200,-0.00219900,0.00120100,0.53324928,0.84595445,-0.02123200,0.87174400,-1.89033600,0.09129500,0.73952600,-1.54082900,-0.06194400,0.75956700,-1.51967100,0.15567800,0.88654400,-1.93350900
5.71605700,-0.47851300,0.33397800,-0.00191800,0.00052700,0.53266609,0.84632315,-0.02032800,0.91090300,-1.97472400,0.09126500,0.73483300,-1.53090500,-0.06304900,0.75831500,-1.51454400,0.15848100,0.92830200,-2.02435300
5.71555600,-0.47913800,0.33456600,-0.00257400,0.00080600,0.53212711,0.84666018,-0.01656800,0.88720300,-1.91826800,0.09206500,0.72910300,-1.52791900,-0.06349800,0.75279500,-1.51015200,0.15711600,0.90552100,-1.96898000
5.71409800,-0.48074100,0.33426700,-0.00371200,0.00119300,0.53192594,0.84678190,0.00373000,0.81395200,-1.75392600,0.09194500,0.72223100,-1.53216200,-0.06429200,0.74562600,-1.51281400,0.15363500,0.84004400,-1.81217400
5.71134500,-0.48331100,0.33345500,-0.00379300,-0.00008600,0.53239973,0.84648457,0.02312000,0.73246100,-1.56987900,0.08827000,0.71341900,-1.53296700,-0.06709900,0.74216100,-1.52538100,0.14943300,0.77018700,-1.64396600
5.70767200,-0.48628900,0.33300900,0.00220300,-0.00580400,0.53387600,0.84553999,0.03203900,0.68533400,-1.45047700,0.07642600,0.70654200,-1.51514600,-0.07619100,0.75578200,-1.55059400,0.14575300,0.74863500,-1.57299100
5.70331800,-0.48753400,0.33305600,0.00511400,-0.01086500,0.53517681,0.84465471,0.01911300,0.68203600,-1.44212600,0.10277800,0.74678400,-1.62374800,-0.05705500,0.79609000,-1.66221900,0.13664600,0.75735100,-1.58298300
5.69865700,-0.48634700,0.33330200,0.00655700,-0.01007700,0.53534613,0.84454720,0.00006000,0.68211800,-1.44770900,0.12995100,0.83179300,-1.81897500,-0.03917200,0.86906500,-1.83176500,0.11750900,0.75068800,-1.57494600
5.69376000,-0.48407600,0.33395300,0.00623500,-0.00705500,0.53548583,0.84449173,-0.02034100,0.68262600,-1.45951800,0.15200400,0.90543000,-1.97844000,-0.02312100,0.92721900,-1.95815000,0.09611000,0.73501300,-1.55494300
5.68871100,-0.48132100,0.33479100,0.00490100,-0.00379700,0.53580500,0.84431900,-0.04064900,0.68390000,-1.47384300,0.16608200,0.92321800,-2.01131500,-0.00546100,0.93044900,-1.96058300,0.07553400,0.71737000,-1.53124700
5.68347200,-0.47814200,0.33518800,0.00266800,-0.00138400,0.53621575,0.84407561,-0.06001500,0.68871400,-1.49296200,0.17136300,0.88105500,-1.90618800,0.01058200,0.87432300,-1.82999000,0.05681500,0.70285100,-1.51080900
5.67783100,-0.47452600,0.33494800,-0.00033000,-0.00036600,0.53661198,0.84382897,-0.07871100,0.69779400,-1.51633400,0.17350900,0.81144600,-1.73924300,0.02443200,0.79167600,-1.64137700,0.03944000,0.69286900,-1.49505900
5.67138100,-0.47018500,0.33454100,-0.00406700,-0.00069900,0.53671523,0.84375336,-0.09792700,0.70970300,-1.53983400,0.17786200,0.75757700,-1.60446200,0.03544200,0.72609800,-1.48853700,0.02130300,0.68459200,-1.47825900
5.66464400,-0.46522300,0.33410100,-0.00957399,-0.00049700,0.53645968,0.84387150,-0.09262500,0.72820500,-1.58831000,0.17391000,0.74675500,-1.56438600,0.02775300,0.71855000,-1.46689500,0.03314700,0.69812100,-1.51831500
5.65824800,-0.46059100,0.33415400,-0.00891600,0.00079600,0.53656174,0.84381359,-0.06981000,0.79608200,-1.74400900,0.14509300,0.74641400,-1.55689100,-0.00025800,0.72823400,-1.47950900,0.06910400,0.78123900,-1.70409800
5.65184300,-0.45682000,0.33496100,-0.00646600,0.00148000,0.53662794,0.84379290,-0.04776600,0.86714400,-1.90063700,0.11478700,0.74138800,-1.53929200,-0.02934500,0.73607600,-1.48715500,0.10270100,0.87066000,-1.89941500
5.64527900,-0.45366700,0.33583300,-0.00480600,0.00164500,0.53640098,0.84394797,-0.02401000,0.90089500,-1.97248800,0.08767100,0.73333300,-1.52017800,-0.05623300,0.74191200,-1.49406900,0.13111800,0.91948000,-2.00414900
5.63857900,-0.45087700,0.33629600,-0.00454600,0.00171600,0.53604824,0.84417337,0.00140400,0.87204900,-1.90394100,0.06382500,0.72465600,-1.50534800,-0.08068500,0.74623400,-1.50304600,0.15194000,0.90113000,-1.96009300
5.63175300,-0.44816000,0.33592300,-0.00526900,0.00187800,0.53584376,0.84429863,0.02646200,0.79714700,-1.73507400,0.04135600,0.71795500,-1.49735000,-0.10392900,0.75129500,-1.51691300,0.16834600,0.83548800,-1.81237200
5.62466100,-0.44517300,0.33503200,-0.00633400,0.00220600,0.53595612,0.84421919,0.05058200,0.71446600,-1.54949200,0.01771600,0.71254800,-1.49190500,-0.12783300,0.75696700,-1.53309900,0.18558700,0.76283300,-1.64896600
5.61743500,-0.44189600,0.33449900,-0.00711600,0.00006900,0.53615480,0.84408968,0.06520600,0.67396000,-1.45304000,-0.00259200,0.70837000,-1.48189800,-0.15031100,0.76885300,-1.55189900,0.20598300,0.72808100,-1.55079100
5.61057100,-0.43882600,0.33455600,-0.00577900,-0.00554200,0.53598103,0.84419205,0.04350700,0.68769700,-1.45813000,0.03101400,0.75574300,-1.60448400,-0.12555500,0.81080200,-1.66606900,0.18399200,0.74189600,-1.55622700
5.60424300,-0.43565900,0.33489500,-0.00317400,-0.00580200,0.53626606,0.84402309,0.01562100,0.69495000,-1.46508000,0.06154700,0.84295700,-1.80345600,-0.10435800,0.88651200,-1.84134400,0.15641500,0.74327200,-1.55044100
5.59823500,-0.43243900,0.33544700,-0.00169600,-0.00418800,0.53661692,0.84381388,-0.01124400,0.69950700,-1.47441500,0.08943700,0.91542100,-1.96397500,-0.08216600,0.94443300,-1.97086600,0.12961200,0.73648800,-1.53657400
5.59239800,-0.42918200,0.33596300,-0.00132700,-0.00199200,0.53693510,0.84362016,-0.03630300,0.70388200,-1.48697500,0.11173300,0.93178900,-1.99927900,-0.05628600,0.94618500,-1.97493400,0.10469300,0.72635100,-1.51993200
5.58665400,-0.42586300,0.33614200,-0.00131500,-0.00026800,0.53724203,0.84342705,-0.06024300,0.71024500,-1.50216100,0.12834200,0.88735100,-1.89812300,-0.02907500,0.88572400,-1.84274200,0.08137800,0.71855600,-1.50652900
5.58077300,-0.42236600,0.33573800,-0.00185800,0.00059900,0.53757414,0.84321423,-0.08333100,0.71964400,-1.52115000,0.14281500,0.81534200,-1.73559700,-0.00317400,0.79727700,-1.64972000,0.05953900,0.71408000,-1.49740800
5.57438200,-0.41834200,0.33515500,-0.00322600,0.00057700,0.53766579,0.84315168,-0.10622600,0.73113300,-1.54090400,0.15943300,0.75951200,-1.60581000,0.01977100,0.72477100,-1.48971000,0.03763500,0.71019800,-1.48701900
5.56803500,-0.41394000,0.33479900,-0.00688400,0.00224000,0.53758218,0.84318028,-0.10145400,0.74667500,-1.58693900,0.15940300,0.74413000,-1.56275700,0.01308900,0.71068300,-1.46278200,0.04699600,0.72290200,-1.52959000
5.56195100,-0.40977700,0.33469900,-0.00607300,0.00299500,0.53764014,0.84314722,-0.07737000,0.81281000,-1.74188400,0.13246400,0.74381200,-1.55487300,-0.01307500,0.72130500,-1.47663400,0.08104700,0.80298000,-1.71256600
5.55580700,-0.40644400,0.33532200,-0.00420000,0.00265200,0.53764906,0.84315409,-0.05473000,0.88265100,-1.89920800,0.10572100,0.73868300,-1.53656700,-0.03876500,0.73066600,-1.48655900,0.11289100,0.89004500,-1.90620600
5.54950300,-0.40373000,0.33606100,-0.00326500,0.00212400,0.53742596,0.84330194,-0.03059000,0.91519200,-1.97233400,0.08202800,0.73021500,-1.51752900,-0.06231000,0.73656700,-1.49449600,0.13907900,0.93623000,-2.00909400
5.54306600,-0.40137400,0.33642900,-0.00354700,0.00172700,0.53708192,0.84352087,-0.00479100,0.88480100,-1.90477900,0.06100400,0.72110600,-1.50308300,-0.08398000,0.74047200,-1.50396000,0.15728600,0.91521300,-1.96344600
5.53651000,-0.39909000,0.33600400,-0.00460800,0.00157900,0.53685172,0.84366256,0.02051200,0.80782700,-1.73662400,0.04088200,0.71384600,-1.49558400,-0.10500900,0.74477500,-1.51795500,0.17093100,0.84658100,-1.81431700
5.52967500,-0.39659600,0.33511200,-0.00573600,0.00162500,0.53691021,0.84361833,0.04471800,0.72279000,-1.55111100,0.01914000,0.70773200,-1.49030300,-0.12721600,0.74973500,-1.53425400,0.18537100,0.77119700,-1.64993200
5.52268100,-0.39385000,0.33462000,-0.00611100,-0.00077100,0.53717094,0.84345091,0.06070600,0.67918500,-1.45197300,-0.00016100,0.70306200,-1.47989400,-0.14877500,0.76134600,-1.55340700,0.20320900,0.73551100,-1.55358900
5.51595200,-0.39109500,0.33460700,-0.00445200,-0.00597400,0.53727322,0.84337535,0.03841800,0.69158300,-1.45713100,0.03379400,0.75113900,-1.60285300,-0.12410800,0.80315400,-1.66565100,0.18164300,0.74868100,-1.55946500
5.50968900,-0.38807200,0.33487200,-0.00213700,-0.00602300,0.53760714,0.84317123,0.01115100,0.69835900,-1.46509000,0.06429000,0.83882600,-1.80254300,-0.10304300,0.87902300,-1.84043700,0.15473600,0.74887800,-1.55327800
5.50374000,-0.38493800,0.33537600,-0.00105700,-0.00430600,0.53794092,0.84297088,-0.01485000,0.70271400,-1.47535400,0.09188000,0.91177500,-1.96342700,-0.08117900,0.93751000,-1.96992600,0.12873100,0.74102700,-1.53882000
5.49796900,-0.38175200,0.33588400,-0.00094500,-0.00206800,0.53824212,0.84278719,-0.03922300,0.70687800,-1.48821600,0.11379300,0.92859800,-1.99879400,-0.05567700,0.94002700,-1.97404500,0.10442200,0.73021900,-1.52173100
5.49229000,-0.37847700,0.33606300,-0.00111500,-0.00030700,0.53852605,0.84260807,-0.06262900,0.71312200,-1.50354300,0.12985900,0.88462000,-1.89738800,-0.02887600,0.88061700,-1.84190300,0.08157800,0.72199300,-1.50800500
5.48647900,-0.37499600,0.33566000,-0.00182300,0.00062000,0.53883997,0.84240595,-0.08526100,0.72248700,-1.52272700,0.14373200,0.81314400,-1.73466200,-0.00343900,0.79332800,-1.64896500,0.06013100,0.71715100,-1.49855000
5.48015800,-0.37095200,0.33508700,-0.00341000,0.00067900,0.53891990,0.84234984,-0.10770500,0.73401400,-1.54281500,0.15993300,0.75796700,-1.60491100,0.01919800,0.72189600,-1.48897600,0.03866000,0.71280500,-1.48761800
5.47396000,-0.36649200,0.33474400,-0.00755700,0.00206600,0.53863678,0.84250166,-0.10267800,0.74988100,-1.58906500,0.16113500,0.74447600,-1.56392300,0.01378300,0.70952600,-1.46378400,0.04797500,0.72393500,-1.52686400
5.46787100,-0.36227500,0.33459000,-0.00730200,0.00271500,0.53870591,0.84245786,-0.07887500,0.81604400,-1.74496800,0.13518100,0.74413400,-1.55649200,-0.01144000,0.72000700,-1.47780300,0.08189300,0.80343900,-1.70911400
5.46169300,-0.35889900,0.33519600,-0.00534700,0.00257000,0.53880412,0.84241019,-0.05618900,0.88576900,-1.90215400,0.10782600,0.73917600,-1.53857100,-0.03752200,0.72896300,-1.48730600,0.11377500,0.89070500,-1.90304100
5.45534700,-0.35612900,0.33594100,-0.00410500,0.00220400,0.53862417,0.84253326,-0.03191900,0.91781200,-1.97456800,0.08316300,0.73094000,-1.51945500,-0.06190500,0.73493800,-1.49503000,0.14004000,0.93704100,-2.00647000
5.44885900,-0.35371100,0.33632300,-0.00408400,0.00187300,0.53828495,0.84275093,-0.00583400,0.88678600,-1.90614000,0.06127200,0.72203600,-1.50461800,-0.08437700,0.73922900,-1.50448700,0.15839800,0.91596100,-1.96120200
5.44224700,-0.35136400,0.33591300,-0.00490800,0.00173400,0.53805834,0.84289153,0.01976700,0.80904100,-1.73709300,0.04044700,0.71494500,-1.49662400,-0.10606500,0.74399900,-1.51858700,0.17217200,0.84705700,-1.81233000
5.43534600,-0.34880000,0.33503600,-0.00589200,0.00178100,0.53811918,0.84284628,0.04424400,0.72327400,-1.55081700,0.01814000,0.70893800,-1.49086900,-0.12882100,0.74932600,-1.53491800,0.18672600,0.77124300,-1.64791600
5.42821000,-0.34599900,0.33445100,-0.00648200,-0.00083000,0.53837618,0.84267929,0.06077800,0.67991600,-1.45363600,-0.00115100,0.70407100,-1.47943500,-0.15021200,0.76138800,-1.55431800,0.20608100,0.73749500,-1.55314600
5.42133400,-0.34320700,0.33441100,-0.00458400,-0.00598100,0.53839192,0.84266088,0.03774200,0.69239600,-1.45856000,0.03256500,0.75165100,-1.60227700,-0.12566300,0.80364700,-1.66830300,0.18340000,0.75147500,-1.56024800
5.41497200,-0.34017500,0.33474300,-0.00216500,-0.00608400,0.53872380,0.84245769,0.01003600,0.69909600,-1.46603700,0.06328900,0.83952600,-1.80232900,-0.10427700,0.87958600,-1.84328900,0.15606800,0.75182100,-1.55403600
5.40896000,-0.33705800,0.33531900,-0.00106900,-0.00443100,0.53906867,0.84224948,-0.01618000,0.70333400,-1.47591100,0.09104900,0.91240200,-1.96311400,-0.08216000,0.93803800,-1.97282200,0.12982500,0.74395100,-1.53938100
5.40312400,-0.33390000,0.33587500,-0.00098000,-0.00220700,0.53938001,0.84205901,-0.04077300,0.70736900,-1.48867100,0.11315400,0.92920400,-1.99858000,-0.05636100,0.94051900,-1.97689600,0.10533100,0.73292400,-1.52202800
5.39736600,-0.33065400,0.33608700,-0.00117500,-0.00045200,0.53968201,0.84186801,-0.06435900,0.71344200,-1.50394400,0.12946100,0.88526100,-1.89732800,-0.02929200,0.88119400,-1.84480800,0.08234500,0.72445400,-1.50808400
5.39147200,-0.32720500,0.33570600,-0.00185800,0.00050100,0.53999921,0.84166332,-0.08728500,0.72261100,-1.52304500,0.14358100,0.81375400,-1.73476100,-0.00349100,0.79389800,-1.65180800,0.06066300,0.71937200,-1.49847100
5.38507200,-0.32320200,0.33514500,-0.00335600,0.00055900,0.54008598,0.84160297,-0.11003400,0.73392900,-1.54286900,0.15991200,0.75847800,-1.60511100,0.01934200,0.72250400,-1.49180900,0.03886600,0.71498100,-1.48758300
5.37865300,-0.31867800,0.33447300,-0.00723900,0.00185800,0.53961720,0.84187732,-0.10445200,0.74983100,-1.58934500,0.16159300,0.74674800,-1.56417300,0.01385400,0.71089800,-1.46521000,0.04769700,0.72697400,-1.52948800
5.37247500,-0.31440800,0.33427100,-0.00657700,0.00280800,0.53945012,0.84198719,-0.08014700,0.81617400,-1.74596200,0.13464900,0.74678600,-1.55773500,-0.01303000,0.72183100,-1.47966800,0.08203000,0.80703700,-1.71363600
5.36624700,-0.31096400,0.33496000,-0.00470200,0.00265600,0.53939222,0.84203734,-0.05714700,0.88581600,-1.90344600,0.10736900,0.74164200,-1.53952100,-0.03943700,0.73095600,-1.48901700,0.11408800,0.89368800,-1.90713700
5.35985000,-0.30812300,0.33579800,-0.00368900,0.00222900,0.53915782,0.84219372,-0.03250300,0.91779300,-1.97594400,0.08295400,0.73315400,-1.51995200,-0.06369800,0.73683000,-1.49636500,0.14058800,0.93934300,-2.00978100
5.35331500,-0.30561700,0.33625500,-0.00384500,0.00187900,0.53883708,0.84239913,-0.00618500,0.88670600,-1.90766600,0.06110400,0.72413800,-1.50474900,-0.08611000,0.74096900,-1.50540700,0.15905600,0.91770600,-1.96403600
5.34665400,-0.30316200,0.33589400,-0.00480800,0.00171800,0.53864096,0.84251994,0.01978900,0.80894300,-1.73871000,0.04019400,0.71707800,-1.49642900,-0.10778400,0.74575700,-1.51922900,0.17299500,0.84835900,-1.81481500
5.33969000,-0.30047000,0.33503300,-0.00592900,0.00174900,0.53872920,0.84245631,0.04470500,0.72320900,-1.55258500,0.01774000,0.71119300,-1.49047600,-0.13062000,0.75123500,-1.53547500,0.18781800,0.77223900,-1.65031500
5.33251900,-0.29758400,0.33454500,-0.00659900,-0.00073100,0.53891919,0.84233130,0.05995900,0.67988400,-1.45468100,-0.00186900,0.70630400,-1.47941600,-0.15260200,0.76324000,-1.55469600,0.20597800,0.73521300,-1.55330100
5.32559900,-0.29476900,0.33461000,-0.00533000,-0.00643400,0.53887281,0.84234571,0.03861100,0.69261500,-1.45922300,0.03191700,0.75346100,-1.60156900,-0.12778300,0.80561000,-1.66883600,0.18466900,0.74859800,-1.55878800
5.31921200,-0.29175800,0.33495900,-0.00277300,-0.00662800,0.53920379,0.84214467,0.01073500,0.69921600,-1.46598700,0.06281000,0.84079700,-1.80086400,-0.10626300,0.88136900,-1.84353200,0.15719100,0.74930700,-1.55273600
5.31312600,-0.28865500,0.33551300,-0.00139500,-0.00487500,0.53954710,0.84194015,-0.01617800,0.70326600,-1.47549200,0.09092600,0.91354400,-1.96187600,-0.08383700,0.93952700,-1.97261800,0.13028000,0.74159400,-1.53837500
5.30719800,-0.28550800,0.33603600,-0.00112100,-0.00252700,0.53984612,0.84175919,-0.04134300,0.70711300,-1.48821700,0.11338800,0.93024000,-1.99763900,-0.05766200,0.94171000,-1.97625500,0.10515800,0.73043700,-1.52112100
5.30134500,-0.28228400,0.33621300,-0.00120200,-0.00066900,0.54012111,0.84158618,-0.06543800,0.71303900,-1.50363800,0.13010000,0.88619400,-1.89674200,-0.03008100,0.88201100,-1.84357400,0.08160100,0.72171100,-1.50717400
5.29533800,-0.27886600,0.33579900,-0.00181200,0.00032900,0.54041901,0.84139402,-0.08882000,0.72205300,-1.52287800,0.14463900,0.81463000,-1.73455100,-0.00381000,0.79447000,-1.65022400,0.05942900,0.71637300,-1.49754100
5.28879800,-0.27491100,0.33521300,-0.00323400,0.00034700,0.54050478,0.84133466,-0.11201100,0.73317900,-1.54264800,0.16134900,0.75919600,-1.60493200,0.01951900,0.72293600,-1.48999700,0.03720900,0.71188000,-1.48673200
5.28233900,-0.27051400,0.33486300,-0.00713800,0.00201500,0.54052815,0.84129323,-0.10705200,0.74865500,-1.58895400,0.16164500,0.74427100,-1.56234900,0.01227800,0.70873800,-1.46332400,0.04592600,0.72456100,-1.52901200
5.27616900,-0.26636700,0.33482100,-0.00634800,0.00284100,0.54067679,0.84120167,-0.08235500,0.81477900,-1.74397300,0.13433500,0.74373400,-1.55424800,-0.01401800,0.71882600,-1.47658600,0.08014600,0.80441000,-1.71174400
5.26996700,-0.26303800,0.33547200,-0.00443800,0.00256300,0.54071092,0.84119287,-0.05922600,0.88446300,-1.90117200,0.10727000,0.73862100,-1.53589000,-0.03994200,0.72804400,-1.48624600,0.11215600,0.89140300,-1.90551900
5.26361400,-0.26032100,0.33621900,-0.00344700,0.00208300,0.54049597,0.84133696,-0.03449500,0.91677900,-1.97407800,0.08325200,0.73025900,-1.51687000,-0.06375500,0.73397800,-1.49409200,0.13858500,0.93753500,-2.00867000
5.25713800,-0.25795900,0.33658400,-0.00366800,0.00171100,0.54015608,0.84155512,-0.00797800,0.88612200,-1.90625100,0.06195900,0.72132400,-1.50246000,-0.08567200,0.73801900,-1.50355300,0.15706300,0.91638300,-1.96324800
5.25054800,-0.25566500,0.33615100,-0.00465500,0.00158100,0.53993587,0.84169180,0.01813600,0.80881700,-1.73773600,0.04154600,0.71427900,-1.49499700,-0.10696200,0.74251000,-1.51758600,0.17099500,0.84761800,-1.81443000
5.24367400,-0.25316200,0.33524600,-0.00571900,0.00165400,0.54000605,0.84164008,0.04316800,0.72340500,-1.55177100,0.01951300,0.70837900,-1.48978200,-0.12945100,0.74763700,-1.53391400,0.18576600,0.77208200,-1.65033800
5.23665000,-0.25042000,0.33472100,-0.00607600,-0.00068200,0.54026371,0.84147355,0.05986800,0.67932000,-1.45181600,-0.00003300,0.70375200,-1.47932000,-0.15116400,0.75922700,-1.55300000,0.20391300,0.73567100,-1.55288200
5.22990500,-0.24769200,0.33468800,-0.00446600,-0.00600200,0.54033604,0.84141606,0.03781300,0.69199600,-1.45701900,0.03380500,0.75164000,-1.60223000,-0.12626400,0.80170900,-1.66643000,0.18253500,0.74917700,-1.55903600
5.22363200,-0.24470700,0.33493900,-0.00219300,-0.00607600,0.54066696,0.84121193,0.01068000,0.69886900,-1.46507400,0.06417700,0.83930000,-1.80199600,-0.10511600,0.87776500,-1.84148400,0.15578500,0.74950300,-1.55301100
5.21767400,-0.24161500,0.33543300,-0.00111000,-0.00434300,0.54099797,0.84101195,-0.01529900,0.70326100,-1.47537800,0.09168700,0.91224600,-1.96301100,-0.08312400,0.93635300,-1.97105300,0.12978700,0.74172600,-1.53870000
5.21189900,-0.23846800,0.33593200,-0.00101300,-0.00210400,0.54128801,0.84083401,-0.03960000,0.70747500,-1.48826700,0.11350700,0.92901400,-1.99843500,-0.05743400,0.93902200,-1.97527300,0.10554000,0.73099000,-1.52173200
5.20622600,-0.23523100,0.33610700,-0.00117600,-0.00034000,0.54156383,0.84065874,-0.06294100,0.71375900,-1.50355300,0.12952200,0.88502400,-1.89719300,-0.03039900,0.87985500,-1.84325800,0.08274500,0.72287900,-1.50815200
5.20042700,-0.23178900,0.33570200,-0.00186700,0.00060900,0.54187607,0.84045611,-0.08553300,0.72314500,-1.52269200,0.14339300,0.81350600,-1.73463500,-0.00466100,0.79275900,-1.65034300,0.06135800,0.71813300,-1.49881700
5.19412600,-0.22778800,0.33512900,-0.00340700,0.00073400,0.54195816,0.84039824,-0.10798900,0.73466900,-1.54275900,0.15949100,0.75828200,-1.60505700,0.01820200,0.72142400,-1.49021300,0.03986900,0.71384800,-1.48799700
5.18788700,-0.22339000,0.33475100,-0.00717800,0.00229900,0.54168909,0.84054513,-0.10274700,0.74996700,-1.58830500,0.15961300,0.74442700,-1.56373100,0.01232200,0.70856200,-1.46354200,0.04925200,0.72599900,-1.53021300
5.18177600,-0.21921100,0.33462100,-0.00652600,0.00299000,0.54163622,0.84058234,-0.07868200,0.81586300,-1.74357300,0.13319200,0.74432700,-1.55603300,-0.01367400,0.71959500,-1.47767500,0.08312600,0.80558500,-1.71289300
5.17555900,-0.21587000,0.33524100,-0.00463700,0.00269500,0.54164091,0.84059286,-0.05592100,0.88551900,-1.90078700,0.10634400,0.73929900,-1.53779300,-0.03948700,0.72895000,-1.48745800,0.11487400,0.89243100,-1.90639100
5.16920300,-0.21316300,0.33599200,-0.00362600,0.00220600,0.54143192,0.84073388,-0.03164700,0.91770500,-1.97361100,0.08237300,0.73091300,-1.51862100,-0.06323200,0.73487800,-1.49521200,0.14093800,0.93832700,-2.00920800
5.16271600,-0.21081600,0.33637500,-0.00379300,0.00182100,0.54110104,0.84094706,-0.00563200,0.88683500,-1.90559800,0.06099800,0.72191300,-1.50391300,-0.08521900,0.73895000,-1.50458300,0.15899900,0.91696900,-1.96352100
5.15611100,-0.20854500,0.33596400,-0.00476100,0.00164700,0.54088405,0.84108208,0.01991600,0.80927700,-1.73696900,0.04057300,0.71475000,-1.49606600,-0.10648500,0.74350000,-1.51857700,0.17251200,0.84789500,-1.81437900
5.14921500,-0.20606100,0.33508300,-0.00584600,0.00165500,0.54094314,0.84103722,0.04432500,0.72365800,-1.55104700,0.01860700,0.70868900,-1.49043600,-0.12891100,0.74868900,-1.53488300,0.18678500,0.77200100,-1.64986500
5.14207500,-0.20332400,0.33454100,-0.00637900,-0.00090400,0.54120197,0.84086795,0.06067000,0.67993500,-1.45301900,-0.00055300,0.70392300,-1.47944300,-0.15046900,0.76065000,-1.55422600,0.20565100,0.73739000,-1.55334100
5.13521700,-0.20061000,0.33446200,-0.00501800,-0.00624600,0.54127592,0.84080687,0.03892700,0.69251500,-1.45891600,0.03310600,0.75106100,-1.60074300,-0.12624600,0.80291500,-1.66750700,0.18433900,0.75069200,-1.55981100
5.12888500,-0.19766100,0.33475100,-0.00261800,-0.00634300,0.54163070,0.84058854,0.01142800,0.69921300,-1.46656700,0.06365200,0.83899000,-1.80085100,-0.10507400,0.87899500,-1.84268000,0.15728600,0.75112500,-1.55387100
5.12287900,-0.19459700,0.33529200,-0.00134400,-0.00457200,0.54197691,0.84037986,-0.01506800,0.70338300,-1.47637800,0.09133800,0.91205200,-1.96204900,-0.08304300,0.93744800,-1.97211300,0.13082900,0.74343000,-1.53960400
5.11704800,-0.19147300,0.33582200,-0.00111700,-0.00223400,0.54227097,0.84019995,-0.03984900,0.70738700,-1.48909100,0.11339100,0.92898000,-1.99778600,-0.05725800,0.93987800,-1.97596100,0.10609800,0.73250300,-1.52250500
5.11131700,-0.18825300,0.33601300,-0.00121400,-0.00038900,0.54252834,0.84003653,-0.06352300,0.71353600,-1.50435700,0.12965200,0.88509200,-1.89676900,-0.03008200,0.88048500,-1.84366500,0.08291800,0.72414900,-1.50876800
5.10546000,-0.18482900,0.33562500,-0.00187200,0.00059800,0.54282292,0.83984488,-0.08634200,0.72279400,-1.52344000,0.14365000,0.81362100,-1.73430600,-0.00430500,0.79322600,-1.65059100,0.06124300,0.71918300,-1.49925300
5.09909700,-0.18085200,0.33506500,-0.00337000,0.00066500,0.54290923,0.83978436,-0.10897400,0.73424700,-1.54329400,0.15978600,0.75820100,-1.60449500,0.01839500,0.72186400,-1.49062000,0.03959500,0.71495400,-1.48846100
5.09273500,-0.17639300,0.33433900,-0.00713800,0.00210400,0.54252905,0.84000408,-0.10359100,0.74984800,-1.58913800,0.16115200,0.74686800,-1.56462000,0.01289100,0.71048700,-1.46475100,0.04861500,0.72704500,-1.53022300
5.08656100,-0.17220100,0.33424800,-0.00655100,0.00282100,0.54239096,0.84009593,-0.07938200,0.81631000,-1.74587800,0.13465900,0.74665500,-1.55707100,-0.01343200,0.72153200,-1.47899300,0.08262000,0.80703700,-1.71408700
5.08034000,-0.16883300,0.33499500,-0.00465900,0.00254800,0.54231173,0.84016058,-0.05647500,0.88589000,-1.90328300,0.10763500,0.74144800,-1.53839700,-0.03960500,0.73091100,-1.48842600,0.11445100,0.89377200,-1.90777800
5.07395700,-0.16607400,0.33586300,-0.00364100,0.00209100,0.54206084,0.84032875,-0.03193300,0.91789400,-1.97592000,0.08343300,0.73292800,-1.51881500,-0.06370400,0.73679400,-1.49577400,0.14073200,0.93948100,-2.01053500
5.06743600,-0.16365700,0.33633300,-0.00379400,0.00174600,0.54172892,0.84054288,-0.00574400,0.88684900,-1.90781900,0.06175700,0.72389700,-1.50378500,-0.08598100,0.74083500,-1.50478900,0.15896400,0.91788700,-1.96487200
5.06079200,-0.16129500,0.33597800,-0.00476300,0.00159500,0.54152226,0.84067140,0.02011000,0.80918100,-1.73908200,0.04103500,0.71682000,-1.49570300,-0.10750400,0.74548700,-1.51858200,0.17269300,0.84862400,-1.81574600
5.05384300,-0.15870600,0.33512000,-0.00585900,0.00163700,0.54160388,0.84061182,0.04490000,0.72352700,-1.55313400,0.01871700,0.71093000,-1.48998400,-0.13022800,0.75084800,-1.53482300,0.18731100,0.77261600,-1.65136900
