4.54929100,0.03700200,0.33273800,-0.00086200,0.00074100,0.51965285,0.85437675,-0.02118000,0.86269300,-1.88947700,0.07981300,0.74762600,-1.53609300,-0.06935700,0.77167000,-1.52667700,0.15413000,0.88182400,-1.93592600
4.54973500,0.03709900,0.33370900,-0.00037300,0.00095300,0.51921004,0.85464606,-0.02088000,0.90187400,-1.97518600,0.08022500,0.74487700,-1.52903000,-0.06963800,0.76887100,-1.51816800,0.15636300,0.92241300,-2.02538600
4.55023200,0.03699500,0.33434600,-0.00061400,0.00165900,0.51875080,0.85492367,-0.02203300,0.87945000,-1.92297000,0.08202400,0.74293700,-1.52783600,-0.06886000,0.76466500,-1.51133800,0.15030400,0.89637100,-1.96683600
4.55075100,0.03672500,0.33414500,-0.00112900,0.00264700,0.51849492,0.85507587,-0.02190000,0.81195500,-1.77138200,0.08429100,0.74394900,-1.53478300,-0.06744000,0.76206600,-1.51040900,0.14116200,0.82522600,-1.80614300
4.55111100,0.03629300,0.33333000,-0.00177400,0.00289100,0.51842091,0.85511885,-0.02239800,0.73924000,-1.60740700,0.08728600,0.74688800,-1.54439000,-0.06517300,0.76310900,-1.51604700,0.13011900,0.74773000,-1.63047000
4.55135500,0.03587300,0.33259100,-0.00151000,0.00131700,0.51854500,0.85504799,-0.02978000,0.70321200,-1.51846700,0.08991700,0.75069000,-1.54868100,-0.06277700,0.77065600,-1.52731000,0.12080700,0.71173700,-1.54687700
4.55152200,0.03590100,0.33178400,-0.00231500,-0.00007000,0.51920101,0.85464902,-0.02833500,0.70673200,-1.51991400,0.09658400,0.79183700,-1.66181700,-0.06113700,0.81397600,-1.64494500,0.12523000,0.71774500,-1.55375300
4.55181200,0.03601900,0.33212300,-0.00134800,-0.00102800,0.51967706,0.85436110,-0.02896200,0.70623100,-1.51221900,0.10498500,0.87091400,-1.84403100,-0.06116800,0.89490800,-1.82884000,0.12586800,0.72214500,-1.55412500
4.55214800,0.03606700,0.33301400,-0.00090400,-0.00100600,0.52018407,0.85405311,-0.02945200,0.70259700,-1.50335400,0.10980300,0.93393300,-1.98572900,-0.06124100,0.95819000,-1.96962400,0.12630000,0.72076700,-1.54778200
4.55256400,0.03605200,0.33388800,-0.00107600,0.00005300,0.52070617,0.85373528,-0.02971700,0.69853500,-1.49873300,0.10973900,0.94247600,-2.00548300,-0.06008700,0.96438600,-1.98528100,0.12691200,0.71569100,-1.53945800
4.55312300,0.03613800,0.33418200,-0.00139800,0.00155100,0.52120996,0.85342593,-0.02990800,0.69719000,-1.50070000,0.10516700,0.89076000,-1.89152200,-0.05825300,0.90856300,-1.86633100,0.12783600,0.71232200,-1.53575000
4.55388100,0.03644700,0.33364300,-0.00186600,0.00295200,0.52150123,0.85324338,-0.02935900,0.70033500,-1.50935600,0.09708900,0.81223100,-1.71843400,-0.05806800,0.82598100,-1.68980000,0.12938200,0.71289500,-1.53866200
4.55486900,0.03711700,0.33275500,-0.00267300,0.00397500,0.52152788,0.85322080,-0.02739600,0.70630300,-1.52005100,0.08804800,0.74919800,-1.57856600,-0.06066800,0.76104600,-1.55078200,0.13185500,0.71622900,-1.54406400
4.55572700,0.03809000,0.33207400,-0.00270200,0.00330200,0.52177096,0.85307494,-0.02597800,0.72342200,-1.56353400,0.08592700,0.74372700,-1.55375800,-0.06272200,0.75450000,-1.52280900,0.13571200,0.73387100,-1.58851100
4.55635300,0.03880400,0.33229100,-0.00116400,0.00195100,0.52195427,0.85297044,-0.02528000,0.78971400,-1.71947100,0.08496200,0.74749800,-1.54675200,-0.06295500,0.76243200,-1.52440600,0.14462400,0.80571100,-1.75818300
4.55677700,0.03913400,0.33313800,0.00008300,0.00076600,0.52170410,0.85312616,-0.02523200,0.86438400,-1.88646600,0.08473400,0.74688700,-1.53556000,-0.06332000,0.76583900,-1.52061000,0.15215200,0.88498900,-1.93647600
4.55704400,0.03904300,0.33408500,0.00062100,0.00057100,0.52122495,0.85341891,-0.02518600,0.90330100,-1.97206400,0.08529100,0.74355000,-1.52745800,-0.06357900,0.76387900,-1.51357500,0.15369200,0.92550600,-2.02622800
4.55725100,0.03854000,0.33468800,0.00055400,0.00137400,0.52081468,0.85366848,-0.02487200,0.88027800,-1.91826500,0.08639900,0.74015600,-1.52643400,-0.06337000,0.75822000,-1.50699300,0.14936500,0.90084400,-1.96878600
4.55749500,0.03776600,0.33446300,0.00004200,0.00225500,0.52052285,0.85384476,-0.02483900,0.81293500,-1.76663800,0.08878500,0.73930500,-1.53320200,-0.06197900,0.75422200,-1.50660000,0.13923500,0.82954100,-1.80811300
4.55780600,0.03681900,0.33360000,-0.00077700,0.00226500,0.52039777,0.85392062,-0.02547800,0.74059400,-1.60316200,0.09303200,0.74082500,-1.54287500,-0.05862600,0.75420100,-1.51275800,0.12709100,0.75192300,-1.63226100
4.55812200,0.03590800,0.33291700,-0.00044400,0.00067900,0.52045107,0.85389111,-0.03224000,0.70269700,-1.51085200,0.09667800,0.74359600,-1.54744200,-0.05537600,0.76049600,-1.52412200,0.11776700,0.71569000,-1.54765700
4.55844200,0.03547200,0.33237200,-0.00018600,-0.00007100,0.52079108,0.85368414,-0.03051900,0.70335200,-1.51128000,0.10273500,0.78553500,-1.66031200,-0.05478300,0.80373300,-1.63938000,0.12031300,0.72001500,-1.55370200
4.55882600,0.03541000,0.33270900,0.00068800,-0.00069200,0.52118200,0.85344500,-0.03067700,0.70205200,-1.50388800,0.11045200,0.86508300,-1.84255200,-0.05489900,0.88476700,-1.82252100,0.12113500,0.72277200,-1.55331800
4.55924600,0.03539700,0.33351500,0.00095000,-0.00034900,0.52172198,0.85311497,-0.03091800,0.69816100,-1.49628100,0.11449900,0.92905900,-1.98496400,-0.05501500,0.94882800,-1.96361000,0.12190100,0.72044100,-1.54663600
4.55974700,0.03537100,0.33429700,0.00062500,0.00097800,0.52229694,0.85276290,-0.03106500,0.69414200,-1.49291300,0.11398500,0.93856100,-2.00515400,-0.05489400,0.95611300,-1.97987200,0.12282800,0.71479800,-1.53821200
4.56040300,0.03549400,0.33451200,0.00011100,0.00266100,0.52280317,0.85244927,-0.03094500,0.69306600,-1.49599500,0.10796200,0.88784800,-1.89130100,-0.05466900,0.90171300,-1.86169400,0.12406600,0.71106200,-1.53435600
4.56127900,0.03588100,0.33390400,-0.00085800,0.00395700,0.52304286,0.85229677,-0.02919200,0.69682900,-1.50576200,0.09832700,0.81002200,-1.71773900,-0.05485200,0.82077000,-1.68654500,0.12670900,0.71150900,-1.53704700
4.56237700,0.03664200,0.33298800,-0.00228200,0.00485100,0.52304202,0.85229004,-0.02579500,0.70331000,-1.51747900,0.08723000,0.74738000,-1.57671900,-0.05945200,0.75776400,-1.54973000,0.13050200,0.71443300,-1.54175600
4.56328300,0.03771000,0.33233500,-0.00276700,0.00348100,0.52328316,0.85214726,-0.02374900,0.72117700,-1.56143100,0.08575200,0.74379500,-1.55326500,-0.06229900,0.75326000,-1.52102700,0.13461500,0.73212500,-1.58525900
4.56389300,0.03843100,0.33243800,-0.00119200,0.00188800,0.52354884,0.85199274,-0.02333800,0.78749100,-1.71746900,0.08484700,0.74817300,-1.54620600,-0.06232900,0.76234000,-1.52393600,0.14385200,0.80457800,-1.75644300
4.56427600,0.03874700,0.33321500,-0.00000300,0.00073000,0.52334029,0.85212347,-0.02328700,0.86241500,-1.88478400,0.08451800,0.74760200,-1.53536500,-0.06269100,0.76569100,-1.52037200,0.15155300,0.88391200,-1.93474600
4.56451800,0.03868100,0.33411500,0.00047400,0.00055000,0.52287313,0.85241021,-0.02329700,0.90162700,-1.97073100,0.08505800,0.74429800,-1.52749300,-0.06294200,0.76371500,-1.51349300,0.15320000,0.92450900,-2.02456000
4.56470500,0.03820800,0.33468600,0.00038000,0.00136900,0.52245793,0.85266388,-0.02317400,0.87885400,-1.91712600,0.08609300,0.74093500,-1.52659900,-0.06282200,0.75808600,-1.50701900,0.14905900,0.89991200,-1.96711200
4.56492600,0.03746800,0.33443900,-0.00012200,0.00227100,0.52215481,0.85284769,-0.02321900,0.81169100,-1.76551900,0.08833600,0.74012500,-1.53345600,-0.06162900,0.75417700,-1.50673300,0.13910700,0.82867600,-1.80644000
4.56521300,0.03656500,0.33355900,-0.00093600,0.00229400,0.52201984,0.85292974,-0.02393400,0.73955600,-1.60214400,0.09242900,0.74173400,-1.54317600,-0.05845500,0.75426900,-1.51299700,0.12716900,0.75106900,-1.63054100
4.56555000,0.03567000,0.33285500,-0.00048700,0.00071200,0.52211719,0.85287332,-0.03181600,0.70289800,-1.51072700,0.09576900,0.74472100,-1.54777000,-0.05536400,0.76084300,-1.52440100,0.11810500,0.71601600,-1.54816000
4.56582100,0.03529500,0.33222400,-0.00087500,-0.00021000,0.52250913,0.85263321,-0.02940600,0.70446900,-1.51355800,0.10164200,0.78639900,-1.66024600,-0.05458500,0.80447200,-1.64036600,0.12189300,0.71981000,-1.55383200
4.56618800,0.03523700,0.33254500,0.00004800,-0.00088300,0.52291589,0.85238383,-0.02965200,0.70322500,-1.50610500,0.10947300,0.86598100,-1.84269000,-0.05470700,0.88555600,-1.82361100,0.12268200,0.72285400,-1.55371400
4.56659300,0.03521600,0.33336200,0.00038800,-0.00060900,0.52344507,0.85205912,-0.02994000,0.69931700,-1.49812100,0.11360800,0.92979200,-1.98494800,-0.05482800,0.94958700,-1.96469800,0.12337200,0.72075700,-1.54721800
4.56708200,0.03517800,0.33416200,0.00012700,0.00066400,0.52400686,0.85171377,-0.03012900,0.69522900,-1.49438800,0.11319300,0.93913400,-2.00507400,-0.05468100,0.95679200,-1.98083300,0.12421700,0.71524800,-1.53887300
4.56772300,0.03528600,0.33439400,-0.00031500,0.00233200,0.52451002,0.85140103,-0.03012800,0.69402400,-1.49715300,0.10739800,0.88828800,-1.89122100,-0.05439000,0.90227400,-1.86250600,0.12535400,0.71158700,-1.53508700
4.56858300,0.03565800,0.33380200,-0.00114500,0.00368600,0.52476590,0.85123784,-0.02869900,0.69762800,-1.50665700,0.09799400,0.81039400,-1.71780300,-0.05456600,0.82115100,-1.68700200,0.12769400,0.71204000,-1.53782700
4.56973800,0.03602200,0.33290700,-0.00242600,0.00392800,0.52477710,0.85122716,-0.02411700,0.70328800,-1.51626900,0.08424000,0.74581100,-1.57403600,-0.06359400,0.76091700,-1.55390200,0.13274800,0.71594700,-1.54399700
4.57071500,0.03686100,0.33205700,-0.00346500,0.00235600,0.52517118,0.85098629,-0.02151800,0.72123600,-1.56163300,0.08207800,0.74266500,-1.54960900,-0.06829100,0.76100000,-1.52905500,0.13754100,0.73305600,-1.58722300
4.57149700,0.03751500,0.33209900,-0.00195500,0.00128200,0.52557386,0.85074477,-0.02207800,0.78854500,-1.72138600,0.08141700,0.74751800,-1.54489400,-0.06783200,0.76819600,-1.53037200,0.14518900,0.80373900,-1.75638000
4.57218700,0.03799200,0.33289000,-0.00101500,0.00086500,0.52537913,0.85086720,-0.02211600,0.86416400,-1.88993600,0.08148800,0.74738300,-1.53628300,-0.06775700,0.76968700,-1.52446200,0.15263500,0.88272100,-1.93422900
4.57265100,0.03810900,0.33384800,-0.00047800,0.00102400,0.52493598,0.85114096,-0.02184400,0.90320300,-1.97553900,0.08193400,0.74481100,-1.52914300,-0.06804300,0.76728200,-1.51620300,0.15485700,0.92334500,-2.02394000
4.57317000,0.03799900,0.33446800,-0.00070700,0.00165300,0.52447236,0.85142558,-0.02299400,0.88068000,-1.92339300,0.08385900,0.74296500,-1.52788000,-0.06715900,0.76337300,-1.50966200,0.14886600,0.89723900,-1.96560700
4.57371400,0.03770200,0.33425300,-0.00120700,0.00259000,0.52420776,0.85158561,-0.02283900,0.81302700,-1.77184800,0.08628300,0.74401200,-1.53483900,-0.06565900,0.76092600,-1.50892400,0.13981600,0.82593900,-1.80499000
4.57425500,0.03724300,0.33342900,-0.00171800,0.00291200,0.52411184,0.85164274,-0.02554400,0.74197300,-1.61089100,0.08972500,0.74765900,-1.54527400,-0.06300000,0.76174900,-1.51384900,0.12741900,0.74767000,-1.62771100
4.57648300,0.03757200,0.33261200,-0.00542800,0.00561300,0.52425903,0.85152305,-0.03779600,0.72046600,-1.53614000,0.09867000,0.75249400,-1.56417700,-0.05436100,0.75415400,-1.50966900,0.11055900,0.70484600,-1.52644300
4.58047500,0.03749700,0.33221200,-0.00820700,0.00779700,0.52511427,0.85095644,-0.02413000,0.72126300,-1.54223500,0.08957100,0.79723600,-1.67795200,-0.06825100,0.79981200,-1.62520600,0.12556800,0.70340200,-1.52480600
4.58514200,0.03594500,0.33309600,-0.00719900,0.00626500,0.52554891,0.85070986,-0.00874400,0.71639900,-1.52083600,0.08094500,0.87179300,-1.84723000,-0.08479200,0.88689000,-1.81885100,0.14180200,0.71198000,-1.52845400
4.59038300,0.03349700,0.33445300,-0.00515800,0.00515500,0.52593216,0.85049526,0.00731400,0.70638700,-1.49207600,0.06946900,0.92885400,-1.97434300,-0.10079000,0.95578000,-1.96983400,0.15851200,0.71836900,-1.53025600
4.59631600,0.03054900,0.33560700,-0.00354000,0.00479200,0.52619882,0.85034070,0.02575500,0.69515200,-1.46513900,0.05195300,0.93107500,-1.97974700,-0.11351900,0.96639100,-1.99526100,0.17763500,0.72243200,-1.53209100
4.60310900,0.02748500,0.33601000,-0.00261000,0.00510800,0.52629297,0.85028395,0.04736000,0.68609100,-1.44438500,0.02997700,0.87161700,-1.85136500,-0.12356800,0.91391300,-1.88571800,0.19993300,0.72712400,-1.53769700
4.61103900,0.02445700,0.33541200,-0.00242600,0.00596300,0.52612801,0.85038102,0.07326900,0.68038200,-1.42988200,0.00439000,0.78436700,-1.66251800,-0.13637200,0.83454200,-1.71851400,0.22634100,0.73393200,-1.54804100
4.62052700,0.02146900,0.33413800,-0.00239200,0.00801800,0.52574314,0.85060222,0.10292400,0.67573200,-1.41671000,-0.02528600,0.71214900,-1.50695400,-0.15756600,0.77200900,-1.58701200,0.25623200,0.74124500,-1.55926700
4.62973800,0.01862900,0.33339900,0.00266100,0.00639400,0.52691111,0.84989218,0.09761500,0.69432500,-1.46293600,-0.01350500,0.72297900,-1.49922500,-0.15888600,0.76948500,-1.54572200,0.25796400,0.76283700,-1.60980100
4.63782300,0.01565200,0.33361300,0.00457200,0.00319100,0.52764909,0.84944414,0.07476900,0.77060200,-1.64309700,0.01418100,0.73715600,-1.50421100,-0.12922600,0.77814800,-1.54209900,0.24395000,0.83185100,-1.78327200
4.64514000,0.01268200,0.33447400,0.00499700,0.00200100,0.52745496,0.84956594,0.05279100,0.85626100,-1.83611000,0.04094100,0.74367700,-1.50815600,-0.10238300,0.77479400,-1.52661700,0.22806100,0.90523800,-1.95582100
4.65216800,0.00953600,0.33541500,0.00463800,0.00196500,0.52707115,0.84980623,0.02892900,0.90393000,-1.94410500,0.06724000,0.74720700,-1.51391200,-0.07663900,0.76521900,-1.50651000,0.20290200,0.93869500,-2.03659600
4.65910400,0.00603800,0.33602300,0.00315900,0.00211300,0.52654679,0.85013766,0.00263100,0.88770600,-1.91062500,0.09570300,0.74998000,-1.52361400,-0.04960000,0.75362300,-1.48746000,0.16543900,0.90576500,-1.96745600
4.66610700,0.00214700,0.33583700,0.00082300,0.00161600,0.52590400,0.85054200,-0.02687500,0.82757000,-1.78092200,0.12757100,0.75421700,-1.53811300,-0.02008700,0.74454800,-1.47460300,0.12043200,0.82404900,-1.79147600
4.67343000,-0.00222900,0.33501800,-0.00154300,-0.00009300,0.52538627,0.85086243,-0.06147900,0.76271500,-1.63980600,0.16259700,0.75990700,-1.55317400,0.01250500,0.73934800,-1.46718200,0.07158400,0.73350400,-1.59499200
4.68042600,-0.00701700,0.33429900,-0.00095400,-0.00087100,0.52510783,0.85103472,-0.10548300,0.72344200,-1.55189500,0.19141400,0.76521700,-1.56589200,0.03837000,0.73627800,-1.46441200,0.03501100,0.68326000,-1.49659600
4.68756200,-0.01076400,0.33335000,-0.00409000,0.00100100,0.52507407,0.85104612,-0.08072300,0.71719800,-1.54362800,0.17679400,0.80685100,-1.67998000,0.01971900,0.78798900,-1.59384100,0.06590600,0.68225500,-1.50854600
4.69441700,-0.01427000,0.33353100,-0.00212400,0.00106900,0.52544511,0.85082418,-0.05857700,0.70911200,-1.52431800,0.16422300,0.88519700,-1.85831400,-0.00006900,0.87878000,-1.79283400,0.08866300,0.69142000,-1.52227900
4.70098700,-0.01788600,0.33436300,0.00041300,0.00173100,0.52602583,0.85046673,-0.03959000,0.69713800,-1.49977400,0.14741300,0.94578500,-1.99261500,-0.02053800,0.95047100,-1.94709300,0.10887400,0.69647200,-1.52950200
4.70755100,-0.02149700,0.33520000,0.00156200,0.00293800,0.52667699,0.85005898,-0.01949300,0.68449500,-1.47896100,0.12167700,0.95021000,-2.00215600,-0.04079400,0.96385100,-1.97611800,0.13062700,0.69700500,-1.53263600
4.71438700,-0.02493400,0.33546600,0.00105400,0.00405600,0.52717780,0.84974467,0.00404600,0.67468100,-1.46525300,0.08774900,0.89234200,-1.87463200,-0.06223200,0.91592200,-1.87241900,0.15570100,0.69706400,-1.53708500
4.72173900,-0.02813200,0.33486900,-0.00083700,0.00453800,0.52729912,0.84966720,0.03238100,0.66923300,-1.45763200,0.04880700,0.80509800,-1.68277300,-0.08775300,0.84239100,-1.71391500,0.18492000,0.70003200,-1.54601800
4.72993700,-0.03108800,0.33374800,-0.00315400,0.00488100,0.52699406,0.84984910,0.06446000,0.66621600,-1.45061600,0.00587800,0.73049900,-1.51796200,-0.12173500,0.78730300,-1.59353100,0.21704400,0.70548200,-1.55703400
4.73711500,-0.03376100,0.33305300,-0.00047300,0.00034500,0.52824113,0.84909420,0.06299100,0.68550700,-1.49364100,0.01454000,0.73500100,-1.49926500,-0.12867500,0.78970600,-1.55399800,0.22154700,0.72866600,-1.60541900
4.74420800,-0.03650200,0.33307500,0.00137000,-0.00260700,0.52929534,0.84843254,0.04250100,0.75973300,-1.66772100,0.03831800,0.74742400,-1.50301600,-0.10168400,0.79699000,-1.55090200,0.21018600,0.79913800,-1.77682900
4.75100200,-0.03918700,0.33382800,0.00272200,-0.00211700,0.52923702,0.84846702,0.02286700,0.84414000,-1.85530000,0.05946300,0.75336600,-1.50934400,-0.07989900,0.78989200,-1.53265000,0.19750700,0.87468300,-1.94818000
4.75765700,-0.04205400,0.33476200,0.00322300,-0.00064100,0.52875623,0.84876737,0.00241000,0.89183900,-1.95895000,0.08129500,0.75634300,-1.51710200,-0.05887000,0.77718400,-1.50962200,0.17660700,0.91148900,-2.02888600
4.76431100,-0.04528600,0.33541000,0.00238100,0.00069500,0.52801285,0.84923276,-0.01904300,0.87674000,-1.92166500,0.10650800,0.75860200,-1.52821300,-0.03569000,0.76323900,-1.48802000,0.14469900,0.88300100,-1.96044700
4.77113600,-0.04890800,0.33531700,0.00056500,0.00104300,0.52720396,0.84973794,-0.04307900,0.81850300,-1.78815300,0.13596300,0.76253100,-1.54316600,-0.00910200,0.75259400,-1.47287900,0.10598000,0.80682200,-1.78557100
4.77843900,-0.05299000,0.33462800,-0.00130400,0.00016500,0.52663901,0.85008801,-0.07208600,0.75542600,-1.64288000,0.16890100,0.76824300,-1.55855200,0.02115200,0.74574700,-1.46263700,0.06349300,0.72193600,-1.59060900
4.78575500,-0.05747200,0.33401700,-0.00031000,0.00037400,0.52638392,0.85024687,-0.11065700,0.71961600,-1.55482300,0.19640100,0.77404900,-1.57232100,0.04533000,0.74034800,-1.45653800,0.03223000,0.67752100,-1.49652100
4.79315800,-0.06101100,0.33326700,-0.00320900,0.00266700,0.52636477,0.85024862,-0.08585200,0.71380800,-1.54604500,0.18116000,0.81569700,-1.68713800,0.02570600,0.79115800,-1.58502400,0.06255200,0.67609100,-1.50684200
4.80021800,-0.06435400,0.33361600,-0.00174300,0.00253700,0.52674797,0.85001594,-0.06223900,0.70602800,-1.52618900,0.16788200,0.89305300,-1.86407800,0.00537000,0.88229100,-1.78514600,0.08670300,0.68508500,-1.51917700
4.80697500,-0.06783600,0.33454200,0.00040300,0.00287700,0.52733594,0.84965191,-0.04184800,0.69456500,-1.50109200,0.15027800,0.95254800,-1.99698000,-0.01573000,0.95438400,-1.94090500,0.10826400,0.69065300,-1.52589700
4.81373100,-0.07135500,0.33542700,0.00143800,0.00379700,0.52799985,0.84923476,-0.02079100,0.68242500,-1.47946900,0.12359500,0.95590400,-2.00538600,-0.03687500,0.96758400,-1.97091700,0.13091000,0.69213000,-1.52922400
4.82076400,-0.07470500,0.33570600,0.00096500,0.00464700,0.52849318,0.84892428,0.00342200,0.67315600,-1.46486600,0.08876700,0.89668200,-1.87691500,-0.05925200,0.91907800,-1.86820300,0.15664500,0.69361500,-1.53437100
4.82831400,-0.07781500,0.33509900,-0.00092200,0.00487100,0.52860592,0.84885287,0.03248600,0.66826300,-1.45653500,0.04895500,0.80795800,-1.68407400,-0.08573800,0.84489500,-1.71082800,0.18658800,0.69782800,-1.54399000
4.83675200,-0.08074200,0.33394200,-0.00325100,0.00508600,0.52828790,0.84904385,0.06520900,0.66569800,-1.44918800,0.00502500,0.73197200,-1.51844300,-0.12075800,0.78910200,-1.59148000,0.21936400,0.70415300,-1.55552800
4.84435200,-0.08339300,0.33311200,-0.00064200,0.00073900,0.52936672,0.84839255,0.06384600,0.68580000,-1.49364300,0.01202800,0.73568200,-1.49901900,-0.12774800,0.79095300,-1.55249200,0.22381000,0.72754700,-1.60420900
4.85159800,-0.08609300,0.33305800,0.00109400,-0.00243800,0.53028277,0.84781663,0.04328500,0.76038400,-1.66875200,0.03692500,0.74881100,-1.50329500,-0.10007000,0.79931000,-1.55008800,0.21227300,0.79854500,-1.77693300
4.85850400,-0.08875900,0.33378300,0.00250000,-0.00196400,0.53019184,0.84787175,0.02353300,0.84458900,-1.85607400,0.05839400,0.75513300,-1.50990700,-0.07809500,0.79245600,-1.53180000,0.19945500,0.87418200,-1.94849300
4.86522700,-0.09161800,0.33470400,0.00308200,-0.00047600,0.52969781,0.84818070,0.00299800,0.89212300,-1.95944200,0.08028500,0.75830800,-1.51779400,-0.05706800,0.77979400,-1.50864000,0.17836900,0.91105600,-2.02930200
4.87191400,-0.09484300,0.33534800,0.00230700,0.00082900,0.52894103,0.84865504,-0.01853700,0.87690300,-1.92200500,0.10551500,0.76066300,-1.52882500,-0.03393000,0.76595700,-1.48700300,0.14623100,0.88256300,-1.96095600
4.87876300,-0.09845600,0.33525100,0.00052800,0.00116900,0.52811189,0.84917383,-0.04272000,0.81854000,-1.78842400,0.13501000,0.76466500,-1.54379800,-0.00741400,0.75534900,-1.47181200,0.10713900,0.80636400,-1.78604500
4.88607000,-0.10251700,0.33455700,-0.00131400,0.00029100,0.52751790,0.84954285,-0.07195100,0.75536700,-1.64312500,0.16791400,0.77041400,-1.55922800,0.02272200,0.74854300,-1.46153500,0.06431900,0.72161000,-1.59121100
4.89347100,-0.10697800,0.33388300,-0.00000900,0.00054400,0.52723894,0.84971690,-0.11123800,0.72018400,-1.55670200,0.19486300,0.77655600,-1.57313000,0.04641400,0.74338000,-1.45530600,0.03126900,0.67786400,-1.49735900
4.90091800,-0.11044000,0.33313200,-0.00304600,0.00290200,0.52731097,0.84966196,-0.08647100,0.71422300,-1.54735500,0.17971600,0.81792800,-1.68785600,0.02665000,0.79350100,-1.58300300,0.06196600,0.67639500,-1.50782600
4.90799700,-0.11377200,0.33346700,-0.00164500,0.00282200,0.52769295,0.84942892,-0.06275700,0.70642100,-1.52773800,0.16652900,0.89525400,-1.86501000,0.00623800,0.88463200,-1.78333100,0.08623100,0.68516200,-1.52001900
4.91478000,-0.11725200,0.33440400,0.00043500,0.00310900,0.52828019,0.84906430,-0.04208700,0.69492300,-1.50249400,0.14901400,0.95443800,-1.99766400,-0.01489700,0.95662600,-1.93930300,0.10803900,0.69071000,-1.52664000
4.92156600,-0.12075900,0.33530700,0.00139300,0.00393600,0.52894915,0.84864325,-0.02073200,0.68279900,-1.48067200,0.12255700,0.95737800,-2.00576500,-0.03606600,0.96967400,-1.96965400,0.13101500,0.69228600,-1.52988600
4.92863200,-0.12409600,0.33559900,0.00084500,0.00466500,0.52947891,0.84830985,0.00378200,0.67354100,-1.46583100,0.08787200,0.89763800,-1.87682200,-0.05857900,0.92090000,-1.86727300,0.15712400,0.69395800,-1.53504000
4.93621900,-0.12719900,0.33500300,-0.00102300,0.00482400,0.52961303,0.84822504,0.03295400,0.66861500,-1.45718100,0.04823500,0.80847400,-1.68370700,-0.08513900,0.84622700,-1.70990200,0.18723900,0.69837800,-1.54474200
4.94465200,-0.13007200,0.33385300,-0.00328800,0.00504300,0.52931996,0.84840093,0.06564100,0.66596500,-1.44956400,0.00452900,0.73204800,-1.51798900,-0.12027900,0.78990400,-1.59047200,0.22003400,0.70482400,-1.55632300
4.95204500,-0.13270700,0.33295600,-0.00003300,0.00118500,0.53033516,0.84778725,0.06354300,0.68551500,-1.49303300,0.00947500,0.73590100,-1.50037400,-0.12836500,0.79184500,-1.55281100,0.22343400,0.72844700,-1.60565600
4.95942400,-0.13540600,0.33277400,0.00217900,-0.00166800,0.53114405,0.84727709,0.04322400,0.76005200,-1.66746600,0.03384900,0.74990900,-1.50632100,-0.10174200,0.80050200,-1.55076600,0.21249400,0.80006400,-1.77938800
4.96640000,-0.13810900,0.33349900,0.00343800,-0.00142900,0.53096831,0.84738350,0.02352700,0.84443300,-1.85513200,0.05620400,0.75616100,-1.51260800,-0.07914000,0.79407800,-1.53279700,0.19968600,0.87566400,-1.95095700
4.97317600,-0.14102800,0.33445300,0.00374700,-0.00020900,0.53044574,0.84771058,0.00291100,0.89208400,-1.95878200,0.07912400,0.75901900,-1.51988800,-0.05714900,0.78147800,-1.50966300,0.17844900,0.91223700,-2.03117800
4.97991600,-0.14433200,0.33513200,0.00270800,0.00091500,0.52970011,0.84818018,-0.01881800,0.87697700,-1.92166200,0.10525700,0.76099500,-1.53049400,-0.03309200,0.76732800,-1.48777100,0.14605900,0.88349100,-1.96227500
4.98681900,-0.14803200,0.33505500,0.00075500,0.00119100,0.52887714,0.84869723,-0.04316800,0.81872900,-1.78832900,0.13538000,0.76461500,-1.54534000,-0.00591100,0.75617100,-1.47213000,0.10669200,0.80703900,-1.78686200
4.99419200,-0.15219300,0.33437300,-0.00116900,0.00027900,0.52828701,0.84906501,-0.07265400,0.75572600,-1.64332300,0.16880300,0.77004000,-1.56070300,0.02475100,0.74884500,-1.46140400,0.06349800,0.72205400,-1.59149300
5.00149500,-0.15674500,0.33371500,0.00063700,0.00065600,0.52808312,0.84919219,-0.11305400,0.72103300,-1.55775100,0.19526100,0.77643500,-1.57455800,0.04806300,0.74340200,-1.45464200,0.02935700,0.67839900,-1.49927000
5.00901300,-0.16033800,0.33281000,-0.00196200,0.00286400,0.52828690,0.84905883,-0.09046300,0.71669600,-1.54764400,0.18063000,0.81777600,-1.68958400,0.02866700,0.79388800,-1.58374500,0.06013600,0.67834500,-1.51122700
5.01614600,-0.16370000,0.33318000,-0.00059900,0.00276000,0.52872666,0.84878745,-0.06650600,0.70876000,-1.52802600,0.16758500,0.89511900,-1.86686800,0.00848200,0.88524100,-1.78462100,0.08476800,0.68711200,-1.52342700
5.02297300,-0.16717300,0.33416700,0.00124700,0.00303200,0.52935504,0.84839407,-0.04537400,0.69716700,-1.50312000,0.15005200,0.95436100,-1.99958000,-0.01260300,0.95730600,-1.94086300,0.10718200,0.69221200,-1.52951000
5.02978100,-0.17066600,0.33512600,0.00199400,0.00392300,0.53003399,0.84796498,-0.02368500,0.68488100,-1.48164600,0.12335300,0.95753300,-2.00783500,-0.03397600,0.97028500,-1.97107500,0.13046300,0.69303700,-1.53197000
5.03686900,-0.17397200,0.33547200,0.00122900,0.00470800,0.53054869,0.84764050,0.00118200,0.67552200,-1.46716000,0.08837200,0.89798500,-1.87894000,-0.05683900,0.92160100,-1.86884700,0.15685700,0.69404000,-1.53631400
5.04447000,-0.17703900,0.33492000,-0.00084900,0.00486500,0.53066889,0.84756483,0.03072800,0.67057900,-1.45880400,0.04835300,0.80899400,-1.68573500,-0.08386400,0.84714800,-1.71183000,0.18726400,0.69794100,-1.54534800
5.05290800,-0.17987400,0.33380600,-0.00327500,0.00505000,0.53036079,0.84775067,0.06371600,0.66797600,-1.45139100,0.00429500,0.73265600,-1.51980000,-0.11933400,0.79101700,-1.59276400,0.22029100,0.70407200,-1.55646900
5.06043000,-0.18243700,0.33307500,-0.00058800,0.00036900,0.53150871,0.84705254,0.06284800,0.68777500,-1.49551200,0.01232500,0.73707900,-1.49859000,-0.12566500,0.79151800,-1.55326100,0.22508200,0.72803700,-1.60600800
5.06765800,-0.18512000,0.33297400,0.00152600,-0.00248000,0.53241593,0.84647788,0.04243700,0.76139000,-1.66877900,0.03614000,0.75031900,-1.50358800,-0.09915400,0.79947100,-1.55071700,0.21361200,0.79900300,-1.77843700
5.07450200,-0.18779500,0.33369000,0.00288500,-0.00197400,0.53228617,0.84655727,0.02278200,0.84542700,-1.85598800,0.05753900,0.75631800,-1.51027200,-0.07734200,0.79227000,-1.53237000,0.20062700,0.87447100,-1.94969800
5.08119000,-0.19066300,0.33461300,0.00333600,-0.00051700,0.53177803,0.84687705,0.00227100,0.89288200,-1.95946100,0.07965300,0.75919600,-1.51810900,-0.05615000,0.77931900,-1.50911900,0.17931500,0.91117000,-2.03012400
5.08782000,-0.19391000,0.33526200,0.00241600,0.00076300,0.53102328,0.84735344,-0.01926400,0.87765200,-1.92224500,0.10514100,0.76130400,-1.52914500,-0.03276000,0.76514200,-1.48730100,0.14690800,0.88262800,-1.96141900
5.09465700,-0.19754500,0.33517300,0.00055200,0.00108900,0.53019799,0.84787299,-0.04335800,0.81918600,-1.78868100,0.13478200,0.76509600,-1.54408400,-0.00605500,0.75423100,-1.47187800,0.10759300,0.80635500,-1.78625800
5.10199100,-0.20161600,0.33448600,-0.00129900,0.00020300,0.52960894,0.84824091,-0.07250100,0.75581400,-1.64325100,0.16776300,0.77073800,-1.55947500,0.02419600,0.74721300,-1.46138100,0.06444800,0.72145500,-1.59115600
5.10933500,-0.20605500,0.33394000,-0.00058500,0.00047500,0.52923687,0.84847379,-0.11096800,0.71879600,-1.55296700,0.19578300,0.77604800,-1.57325800,0.04852600,0.74123100,-1.45470200,0.03462400,0.67680600,-1.49749800
5.11671700,-0.20958200,0.33327500,-0.00330800,0.00284100,0.52887290,0.84868984,-0.08638700,0.71412000,-1.54605700,0.18065400,0.81716000,-1.68713200,0.02867100,0.79182400,-1.58270900,0.06409400,0.67411900,-1.50614300
5.12376300,-0.21289700,0.33371900,-0.00170600,0.00261400,0.52916131,0.84851550,-0.06277600,0.70618100,-1.52521200,0.16730400,0.89431200,-1.86367000,0.00824500,0.88316400,-1.78333100,0.08787900,0.68313700,-1.51820500
5.13051500,-0.21634100,0.33468800,0.00048700,0.00290600,0.52974304,0.84815307,-0.04247200,0.69468600,-1.49981700,0.14969300,0.95368700,-1.99647300,-0.01296500,0.95540000,-1.93963000,0.10931800,0.68878500,-1.52486200
5.13726700,-0.21981200,0.33558800,0.00151800,0.00379000,0.53043796,0.84771393,-0.02151300,0.68259500,-1.47823700,0.12303400,0.95696300,-2.00495700,-0.03431800,0.96869900,-1.97014900,0.13194600,0.69035100,-1.52819600
5.14429800,-0.22311100,0.33586500,0.00099500,0.00459200,0.53097287,0.84737579,0.00268000,0.67342100,-1.46386300,0.08821800,0.89754600,-1.87640700,-0.05701100,0.92025600,-1.86807700,0.15777500,0.69190000,-1.53337700
5.15184900,-0.22617500,0.33525000,-0.00091800,0.00477600,0.53110996,0.84728894,0.03171100,0.66862200,-1.45575600,0.04839000,0.80865800,-1.68353700,-0.08385300,0.84607300,-1.71124700,0.18778400,0.69617200,-1.54306800
5.16024000,-0.22901200,0.33408300,-0.00327000,0.00495300,0.53079898,0.84747697,0.06442500,0.66613700,-1.44862100,0.00451400,0.73246700,-1.51785800,-0.11913600,0.79028200,-1.59244000,0.22057300,0.70250600,-1.55466400
5.16756300,-0.23158100,0.33325000,-0.00084400,0.00039600,0.53184276,0.84684261,0.06343200,0.68637500,-1.49342700,0.01167300,0.73547600,-1.49705300,-0.12595400,0.79166900,-1.55211400,0.22497600,0.72601100,-1.60356800
5.17482400,-0.23422800,0.33307200,0.00103000,-0.00251600,0.53277714,0.84625122,0.04294600,0.76082000,-1.66842500,0.03600900,0.74902800,-1.50270600,-0.09886200,0.79980600,-1.54998800,0.21357400,0.79709900,-1.77618800
5.18171900,-0.23685300,0.33373800,0.00248500,-0.00188100,0.53267201,0.84631602,0.02332600,0.84509600,-1.85594700,0.05715600,0.75544700,-1.51004700,-0.07725900,0.79266700,-1.53168300,0.20079600,0.87296300,-1.94802100
5.18842800,-0.23965900,0.33463400,0.00312100,-0.00033500,0.53216798,0.84663297,0.00290300,0.89255600,-1.95925100,0.07879400,0.75868300,-1.51816200,-0.05651900,0.77998800,-1.50857100,0.17973000,0.91000800,-2.02897200
5.19511300,-0.24282300,0.33526500,0.00230200,0.00091100,0.53140396,0.84711493,-0.01856100,0.87729700,-1.92187100,0.10409500,0.76109900,-1.52916000,-0.03338300,0.76634300,-1.48712600,0.14752500,0.88163500,-1.96062600
5.20195400,-0.24636200,0.33516400,0.00050900,0.00122000,0.53056699,0.84764198,-0.04267500,0.81879600,-1.78820600,0.13350100,0.76515600,-1.54410100,-0.00694300,0.75587600,-1.47203000,0.10833200,0.80555900,-1.78572200
5.20925500,-0.25034100,0.33447300,-0.00137900,0.00030500,0.52996776,0.84801662,-0.07187400,0.75553500,-1.64292900,0.16638300,0.77096200,-1.55949600,0.02316500,0.74918700,-1.46182000,0.06540100,0.72087200,-1.59072600
5.21659700,-0.25470100,0.33385200,-0.00039100,0.00065500,0.52963469,0.84822551,-0.11081800,0.71997200,-1.55603500,0.19364400,0.77673500,-1.57348700,0.04685100,0.74355900,-1.45540100,0.03388500,0.67711900,-1.49783000
5.22398500,-0.25814100,0.33319600,-0.00350500,0.00315400,0.52948509,0.84830614,-0.08583300,0.71402500,-1.54777800,0.17860300,0.81826000,-1.68785300,0.02683700,0.79303200,-1.58101100,0.06397400,0.67410400,-1.50624200
5.23104600,-0.26139600,0.33360700,-0.00206300,0.00296400,0.52979502,0.84811803,-0.06207500,0.70626900,-1.52747800,0.16538400,0.89543500,-1.86449400,0.00635700,0.88438100,-1.78158300,0.08798300,0.68295100,-1.51808200
5.23782100,-0.26480700,0.33457600,0.00014400,0.00322600,0.53036278,0.84776465,-0.04169000,0.69486000,-1.50187300,0.14791400,0.95457500,-1.99704000,-0.01483900,0.95651700,-1.93777500,0.10943700,0.68876800,-1.52475500
5.24461000,-0.26825200,0.33548700,0.00126000,0.00406200,0.53103698,0.84733797,-0.02071600,0.68279900,-1.47978600,0.12154200,0.95752700,-2.00521500,-0.03606700,0.96955200,-1.96811400,0.13204300,0.69068300,-1.52824800
5.25168600,-0.27153200,0.33577100,0.00078400,0.00476700,0.53157592,0.84699687,0.00362000,0.67368500,-1.46492100,0.08702900,0.89771500,-1.87632500,-0.05857700,0.92075400,-1.86584100,0.15800700,0.69265100,-1.53365100
5.25928500,-0.27458300,0.33515900,-0.00105500,0.00488400,0.53171411,0.84690917,0.03272600,0.66892300,-1.45634600,0.04755700,0.80844500,-1.68322400,-0.08515800,0.84606600,-1.70865200,0.18808600,0.69732500,-1.54359200
5.26774100,-0.27740900,0.33399200,-0.00326900,0.00507500,0.53142798,0.84708197,0.06534900,0.66639000,-1.44876300,0.00401800,0.73194600,-1.51761200,-0.12031800,0.78971500,-1.58940900,0.22085800,0.70402500,-1.55544700
5.27513600,-0.27998600,0.33306700,-0.00025100,0.00108600,0.53242825,0.84647440,0.06352200,0.68599500,-1.49253300,0.00950600,0.73537400,-1.49917500,-0.12794200,0.79200400,-1.55234500,0.22461300,0.72779300,-1.60542300
5.28252700,-0.28265200,0.33286300,0.00188100,-0.00178200,0.53318792,0.84599287,0.04318900,0.76056500,-1.66739400,0.03405200,0.74936700,-1.50539100,-0.10112300,0.80056700,-1.55019800,0.21347500,0.79944500,-1.77931800
