7.29338000,2.41007800,0.35367800,-0.00061600,-0.00196700,0.19535893,0.98072965,-0.00581300,0.74869500,-1.58026200,0.00261400,0.65955800,-1.35049000,-0.01251800,0.67121100,-1.36875000,0.01300700,0.75327000,-1.58611700
7.29497800,2.41041500,0.35394800,0.00014100,-0.00341900,0.19535801,0.98072603,-0.00626000,0.81981500,-1.75643200,0.00266400,0.66493100,-1.34567300,-0.01248600,0.68000600,-1.37030800,0.01377100,0.82795500,-1.77196200
7.29692600,2.41046000,0.35393000,0.00075600,-0.00388200,0.19532704,0.98073019,-0.00679900,0.85320600,-1.84554000,0.00358900,0.67118900,-1.34615100,-0.01161700,0.68656800,-1.37115100,0.01348600,0.86290900,-1.86441700
7.29910400,2.41030200,0.35366100,0.00074800,-0.00336000,0.19531491,0.98073454,-0.00673500,0.82450000,-1.79429200,0.00604000,0.67824100,-1.35154800,-0.00916100,0.69044500,-1.37043300,0.01024900,0.83362100,-1.80968000
7.30131900,2.41010500,0.35296700,0.00046600,-0.00228300,0.19540094,0.98072068,-0.00670900,0.74687200,-1.63627900,0.00914900,0.68740800,-1.36182600,-0.00584100,0.69394200,-1.37024500,0.00687300,0.75417400,-1.64427000
7.30422100,2.40989900,0.35193000,0.00039700,-0.00133700,0.19554899,0.98069294,-0.00686000,0.65842200,-1.45651700,0.01248200,0.69952200,-1.37396000,-0.00218500,0.69991400,-1.37127400,0.00556400,0.66473900,-1.45834800
7.30799000,2.40969400,0.35195300,0.00072400,-0.00027200,0.19500999,0.98080095,-0.00459700,0.61167500,-1.36202000,0.01698600,0.71114500,-1.38452600,0.00120600,0.70458200,-1.36632100,0.00686500,0.62169300,-1.36961400
7.31210400,2.41012600,0.35308700,0.00177800,-0.00088500,0.19423193,0.98095363,-0.00330000,0.62031000,-1.35304800,0.01626700,0.74159600,-1.48962100,0.00012000,0.73609200,-1.47510500,0.00709300,0.63137100,-1.36602500
7.31603600,2.41145600,0.35358000,0.00219200,-0.00263100,0.19397105,0.98100128,-0.00253200,0.63256900,-1.34575900,0.01592500,0.81224300,-1.68072200,-0.00110900,0.81207000,-1.67895400,0.00732200,0.64840300,-1.36858100
7.31958600,2.41336600,0.35372300,0.00179600,-0.00338300,0.19391305,0.98101124,-0.00261300,0.64425600,-1.34503800,0.01605600,0.86318300,-1.82004600,-0.00175800,0.86607000,-1.82478200,0.00711000,0.66119500,-1.36991600
7.32288400,2.41565300,0.35360900,0.00125800,-0.00316700,0.19392701,0.98101004,-0.00397800,0.65632100,-1.34927300,0.01561500,0.86413400,-1.84530400,-0.00119900,0.86828900,-1.85099000,0.00574500,0.67099400,-1.36956900
7.32553800,2.41782300,0.35311100,0.00078400,-0.00210500,0.19393208,0.98101239,-0.00643100,0.66876300,-1.35871900,0.01420100,0.80149500,-1.72920800,0.00091600,0.80535900,-1.73076200,0.00326800,0.67803700,-1.36859900
7.32842400,2.42043900,0.35203600,0.00026700,-0.00123700,0.19385296,0.98102978,-0.00923100,0.68339300,-1.37123900,0.01336000,0.70840600,-1.54701000,0.00216900,0.71213900,-1.54447200,0.00028300,0.68673300,-1.37005600
7.33143400,2.42338400,0.35098500,-0.00070300,-0.00114500,0.19372095,0.98105575,-0.01196800,0.70082200,-1.38294100,0.01319000,0.62490600,-1.38745800,0.00150500,0.63163000,-1.38728900,-0.00273600,0.69857400,-1.37166300
7.33429300,2.42648700,0.35244000,-0.00247200,-0.00120100,0.19508394,0.98078270,-0.01494500,0.71371900,-1.42732300,0.01044900,0.62046300,-1.36172500,0.00183700,0.62795200,-1.36605000,-0.00369900,0.70698800,-1.40434800
7.33820800,2.42918200,0.35323400,-0.00241000,-0.00297500,0.19564102,0.98066811,-0.01477700,0.77105000,-1.59035200,0.00801300,0.63183600,-1.35164400,0.00053000,0.64427700,-1.36718300,-0.00269400,0.76992100,-1.58092400
7.34217100,2.43084700,0.35341800,-0.00182600,-0.00396700,0.19574098,0.98064591,-0.01477300,0.83413900,-1.75908900,0.00722500,0.64445100,-1.34830000,-0.00007300,0.65982300,-1.36958700,-0.00193100,0.83734000,-1.76005100
7.34635800,2.43201500,0.35339300,-0.00108000,-0.00382600,0.19573707,0.98064835,-0.01487700,0.86638400,-1.85572200,0.00726500,0.65765000,-1.35032900,-0.00003500,0.67226500,-1.36993200,-0.00168600,0.87186600,-1.86089700
7.35052800,2.43281700,0.35312600,-0.00056200,-0.00268100,0.19569000,0.98066198,-0.01407400,0.83358500,-1.80387200,0.00817900,0.67040900,-1.35734600,0.00079300,0.68049000,-1.36804000,-0.00240000,0.83939100,-1.80777300
7.35440800,2.43332700,0.35235400,-0.00025100,-0.00136300,0.19570401,0.98066203,-0.01284900,0.75163800,-1.64404500,0.00992400,0.68452900,-1.36847800,0.00257600,0.68846200,-1.36751600,-0.00342700,0.75692200,-1.64421600
7.35832400,2.43365900,0.35132700,0.00032400,-0.00044400,0.19579494,0.98064471,-0.01248000,0.65923900,-1.46180200,0.01194800,0.70069800,-1.38062500,0.00479600,0.69864200,-1.36869500,-0.00344900,0.66510700,-1.46077300
7.36323900,2.43370600,0.35140000,0.00200000,0.00010800,0.19540204,0.98072118,-0.01079100,0.61413200,-1.37059500,0.01452400,0.71560900,-1.38998200,0.00635000,0.70748000,-1.36515600,-0.00224100,0.62091500,-1.37256700
7.36790600,2.43398100,0.35249600,0.00355300,-0.00109900,0.19459704,0.98087622,-0.00947700,0.62506800,-1.35897400,0.01518700,0.74750900,-1.50412500,0.00624300,0.74203300,-1.48451300,-0.00137800,0.63528700,-1.37092500
7.37238600,2.43533600,0.35280700,0.00359000,-0.00278400,0.19437996,0.98091579,-0.00752900,0.63824800,-1.35225000,0.01494800,0.81438000,-1.68732500,0.00498400,0.81514100,-1.68279900,0.00015900,0.65324700,-1.37394000
7.37644500,2.43733200,0.35288000,0.00307200,-0.00323000,0.19434406,0.98092330,-0.00723200,0.65155900,-1.35209100,0.01502700,0.86603300,-1.83112600,0.00421800,0.86990300,-1.83338200,0.00037800,0.66718800,-1.37485100
7.38004800,2.43955600,0.35280700,0.00213000,-0.00272800,0.19436792,0.98092259,-0.00757700,0.66440400,-1.35677600,0.01475600,0.86307800,-1.84862000,0.00422200,0.86814800,-1.85204100,0.00006700,0.67689500,-1.37327300
7.38328300,2.44186500,0.35236500,0.00129000,-0.00166000,0.19438694,0.98092268,-0.00893800,0.67762900,-1.36574800,0.01377900,0.79742900,-1.72679900,0.00481800,0.80246800,-1.72769200,-0.00127200,0.68458500,-1.37157200
7.38641100,2.44436400,0.35143200,0.00043400,-0.00082600,0.19432303,0.98093715,-0.01071900,0.69284400,-1.37747600,0.01323100,0.70314200,-1.54231300,0.00497800,0.70838400,-1.54119000,-0.00320200,0.69376600,-1.37207400
7.38976200,2.44731100,0.35048900,-0.00073500,-0.00072200,0.19418007,0.98096536,-0.01249300,0.70980500,-1.38766000,0.01299100,0.62359300,-1.39056300,0.00341100,0.63148600,-1.39271500,-0.00528500,0.70518400,-1.37236500
7.39302200,2.45076600,0.35178500,-0.00266200,-0.00123800,0.19480492,0.98083761,-0.01402700,0.72117300,-1.42423400,0.01022300,0.61872700,-1.36538800,0.00266100,0.62725400,-1.37167500,-0.00595100,0.71176700,-1.39885100
7.39677800,2.45344800,0.35276600,-0.00295000,-0.00306000,0.19540700,0.98071302,-0.01406400,0.77685400,-1.58866500,0.00769800,0.62953100,-1.35291900,0.00156500,0.64304000,-1.37060300,-0.00421700,0.77345700,-1.57683400
7.40081400,2.45529500,0.35333100,-0.00260000,-0.00380100,0.19575597,0.98064183,-0.01466100,0.84046400,-1.76090400,0.00654200,0.64103300,-1.34745600,0.00122700,0.65658000,-1.36986800,-0.00339500,0.84089500,-1.75745800
7.40484600,2.45652900,0.35355900,-0.00207700,-0.00332400,0.19589097,0.98061785,-0.01549900,0.86855800,-1.84828300,0.00637800,0.65276300,-1.34855600,0.00140400,0.66645000,-1.36757000,-0.00328500,0.87063200,-1.84691200
7.40874200,2.45736000,0.35341500,-0.00153200,-0.00216300,0.19591910,0.98061648,-0.01469400,0.83408000,-1.79325200,0.00677700,0.66437100,-1.35462500,0.00190200,0.67348400,-1.36484200,-0.00459300,0.83685600,-1.79061700
7.41260300,2.45792300,0.35266900,-0.00094500,-0.00072100,0.19598503,0.98060617,-0.01360800,0.74573300,-1.62238300,0.00786300,0.67924700,-1.36634500,0.00316400,0.68168100,-1.36401700,-0.00544500,0.74847800,-1.61651200
7.41677700,2.45830800,0.35155400,-0.00009500,0.00009600,0.19610402,0.98058309,-0.01342800,0.65246300,-1.44032500,0.00932900,0.69592400,-1.37853100,0.00490000,0.69263300,-1.36578900,-0.00462300,0.65666400,-1.43501300
7.42149300,2.45817100,0.35227200,0.00155200,0.00061900,0.19554294,0.98069372,-0.01053800,0.61431800,-1.36203300,0.01240600,0.70812200,-1.38387800,0.00665900,0.69855100,-1.35695300,-0.00246100,0.61943200,-1.35992000
7.42629600,2.45813900,0.35442300,0.00366200,-0.00016800,0.19462709,0.98087046,-0.00847500,0.62125300,-1.34497300,0.01356600,0.73902900,-1.49481300,0.00598100,0.73150400,-1.47150800,-0.00220500,0.63012700,-1.35364900
7.43108200,2.45923400,0.35516000,0.00398200,-0.00192000,0.19431908,0.98092841,-0.00595000,0.63347700,-1.33495400,0.01186300,0.80514200,-1.67593800,0.00354800,0.80493600,-1.66959700,-0.00030500,0.64836700,-1.35602000
7.43530600,2.46060000,0.35508900,0.00300200,-0.00262000,0.19423806,0.98094633,-0.00274700,0.64623500,-1.33376300,0.00604600,0.85495200,-1.81577800,-0.00134600,0.86388800,-1.82637200,0.00275400,0.66371400,-1.35979500
7.43875600,2.46173000,0.35470600,0.00206600,-0.00197100,0.19424594,0.98094870,-0.00041800,0.65708500,-1.33836100,-0.00304900,0.84996900,-1.82868900,-0.00537400,0.86679700,-1.84970100,0.00511500,0.67324500,-1.36170700
7.44131800,2.46242400,0.35402100,0.00141100,-0.00057100,0.19424805,0.98095126,0.00127200,0.66595800,-1.34690700,-0.01288300,0.78655600,-1.71079900,-0.00846900,0.81032700,-1.73861700,0.00681100,0.67852800,-1.36339100
7.44359700,2.46293300,0.35278400,0.00102800,0.00036100,0.19422796,0.98095582,0.00282300,0.67605100,-1.35745100,-0.02301200,0.68464100,-1.51156200,-0.01278400,0.71794400,-1.55064000,0.00832700,0.68632800,-1.36960500
7.44560500,2.46340300,0.35162900,0.00021500,-0.00079200,0.19415491,0.98097054,0.00589400,0.68634300,-1.36222500,-0.03222200,0.59735400,-1.34640600,-0.02003500,0.64792500,-1.41386600,0.01125900,0.69909000,-1.37914900
7.44729600,2.46441700,0.35305200,-0.00293900,-0.00756900,0.19490010,0.98078949,0.00088100,0.69847300,-1.40446300,-0.03059900,0.58976300,-1.30836800,-0.01906000,0.65242700,-1.39521800,0.00817800,0.71411000,-1.42462400
7.45111600,2.46450900,0.35382400,-0.00244800,-0.01057500,0.19549801,0.98064403,-0.01210700,0.75631800,-1.57668900,-0.02667100,0.60115400,-1.29804100,-0.01408400,0.66772300,-1.39305700,-0.00289900,0.76793800,-1.59063600
7.45698400,2.46363100,0.35402500,-0.00199200,-0.01017100,0.19587598,0.98057390,-0.02527100,0.82441700,-1.76514400,-0.01947100,0.61845400,-1.30459000,-0.00559900,0.67805000,-1.38604500,-0.01377700,0.82752900,-1.76240500
7.46416300,2.46214600,0.35404800,-0.00181600,-0.00808000,0.19608306,0.98055232,-0.03714300,0.85588600,-1.86575300,-0.00932700,0.63968600,-1.32018400,0.00555300,0.68533400,-1.37439800,-0.02505900,0.84932200,-1.84250800
7.47222300,2.46030600,0.35388700,-0.00171100,-0.00538300,0.19608993,0.98056965,-0.04589200,0.82190500,-1.81528100,0.00285600,0.66379400,-1.33996500,0.01815000,0.69180000,-1.35982500,-0.03719600,0.80399600,-1.76868500
7.48111800,2.45823900,0.35316900,-0.00113900,-0.00316000,0.19603407,0.98059133,-0.05359000,0.74048800,-1.65947700,0.01602300,0.69244500,-1.36218100,0.03136800,0.70208100,-1.34690500,-0.04821000,0.71097700,-1.58948500
7.49113400,2.45588300,0.35204200,-0.00009400,-0.00158600,0.19601493,0.98059963,-0.06257800,0.65075100,-1.48698800,0.03071400,0.72569100,-1.38456500,0.04596300,0.71613300,-1.33379700,-0.05756000,0.60848200,-1.39268100
7.50244200,2.45335000,0.35244800,-0.00074700,0.00342600,0.19490305,0.98081624,-0.06788800,0.60679500,-1.41285500,0.04922600,0.75302300,-1.40806000,0.06104000,0.71553900,-1.30337900,-0.06425200,0.55107200,-1.29885600
7.51353300,2.45127800,0.35320300,-0.00038000,0.00671600,0.19306402,0.98116310,-0.05273600,0.62484700,-1.40828300,0.03119200,0.78154600,-1.52283900,0.04279900,0.75475200,-1.43802700,-0.05229200,0.56849800,-1.30149000
7.52297100,2.44944000,0.35254500,0.00052700,0.00424600,0.19270007,0.98124838,-0.03809500,0.64786100,-1.39807100,0.01352300,0.83770400,-1.69253300,0.02782000,0.83419400,-1.65389700,-0.03910400,0.60770400,-1.32583300
7.53192900,2.44757300,0.35176600,0.00087300,0.00174800,0.19279002,0.98123809,-0.02342900,0.66930900,-1.38856200,-0.00365600,0.88140300,-1.83523000,0.01217200,0.89957000,-1.83914900,-0.02467500,0.64640200,-1.35032000
7.53921500,2.44583500,0.35128500,0.00088100,0.00134700,0.19296795,0.98120374,-0.01115500,0.68427500,-1.38312600,-0.01935600,0.86647900,-1.84204700,-0.00023800,0.89851400,-1.87156600,-0.01215700,0.67195600,-1.36483700
7.54564500,2.44407900,0.35079800,0.00093000,0.00224700,0.19306692,0.98118258,-0.00020500,0.69618000,-1.38078900,-0.03387900,0.78750600,-1.71011900,-0.01060000,0.83012300,-1.75710300,-0.00104700,0.69024400,-1.37434900
7.55168900,2.44237900,0.35001100,0.00095600,0.00297700,0.19297205,0.98119927,0.01057600,0.70810600,-1.37922700,-0.04712300,0.67672900,-1.51111500,-0.02204000,0.73224300,-1.58131300,0.00947600,0.70822100,-1.38442800
7.55786700,2.44082100,0.34938400,0.00017600,0.00211600,0.19267699,0.98125994,0.02355200,0.72051800,-1.37201200,-0.06045700,0.57659200,-1.34018600,-0.03646800,0.65066300,-1.44529100,0.02180800,0.72961400,-1.39467400
7.56273400,2.44064400,0.35212500,-0.00606600,-0.00739600,0.19292094,0.98116768,0.02117700,0.72770700,-1.40499300,-0.05445500,0.56799500,-1.28772200,-0.03765400,0.65195800,-1.41900800,0.02025400,0.74582800,-1.43668300
7.57013300,2.43985600,0.35348700,-0.00472600,-0.00988400,0.19350098,0.98103891,0.00283800,0.77883500,-1.57761200,-0.04633800,0.58868000,-1.28071700,-0.02852000,0.67036600,-1.40740800,0.00367500,0.79155600,-1.59615000
7.57897600,2.43849900,0.35425300,-0.00257900,-0.00930100,0.19415603,0.98092317,-0.01127500,0.83906400,-1.76153300,-0.03865200,0.61448100,-1.28919500,-0.01843100,0.68470200,-1.39294600,-0.00858000,0.84420500,-1.76559100
7.58885700,2.43683100,0.35471700,-0.00134300,-0.00747000,0.19453293,0.98086663,-0.02370500,0.86251400,-1.85822500,-0.02751600,0.64325600,-1.30441800,-0.00561500,0.69736300,-1.37640000,-0.02075000,0.85874300,-1.84438000
7.59951800,2.43504700,0.35479100,-0.00078400,-0.00537000,0.19448702,0.98089008,-0.03380900,0.81915300,-1.80463100,-0.01350000,0.67480300,-1.32293600,0.00889100,0.71081900,-1.35907400,-0.03437100,0.80412200,-1.76852400
7.61113200,2.43322700,0.35414200,-0.00017100,-0.00390400,0.19421504,0.98095120,-0.04400200,0.72716000,-1.64660700,0.00217000,0.71130200,-1.34334400,0.02431400,0.72939400,-1.34438800,-0.04722400,0.70034300,-1.58688400
7.62406800,2.43131800,0.35301800,0.00074000,-0.00275600,0.19393293,0.98101064,-0.05551300,0.62624200,-1.47194700,0.01930500,0.75236700,-1.36359200,0.04094700,0.75093700,-1.32806000,-0.05851200,0.58586000,-1.38572400
7.63870700,2.42939500,0.35321800,-0.00067700,0.00224700,0.19286702,0.98122210,-0.06169900,0.57203800,-1.39720200,0.04045700,0.78799800,-1.38695500,0.05914400,0.75569000,-1.29385100,-0.06683300,0.51942800,-1.28910100
7.65327400,2.42823100,0.35411600,-0.00065800,0.00739200,0.19104601,0.98155303,-0.04511500,0.59865200,-1.39820500,0.02051800,0.81129400,-1.50861200,0.04026300,0.78348000,-1.42763200,-0.05338700,0.54295500,-1.28987700
7.66669900,2.42732300,0.35323000,0.00094300,0.00532100,0.19037800,0.98169599,-0.03005100,0.63425700,-1.39060600,0.00310500,0.86321500,-1.69211200,0.02589200,0.86030200,-1.65847000,-0.04046500,0.59420800,-1.31786800
7.67877700,2.42668200,0.35240300,0.00183500,0.00340800,0.19012505,0.98175225,-0.01641600,0.66528400,-1.38244500,-0.01071700,0.89481000,-1.82975300,0.01310300,0.91125200,-1.82987300,-0.02780300,0.64076700,-1.34202600
7.68980200,2.42614300,0.35198200,0.00201200,0.00336600,0.18996501,0.98178303,-0.00355800,0.69037900,-1.37579900,-0.02400400,0.86907800,-1.83713600,0.00201400,0.89911400,-1.85854800,-0.01549000,0.67589300,-1.35560700
7.70019600,2.42552700,0.35161300,0.00191000,0.00435700,0.18976904,0.98181723,0.00911400,0.71213200,-1.36997400,-0.03701800,0.77726000,-1.70252100,-0.00871900,0.81939700,-1.74266100,-0.00336700,0.70452100,-1.36354600
7.71058700,2.42486700,0.35086700,0.00177700,0.00451700,0.18945200,0.98187799,0.02245000,0.73466800,-1.36225900,-0.05055300,0.64887400,-1.49535300,-0.02108200,0.70829000,-1.56615800,0.00918900,0.73601100,-1.37336600
7.72159900,2.42445100,0.35046000,0.00054400,0.00295200,0.18900299,0.98197192,0.03861400,0.75743600,-1.34589700,-0.06470200,0.53514200,-1.32544500,-0.03579700,0.61148600,-1.42721700,0.02446300,0.77110400,-1.38040300
7.73039600,2.42588000,0.35564100,-0.00599200,-0.00622700,0.18953903,0.98183516,0.03552000,0.75895000,-1.37029200,-0.06017600,0.51333200,-1.25348800,-0.03511100,0.59857400,-1.38857600,0.02280400,0.78098100,-1.40696000
7.74048400,2.42676200,0.35870900,-0.00364300,-0.00888600,0.19082194,0.98157769,0.01889400,0.79776300,-1.53311100,-0.05539300,0.53394000,-1.23305700,-0.02748700,0.62097800,-1.36504400,0.00693700,0.81488700,-1.56350700
7.75239200,2.42675300,0.35984800,-0.00091800,-0.00884500,0.19200494,0.98135367,0.00530000,0.84971200,-1.71630300,-0.04969100,0.56864600,-1.23893200,-0.01790400,0.64474100,-1.34824900,-0.00481700,0.85925000,-1.73692600
7.76551600,2.42616900,0.36016600,0.00020400,-0.00777200,0.19270807,0.98122533,-0.00884800,0.86488500,-1.81520800,-0.03810600,0.60852100,-1.25546200,-0.00363900,0.66933900,-1.33377200,-0.01802400,0.86419900,-1.81669100
7.78166900,2.42512300,0.35978400,0.00041100,-0.00577900,0.19283810,0.98121349,-0.02350000,0.80321200,-1.75184000,-0.02098800,0.65577900,-1.27985500,0.01469600,0.69592700,-1.31661300,-0.03432700,0.78938700,-1.72543600
7.79594900,2.42417300,0.35857300,0.00073200,-0.00447400,0.19253993,0.98127867,-0.03782800,0.69247400,-1.57969100,-0.00263600,0.70639800,-1.30537800,0.03291900,0.72662800,-1.30288800,-0.04901700,0.66589300,-1.52491400
7.81313900,2.42308600,0.35674600,0.00116500,-0.00375400,0.19214705,0.98135827,-0.05354300,0.58215300,-1.41043400,0.01677800,0.75843200,-1.32684500,0.05170300,0.75858000,-1.28678500,-0.06236300,0.54075300,-1.32342100
7.83062400,2.42249500,0.35773000,-0.00176200,0.00414000,0.18959598,0.98185188,-0.05866500,0.53659700,-1.36210000,0.03596700,0.79302700,-1.36161700,0.06600400,0.76031000,-1.25286100,-0.07336500,0.47543100,-1.24228000
7.84742400,2.42244000,0.35849900,0.00026600,0.00852600,0.18647204,0.98242324,-0.04488800,0.57539000,-1.36631000,0.01727800,0.82300400,-1.50886500,0.04776300,0.79536500,-1.41367300,-0.06167700,0.50994400,-1.24150300
7.86301400,2.42274300,0.35727300,0.00179700,0.00656500,0.18505396,0.98270479,-0.03046100,0.62028800,-1.36336600,0.00126500,0.87427100,-1.70142700,0.03630300,0.87224300,-1.65231100,-0.05086300,0.56965700,-1.27554700
7.87726900,2.42329200,0.35588900,0.00225300,0.00474500,0.18462192,0.98279558,-0.01728900,0.66054700,-1.36042600,-0.01228600,0.89779200,-1.83157400,0.02416800,0.91704800,-1.81971200,-0.03902900,0.62475900,-1.30477700
7.89050400,2.42384200,0.35478800,0.00201500,0.00433900,0.18460599,0.98280097,-0.00468100,0.69498400,-1.35766700,-0.02632000,0.85617800,-1.81857600,0.01271300,0.89192900,-1.83431900,-0.02668300,0.66999600,-1.32374100
7.90316600,2.42421600,0.35374800,0.00173300,0.00462400,0.18459698,0.98280190,0.00780100,0.72566800,-1.35335700,-0.04000200,0.75047300,-1.66845900,0.00082300,0.80099800,-1.71051900,-0.01441300,0.70963700,-1.33681600
7.91586900,2.42440200,0.35251500,0.00141200,0.00437000,0.18434691,0.98285051,0.02147400,0.75546300,-1.34505100,-0.05357800,0.61540900,-1.45824300,-0.01374700,0.68482700,-1.53781500,-0.00147000,0.75005000,-1.34893800
7.92914100,2.42455600,0.35194900,-0.00060900,0.00286800,0.18399901,0.98292206,0.03962400,0.78261500,-1.32610000,-0.06937100,0.50359100,-1.30240300,-0.03014300,0.58916100,-1.41544400,0.01595100,0.78989800,-1.35346600
7.94092200,2.42619800,0.35457400,-0.00848600,-0.00589600,0.18367205,0.98293326,0.03099700,0.79426400,-1.40229700,-0.05400100,0.51810500,-1.25723300,-0.03125100,0.60610900,-1.38695000,0.00849100,0.80404800,-1.41681200
7.95367000,2.42694800,0.35549300,-0.00723700,-0.00725100,0.18420701,0.98283408,0.01211800,0.83981900,-1.58711300,-0.04559300,0.55932900,-1.26515200,-0.02108200,0.64161800,-1.38094300,-0.00899600,0.84410000,-1.58634700
7.96892100,2.42711400,0.35655100,-0.00471600,-0.00596000,0.18510295,0.98268975,-0.00339600,0.88669500,-1.77540300,-0.03717100,0.60540800,-1.28038600,-0.00958700,0.67210600,-1.36445500,-0.02359800,0.88466000,-1.76134700
7.98422800,2.42702400,0.35720700,-0.00291700,-0.00412200,0.18557599,0.98261694,-0.01592000,0.88595000,-1.85030700,-0.02625700,0.65034100,-1.29601000,0.00304000,0.69930200,-1.34498600,-0.03645200,0.87689900,-1.82172200
8.01262500,2.42705000,0.35648100,-0.00119000,-0.00262300,0.18513902,0.98270812,-0.03451100,0.73228800,-1.65283000,-0.00103200,0.73546600,-1.32134900,0.02771300,0.75655400,-1.31534000,-0.05933000,0.70885600,-1.59567000
8.03025400,2.42732600,0.35504700,-0.00000500,-0.00225700,0.18469699,0.98279292,-0.04474000,0.61521400,-1.47662700,0.01336600,0.78584600,-1.33296200,0.04122000,0.79093000,-1.29730700,-0.06996900,0.58165400,-1.40034300
8.04856800,2.42767200,0.35411700,-0.00015800,0.00144100,0.18440390,0.98284948,-0.05713100,0.52753100,-1.37665500,0.03177400,0.83681800,-1.34457000,0.05861400,0.81014300,-1.25457300,-0.08248400,0.47553700,-1.26352600
8.06786000,2.42825700,0.35367300,-0.00030200,0.00595400,0.18408293,0.98289264,-0.05128100,0.56919800,-1.39702100,0.01477000,0.85591300,-1.46786300,0.04292900,0.83162000,-1.39601300,-0.06108400,0.51791000,-1.28355000
8.08540400,2.42900600,0.35208200,0.00051800,0.00382600,0.18353897,0.98300485,-0.03557800,0.62161600,-1.39850000,-0.00500000,0.89931000,-1.66095500,0.02797900,0.90175900,-1.63912800,-0.04728800,0.58580400,-1.32110000
8.10184100,2.42988300,0.35112300,0.00061200,0.00235700,0.18312994,0.98308570,-0.02096100,0.66530800,-1.39527800,-0.02106400,0.92714700,-1.81473600,0.01441200,0.94955500,-1.82817500,-0.03410800,0.64232100,-1.34612700
8.11547200,2.43056900,0.35091400,0.00046400,0.00243200,0.18284107,0.98313937,-0.00696100,0.70201200,-1.38797300,-0.03619400,0.89637100,-1.84161500,0.00208800,0.93414000,-1.88031700,-0.02104300,0.68824900,-1.35836600
