0.00447400,-0.84253500,0.35191800,0.00013700,0.00076500,-0.03308701,0.99945217,-0.00479500,0.70758600,-1.47185900,0.00436000,0.66945500,-1.37252900,-0.01366900,0.67266300,-1.37433100,0.01451900,0.71090300,-1.47448200
0.00434000,-0.84257000,0.35224700,0.00017100,-0.00011700,-0.03308099,0.99945265,-0.00495400,0.78900400,-1.65541300,0.00434000,0.66842200,-1.36792300,-0.01366300,0.67354700,-1.37337200,0.01565600,0.79469200,-1.66427100
0.00412300,-0.84260800,0.35251700,0.00023000,-0.00045400,-0.03308801,0.99945231,-0.00562000,0.86147200,-1.81364500,0.00435200,0.66729300,-1.36566100,-0.01365300,0.67316400,-1.37250200,0.01671200,0.86805800,-1.82484300
0.00392300,-0.84261600,0.35271900,0.00022100,-0.00031100,-0.03308601,0.99945244,-0.00599100,0.88338800,-1.85758900,0.00443400,0.66608300,-1.36497400,-0.01355100,0.67173400,-1.37140800,0.01669500,0.89069500,-1.86782300
0.00370800,-0.84260200,0.35275700,0.00007500,0.00009200,-0.03337200,0.99944299,-0.01121700,0.83689100,-1.75732500,0.00509400,0.66510000,-1.36622600,-0.01354200,0.67028500,-1.37088000,0.02083900,0.85006000,-1.76370600
0.00350100,-0.84260200,0.35246900,-0.00005400,0.00067600,-0.03450401,0.99940433,-0.02053400,0.75536000,-1.58339400,0.00679400,0.66479600,-1.37079900,-0.01448700,0.67008900,-1.37204900,0.02982600,0.77552800,-1.58538700
0.00337500,-0.84263700,0.35202400,0.00007300,0.00107500,-0.03619700,0.99934409,-0.03338800,0.68182200,-1.42763900,0.00871700,0.66500200,-1.37610500,-0.01650400,0.67161100,-1.37450600,0.04310900,0.71016700,-1.42651800
0.00330100,-0.84271300,0.35290800,0.00023000,0.00090900,-0.03834600,0.99926408,-0.03693500,0.66230300,-1.38680700,0.00857700,0.67435800,-1.40056000,-0.01605000,0.67841500,-1.39890100,0.04651000,0.69320800,-1.38814900
0.00341000,-0.84272000,0.35350000,0.00013800,0.00002300,-0.04108499,0.99915565,-0.03350700,0.66191300,-1.37798200,0.00344300,0.74543600,-1.55097700,-0.01335800,0.74135400,-1.55734800,0.04342200,0.69098600,-1.38379500
0.00349500,-0.84264400,0.35391200,-0.00009600,-0.00048400,-0.04380700,0.99903989,-0.02997900,0.66227900,-1.37225700,-0.00085600,0.83376600,-1.73279200,-0.01136400,0.81977800,-1.74419500,0.04045500,0.68850400,-1.38064600
0.00340400,-0.84254100,0.35408100,-0.00021200,-0.00029500,-0.04645302,0.99892041,-0.02685200,0.66267200,-1.37030800,-0.00554700,0.89083000,-1.84226000,-0.00788300,0.86570600,-1.85466400,0.03735300,0.68418800,-1.37755400
0.00312500,-0.84243500,0.35406900,-0.00004300,0.00037800,-0.04889400,0.99880390,-0.02448600,0.66274200,-1.37090300,-0.01215100,0.88173100,-1.80367000,-0.00091400,0.84488300,-1.81331400,0.03402000,0.67850000,-1.37449500
0.00278000,-0.84231500,0.35361100,0.00018300,0.00109600,-0.05155597,0.99866949,-0.02199700,0.66431600,-1.37452500,-0.01862900,0.81930400,-1.65075600,0.00682900,0.77048000,-1.65678400,0.03035100,0.67359300,-1.37378200
0.00251400,-0.84213600,0.35283100,0.00026700,0.00173700,-0.05444102,0.99851544,-0.01916300,0.66726100,-1.37969300,-0.02408500,0.74030200,-1.46254500,0.01392100,0.67879700,-1.46541500,0.02656400,0.66958500,-1.37443300
0.00242600,-0.84187900,0.35239400,0.00006100,0.00185700,-0.05722099,0.99835981,-0.01617700,0.66958000,-1.38085800,-0.02826100,0.69474200,-1.34925000,0.01938200,0.62021600,-1.35021500,0.02316100,0.66638000,-1.37356200
0.00236000,-0.84158900,0.35348700,-0.00065500,0.00056300,-0.05891299,0.99826275,-0.02024000,0.70394500,-1.47121700,-0.02536300,0.68952100,-1.33630800,0.01666000,0.62227700,-1.34422600,0.02696700,0.70771800,-1.46979000
0.00245200,-0.84145700,0.35374700,-0.00072700,-0.00121200,-0.06104699,0.99813389,-0.02582600,0.78348900,-1.65687900,-0.02343400,0.68852400,-1.33104800,0.01393600,0.62932700,-1.34696900,0.03335200,0.79720600,-1.66482200
0.00247300,-0.84143700,0.35389300,-0.00048200,-0.00193900,-0.06315100,0.99800198,-0.03178700,0.85407300,-1.81801300,-0.02177300,0.68762200,-1.33011200,0.01107700,0.63382000,-1.34930100,0.04061700,0.87582500,-1.83085800
0.00233200,-0.84140300,0.35400000,-0.00044400,-0.00165400,-0.06556001,0.99784716,-0.03613200,0.87531600,-1.86593700,-0.01923800,0.68599100,-1.33279700,0.00842200,0.63554300,-1.35050100,0.04550600,0.90242000,-1.87791500
0.00206800,-0.84132500,0.35386700,-0.00050300,-0.00064300,-0.06826201,0.99766709,-0.03847400,0.83070500,-1.76723500,-0.01616900,0.68449600,-1.33950200,0.00565900,0.63564900,-1.35155300,0.04767600,0.86104000,-1.77393600
0.00183800,-0.84125600,0.35328000,-0.00047400,0.00038600,-0.07129998,0.99745473,-0.04088700,0.75114800,-1.59369000,-0.01289600,0.68455200,-1.34959500,0.00235900,0.63762200,-1.35564000,0.05021700,0.78464800,-1.59465200
0.00174800,-0.84120100,0.35245400,-0.00019700,0.00099100,-0.07409903,0.99725038,-0.04670800,0.67930900,-1.43799900,-0.01036000,0.68560900,-1.35886600,-0.00119000,0.64114900,-1.36077500,0.05706000,0.71761200,-1.43473400
0.00192100,-0.84122400,0.35237600,-0.00011000,0.00073700,-0.07657198,0.99706378,-0.04832600,0.66407200,-1.40033900,-0.00951000,0.69722000,-1.39105500,-0.00253500,0.65428700,-1.39418300,0.05920300,0.70346900,-1.40091200
0.00242400,-0.84119700,0.35203400,-0.00055600,-0.00006700,-0.07880797,0.99688966,-0.04512400,0.66740800,-1.39725000,-0.01314600,0.77150200,-1.55349500,-0.00138200,0.72365600,-1.56292500,0.05711900,0.70535100,-1.40179100
0.00287300,-0.84112900,0.35195900,-0.00098700,-0.00043100,-0.08090701,0.99672107,-0.04218500,0.67000800,-1.39515100,-0.01729400,0.86034600,-1.74101100,-0.00061600,0.80468000,-1.75464300,0.05503800,0.70571200,-1.40149500
0.00311900,-0.84102600,0.35206000,-0.00114100,-0.00028200,-0.08322302,0.99653025,-0.03941000,0.67148300,-1.39394900,-0.02163200,0.91640100,-1.85286700,0.00147100,0.85233300,-1.86749200,0.05225000,0.70320300,-1.39945900
0.00306700,-0.84093800,0.35217500,-0.00089000,0.00040800,-0.08572801,0.99631810,-0.03703700,0.67177800,-1.39389100,-0.02718500,0.90555900,-1.81648000,0.00699000,0.83323100,-1.82812200,0.04861400,0.69767100,-1.39571500
0.00283500,-0.84083800,0.35194900,-0.00035500,0.00108200,-0.08901398,0.99602973,-0.03418400,0.67302200,-1.39538200,-0.03273300,0.83981400,-1.66016900,0.01442900,0.75749300,-1.66682900,0.04362500,0.69192300,-1.39368500
0.00258600,-0.84072700,0.35131300,0.00018300,0.00155500,-0.09375402,0.99559416,-0.02966100,0.67627200,-1.39776300,-0.03848400,0.76110800,-1.47172500,0.02283500,0.66344100,-1.47375000,0.03688700,0.68619400,-1.39325300
0.00252400,-0.84056700,0.35079900,0.00025600,0.00160300,-0.09944299,0.99504194,-0.02341200,0.68017800,-1.39714900,-0.04507100,0.71901300,-1.35712100,0.03163000,0.60001300,-1.35608500,0.02975800,0.68037700,-1.39140600
0.00285400,-0.84045300,0.35058800,-0.00039600,-0.00006900,-0.10573898,0.99439384,-0.02879000,0.71930200,-1.50082200,-0.03621700,0.71694500,-1.35186000,0.02252600,0.61482700,-1.36287900,0.03531200,0.72791600,-1.50264300
0.00333700,-0.84051000,0.35034800,-0.00036900,-0.00165700,-0.11244604,0.99365638,-0.03637100,0.79824300,-1.69037900,-0.02950200,0.71548800,-1.35222100,0.01499000,0.62971200,-1.37154900,0.04509700,0.81783000,-1.70055600
0.00366700,-0.84053600,0.35074000,-0.00010100,-0.00215300,-0.11936501,0.99284810,-0.04440200,0.86528400,-1.84828800,-0.02285100,0.71198100,-1.35388800,0.00686500,0.63978300,-1.37581000,0.05622600,0.89363900,-1.86222400
0.00375900,-0.84042400,0.35142600,-0.00001000,-0.00146700,-0.12650105,0.99196539,-0.05086700,0.88146200,-1.88783000,-0.01551200,0.70642100,-1.35753600,-0.00125200,0.64497400,-1.37625400,0.06482100,0.91528300,-1.89961600
0.00369000,-0.84015400,0.35198500,-0.00007800,-0.00011100,-0.13445300,0.99091996,-0.05808400,0.83462500,-1.78552100,-0.00690300,0.70011600,-1.36440200,-0.01025200,0.64889400,-1.37646100,0.07286300,0.87120800,-1.79044800
0.00366200,-0.83982800,0.35210300,0.00004500,0.00103800,-0.14371396,0.98961872,-0.06879000,0.75529700,-1.61134300,0.00281500,0.69491500,-1.37449600,-0.02139600,0.65617000,-1.38040200,0.08467100,0.79383700,-1.60930600
0.00383200,-0.83954600,0.35207200,0.00051700,0.00155800,-0.15401893,0.98806653,-0.08615400,0.68630500,-1.46034300,0.01306800,0.69032900,-1.38399200,-0.03469900,0.66678500,-1.38630900,0.10478000,0.72861100,-1.45420000
0.00437000,-0.83938200,0.35274900,-0.00014200,0.00167300,-0.16513493,0.98626956,-0.09073100,0.67413500,-1.42644200,0.01708200,0.70006500,-1.41195700,-0.03847700,0.67859200,-1.41593500,0.10921900,0.71190800,-1.42221600
0.00511100,-0.83933800,0.35301500,-0.00056800,0.00100400,-0.17753708,0.98411344,-0.07531400,0.67968000,-1.41387900,0.00656200,0.77840000,-1.56353600,-0.03220500,0.73327700,-1.57445600,0.09426300,0.70300500,-1.41451500
0.00574500,-0.83934300,0.35323600,-0.00098700,0.00042000,-0.19053804,0.98167923,-0.05911300,0.68605900,-1.40234700,-0.00387600,0.87246600,-1.74111100,-0.02580800,0.80041900,-1.75712500,0.07878200,0.69290800,-1.40690000
0.00611400,-0.83934600,0.35342400,-0.00119700,0.00037200,-0.20386792,0.97899760,-0.04294100,0.69196700,-1.39233500,-0.01462600,0.93536300,-1.84656700,-0.01759300,0.83552800,-1.86449000,0.06314700,0.67957500,-1.39780800
0.00616700,-0.83930600,0.35347100,-0.00095600,0.00094700,-0.21715907,0.97613530,-0.02758500,0.69707600,-1.38439600,-0.02661600,0.93066000,-1.80465200,-0.00532900,0.80487300,-1.82051400,0.04742600,0.66284500,-1.38722300
0.00601200,-0.83923700,0.35298500,-0.00039400,0.00159200,-0.23055498,0.97305792,-0.01276600,0.70345200,-1.37939500,-0.03774700,0.87027500,-1.64439800,0.00852500,0.71924200,-1.65646600,0.03149500,0.64601400,-1.37891600
0.00578900,-0.83915600,0.35197800,0.00020800,0.00202600,-0.24429990,0.96969759,0.00215900,0.71164100,-1.37598800,-0.04746500,0.79336800,-1.44877500,0.02216700,0.61557500,-1.45707700,0.01537800,0.63000200,-1.37318200
0.00566500,-0.83908200,0.35130100,0.00059800,0.00218500,-0.25754186,0.96626449,0.01648400,0.71884900,-1.36920000,-0.05733700,0.75201400,-1.32878600,0.03574900,0.54206700,-1.33393300,0.00041700,0.61393900,-1.36550200
0.00595900,-0.83930700,0.35281600,-0.00022300,0.00017800,-0.27098302,0.96258408,0.00255600,0.74946400,-1.46486200,-0.04252200,0.74508500,-1.32220300,0.02245100,0.56170700,-1.34027000,0.01513000,0.66423500,-1.47173000
0.00633600,-0.83944500,0.35365900,-0.00105000,-0.00177900,-0.28405007,0.95880722,-0.01375600,0.82659400,-1.65389600,-0.02903000,0.73773600,-1.32211700,0.00974600,0.58333200,-1.34924000,0.03285700,0.75816600,-1.66917600
0.00657500,-0.83943500,0.35446900,-0.00118300,-0.00244700,-0.29715813,0.95482441,-0.03054000,0.89433100,-1.81766700,-0.01604500,0.72997800,-1.32678800,-0.00422400,0.60069700,-1.35684800,0.05147200,0.84058600,-1.83661400
0.00665500,-0.83923400,0.35520100,-0.00091900,-0.00168800,-0.31059602,0.95054007,-0.04630100,0.91128300,-1.86593100,-0.00244200,0.72143700,-1.33653400,-0.01913900,0.61325100,-1.36191100,0.06845400,0.87106900,-1.88311100
0.00666400,-0.83885600,0.35561100,-0.00052000,-0.00010300,-0.32429196,0.94595689,-0.06000700,0.86173900,-1.76826100,0.01191500,0.71314300,-1.35032400,-0.03469200,0.62346900,-1.36665700,0.08230400,0.83532900,-1.77938900
0.00676000,-0.83841900,0.35543600,-0.00009400,0.00122700,-0.33792387,0.94117264,-0.07510600,0.77713100,-1.59606200,0.02631300,0.70684000,-1.36619800,-0.05095800,0.63552800,-1.37479700,0.09759800,0.76534800,-1.60120600
0.00707000,-0.83807000,0.35495500,0.00047300,0.00176600,-0.35129710,0.93626225,-0.09407300,0.70123100,-1.44421300,0.03998400,0.70231100,-1.38079100,-0.06824900,0.65009200,-1.38519700,0.11822600,0.70578100,-1.44582800
0.00747000,-0.83785300,0.35554700,0.00091800,0.00135500,-0.36352587,0.93158267,-0.09659900,0.68420600,-1.40486700,0.04184000,0.71057200,-1.40806500,-0.07216500,0.66178100,-1.41248600,0.11988700,0.68817400,-1.40738300
0.00791900,-0.83788300,0.35579500,0.00055600,0.00016400,-0.37597195,0.92663087,-0.08148500,0.69023400,-1.39275000,0.02977900,0.78824900,-1.56001500,-0.06178900,0.71789500,-1.57191800,0.10385900,0.68035700,-1.40160300
0.00829700,-0.83799100,0.35593700,-0.00016500,-0.00039300,-0.38873022,0.92135153,-0.06486000,0.69673400,-1.38202100,0.01751400,0.88218500,-1.73787600,-0.05247200,0.78606300,-1.75553700,0.08869600,0.67045600,-1.39507600
0.00848600,-0.83805600,0.35590300,-0.00062200,-0.00022200,-0.40176196,0.91574390,-0.04793600,0.70322000,-1.37378600,0.00437900,0.94317700,-1.84004000,-0.04118200,0.82092000,-1.86026600,0.07365900,0.65725800,-1.38736000
0.00842300,-0.83804800,0.35561300,-0.00042600,0.00047200,-0.41484699,0.90989097,-0.03173500,0.70959900,-1.36827600,-0.01034700,0.93781900,-1.79827200,-0.02562700,0.79156300,-1.81684900,0.05829600,0.64105400,-1.37887200
0.00825700,-0.83794900,0.35469700,0.00014700,0.00112900,-0.42805903,0.90375006,-0.01604900,0.71771400,-1.36579700,-0.02520200,0.87593600,-1.63629400,-0.00770400,0.70656500,-1.65155300,0.04263900,0.62510200,-1.37306700
0.00803300,-0.83791100,0.35331000,0.00077200,0.00150800,-0.44148983,0.89726465,-0.00043000,0.72760300,-1.36434500,-0.03851000,0.79786400,-1.44024600,0.00975900,0.60417000,-1.45277500,0.02685200,0.61024300,-1.36981700
0.00788900,-0.83798800,0.35234900,0.00109000,0.00160400,-0.45460382,0.89069165,0.01489900,0.73589000,-1.35753100,-0.05071000,0.75580100,-1.32251900,0.02711800,0.53048000,-1.32914400,0.01207700,0.59467100,-1.36324400
0.00806900,-0.83833500,0.35372800,0.00017200,-0.00065700,-0.46606114,0.88475226,0.00177700,0.76930100,-1.46106900,-0.03807600,0.74906900,-1.31937600,0.01599500,0.55085200,-1.33655500,0.02547200,0.64978500,-1.47618600
0.00835200,-0.83877900,0.35415800,-0.00132600,-0.00312600,-0.47904217,0.87778532,-0.01413400,0.84784000,-1.65644900,-0.02325700,0.74369000,-1.32108400,0.00240200,0.57822000,-1.35139800,0.04258300,0.74668100,-1.68006300
0.00849400,-0.83907300,0.35461400,-0.00171400,-0.00410600,-0.49233129,0.87039652,-0.03108000,0.91563800,-1.82459600,-0.00845100,0.73748200,-1.32863500,-0.01253100,0.59990400,-1.36339500,0.06102000,0.83128400,-1.85179400
0.00849700,-0.83909300,0.35512100,-0.00136200,-0.00338700,-0.50553398,0.86279897,-0.04635200,0.93170000,-1.87660100,0.00692200,0.72980700,-1.34076500,-0.02762800,0.61419200,-1.37034000,0.07647100,0.86397000,-1.90071600
0.00844800,-0.83887400,0.35544500,-0.00067200,-0.00166800,-0.51859007,0.85502111,-0.06003800,0.88085000,-1.78258900,0.02299700,0.72167000,-1.35612700,-0.04280300,0.62425900,-1.37500900,0.08841200,0.83092000,-1.79844100
0.00846200,-0.83858900,0.35525100,-0.00005700,-0.00016600,-0.53143619,0.84709831,-0.07509800,0.79505800,-1.61433800,0.03926100,0.71521800,-1.37307200,-0.05846700,0.63569700,-1.38261000,0.10108700,0.76404100,-1.62150900
0.00855200,-0.83843700,0.35487900,0.00037600,0.00046000,-0.54380100,0.83921399,-0.09501700,0.71883200,-1.46735400,0.05477600,0.70996700,-1.38703400,-0.07467000,0.64931100,-1.39188100,0.11927600,0.70828000,-1.46874700
0.00894600,-0.83861300,0.35391900,-0.00003200,0.00044900,-0.55583708,0.83129112,-0.10487900,0.70224500,-1.42255500,0.05677700,0.72137000,-1.42062900,-0.07829800,0.66600600,-1.42910800,0.12871400,0.69536000,-1.42762300
0.00931800,-0.83907500,0.35253800,-0.00033600,0.00061100,-0.56832905,0.82280107,-0.08738400,0.71307800,-1.42002700,0.04262700,0.80195300,-1.57871600,-0.06842900,0.72121500,-1.58954200,0.11233300,0.68748700,-1.42665100
0.00940900,-0.83945400,0.35262100,-0.00052600,0.00057300,-0.58094180,0.81394473,-0.06891100,0.71969100,-1.41001500,0.02913600,0.89418300,-1.75316800,-0.05926300,0.78527100,-1.76625000,0.09535800,0.67470500,-1.41880200
0.00924500,-0.83968100,0.35311800,-0.00053200,0.00065800,-0.59370581,0.80468174,-0.05005800,0.72456500,-1.39718300,0.01478600,0.95292800,-1.85000200,-0.04776400,0.81643900,-1.86414900,0.07857700,0.65837300,-1.40739100
0.00888600,-0.83973500,0.35338800,-0.00008000,0.00107600,-0.60640908,0.79515210,-0.03160300,0.72922000,-1.38584200,-0.00153000,0.94373800,-1.79892300,-0.03171800,0.78259600,-1.81131000,0.06215600,0.63938900,-1.39499900
0.00841500,-0.83972000,0.35293000,0.00060300,0.00142600,-0.61904782,0.78535177,-0.01366300,0.73600600,-1.37787900,-0.01763200,0.87914000,-1.63089400,-0.01380300,0.69526200,-1.64066100,0.04597300,0.62130500,-1.38608900
0.00790100,-0.83976300,0.35181900,0.00129100,0.00156900,-0.63178779,0.77513874,0.00416300,0.74517700,-1.37185000,-0.03299800,0.79956100,-1.43023000,0.00412100,0.59062900,-1.43815600,0.02984300,0.60466500,-1.38052200
0.00736500,-0.83993400,0.35192900,0.00255700,0.00155000,-0.64313391,0.76574789,0.01884900,0.74866600,-1.35733900,-0.04479500,0.75840900,-1.32533700,0.01994200,0.52276900,-1.32800800,0.01493800,0.58445900,-1.36618100
0.00697600,-0.84036400,0.35572900,0.00127600,0.00032700,-0.65095995,0.75911094,0.00503500,0.77724900,-1.45058600,-0.03310500,0.74506000,-1.30975700,0.01168100,0.53309500,-1.31891700,0.02885000,0.63484000,-1.46576000
0.00683700,-0.84089100,0.35706300,-0.00155600,-0.00225800,-0.66131091,0.75010690,-0.01256800,0.85498800,-1.64371800,-0.01806600,0.73793600,-1.30385900,0.00002700,0.55910600,-1.32886400,0.04535300,0.73191500,-1.66886700
0.00666500,-0.84117800,0.35770900,-0.00263100,-0.00397900,-0.67267589,0.73992188,-0.03044900,0.92076200,-1.80723500,-0.00324400,0.73153500,-1.30804900,-0.01471700,0.58272500,-1.34134100,0.06389900,0.81617700,-1.83919300
0.00646100,-0.84108700,0.35812400,-0.00236900,-0.00389300,-0.68439407,0.72909807,-0.04722600,0.93614200,-1.85829000,0.01289700,0.72421000,-1.32042900,-0.03013500,0.59925400,-1.35034600,0.08002400,0.84985800,-1.88915200
0.00627700,-0.84068400,0.35821900,-0.00146500,-0.00253800,-0.69615882,0.71788182,-0.06265800,0.88458800,-1.76483900,0.03053400,0.71660500,-1.33814700,-0.04549300,0.61114800,-1.35755100,0.09238100,0.81857000,-1.78789200
0.00614200,-0.84018600,0.35773000,-0.00062700,-0.00115900,-0.70775637,0.70645537,-0.07997100,0.79828200,-1.59819200,0.04895800,0.71062100,-1.35836200,-0.06118300,0.62394600,-1.36773700,0.10530900,0.75381200,-1.61191600
0.00602800,-0.83976300,0.35707600,-0.00007000,-0.00046900,-0.71901814,0.69499114,-0.10277400,0.72048200,-1.44997000,0.06717900,0.70532900,-1.37581700,-0.07754600,0.63831700,-1.37914600,0.12391500,0.69838300,-1.45609800
0.00600500,-0.83977000,0.35597600,-0.00021700,-0.00000400,-0.72970890,0.68375791,-0.11412200,0.70417700,-1.40510200,0.06938700,0.71460600,-1.40724100,-0.08124700,0.65467300,-1.41470600,0.13533500,0.68680800,-1.42016700
0.00597400,-0.84020900,0.35431000,-0.00017500,-0.00008800,-0.74049827,0.67205824,-0.09678600,0.71752300,-1.40649700,0.05430500,0.79801300,-1.56843500,-0.07060900,0.71113500,-1.57608500,0.11817900,0.67881200,-1.42000900
0.00567500,-0.84046600,0.35411800,-0.00074600,-0.00071300,-0.75132528,0.65993125,-0.07756000,0.72620100,-1.39771300,0.04012500,0.89353900,-1.74802400,-0.06112000,0.77689000,-1.75907100,0.10079800,0.66847000,-1.41523700
0.00523400,-0.84051100,0.35438200,-0.00105900,-0.00074600,-0.76259729,0.64687224,-0.05649700,0.73271500,-1.38536400,0.02425800,0.95642300,-1.84794100,-0.04954500,0.80699100,-1.86141700,0.08328100,0.65266200,-1.40562600
0.00471000,-0.84032900,0.35450000,-0.00057100,-0.00030900,-0.77426777,0.63285781,-0.03495800,0.73864900,-1.37361800,0.00562700,0.95387800,-1.80240500,-0.03324900,0.77155100,-1.81487000,0.06514800,0.63172600,-1.39297600
0.00412100,-0.84006800,0.35392600,0.00020200,0.00012800,-0.78640114,0.61771611,-0.01279200,0.74720200,-1.36422700,-0.01344500,0.89572900,-1.63589600,-0.01464700,0.67938100,-1.64609100,0.04630900,0.60983800,-1.38231400
0.00347900,-0.83988100,0.35268100,0.00101400,0.00046800,-0.79895188,0.60139391,0.00981000,0.75844600,-1.35592500,-0.03167300,0.82135500,-1.43295900,0.00382800,0.56819000,-1.44255600,0.02702500,0.58777000,-1.37364800
0.00279000,-0.83985700,0.35223700,0.00209500,0.00072200,-0.81101297,0.58502398,0.03081000,0.76614700,-1.33999800,-0.04779400,0.78364300,-1.31486000,0.02239200,0.48470500,-1.31864700,0.00849300,0.56170700,-1.35722600
0.00230900,-0.84032700,0.35515900,-0.00099600,-0.00041700,-0.82058476,0.57152383,0.01149200,0.79667900,-1.44147200,-0.02895300,0.77299300,-1.30658400,0.00741300,0.51157100,-1.31694000,0.02771100,0.61693000,-1.46537100
0.00184500,-0.84082400,0.35653500,-0.00249900,-0.00223000,-0.83152064,0.55548376,-0.01093400,0.87733000,-1.64197900,-0.01113400,0.76285700,-1.30928600,-0.01084200,0.54287600,-1.33358600,0.05048800,0.71524000,-1.67124800
0.00139600,-0.84115300,0.35752400,-0.00235800,-0.00343800,-0.84318323,0.53761014,-0.03384000,0.94774300,-1.81340900,0.00786300,0.75331300,-1.32088400,-0.03226900,0.56965600,-1.34746500,0.07639800,0.80159900,-1.84503200
0.00112500,-0.84123700,0.35824400,-0.00157300,-0.00340500,-0.85509908,0.51845105,-0.05572200,0.96504400,-1.86917600,0.02970100,0.74327100,-1.33728100,-0.05440200,0.59200800,-1.35879500,0.09916700,0.83675600,-1.89733800
0.00106400,-0.84112900,0.35856700,-0.00051600,-0.00246900,-0.86673814,0.49875708,-0.07657800,0.91351700,-1.77887600,0.05360400,0.73338100,-1.35628400,-0.07649000,0.61100100,-1.36908900,0.11762400,0.80685400,-1.79874600
0.00116700,-0.84098700,0.35837400,0.00023100,-0.00150300,-0.87731804,0.47990702,-0.09855600,0.83030600,-1.62172500,0.07719200,0.72516700,-1.37463900,-0.09787500,0.62896900,-1.38062300,0.13525700,0.74559400,-1.63271900
0.00138200,-0.84091200,0.35801700,0.00052000,-0.00079700,-0.88835511,0.45915606,-0.12904000,0.74651600,-1.46547100,0.10332800,0.71647600,-1.39095300,-0.12221700,0.64893300,-1.39350200,0.15995700,0.68601800,-1.46720100
0.00151000,-0.84113600,0.35727400,-0.00004700,-0.00013100,-0.89816776,0.43965288,-0.14382500,0.72343900,-1.41480100,0.10997000,0.72433700,-1.42110700,-0.12993100,0.66626400,-1.42879800,0.17222100,0.67078200,-1.41758800
0.00128200,-0.84170900,0.35552400,-0.00034100,0.00060600,-0.90764729,0.41973314,-0.11871600,0.73771800,-1.41294600,0.08955600,0.81319200,-1.58544700,-0.11477600,0.71830500,-1.59561800,0.15035200,0.66280700,-1.42042700
0.00088600,-0.84216400,0.35496600,-0.00099600,0.00068900,-0.91624179,0.40062391,-0.09470900,0.74894200,-1.40395100,0.07179400,0.90940100,-1.75861500,-0.10281500,0.77634200,-1.77201700,0.12895400,0.65218300,-1.41779200
0.00031400,-0.84227500,0.35479600,-0.00156900,0.00070300,-0.92535952,0.37908680,-0.06817200,0.75976800,-1.38988000,0.05042700,0.97932300,-1.86681500,-0.08665900,0.80482800,-1.88313300,0.10566900,0.63629300,-1.41030600
-0.00021200,-0.84213900,0.35455600,-0.00130200,0.00081200,-0.93361406,0.35827702,-0.04361800,0.76903300,-1.37641900,0.02674900,0.97507500,-1.81665000,-0.06507200,0.76492900,-1.83241000,0.08398200,0.61617000,-1.39951300
-0.00078100,-0.84181600,0.35375500,-0.00060500,0.00075700,-0.94142896,0.33720999,-0.01997700,0.77966900,-1.36495000,0.00257400,0.91512900,-1.64924300,-0.04036100,0.67147500,-1.66290400,0.06281500,0.59484000,-1.38984500
-0.00148900,-0.84142300,0.35239300,0.00022800,0.00054700,-0.94880496,0.31586199,0.00295400,0.79208600,-1.35453100,-0.02014700,0.83968400,-1.44785100,-0.01560900,0.55983700,-1.45903100,0.04236500,0.57353600,-1.38193500
-0.00246900,-0.84103200,0.35144300,0.00151200,0.00003000,-0.95556554,0.29477486,0.02408200,0.80201400,-1.33902000,-0.04169200,0.80265600,-1.32540400,0.00853200,0.47484300,-1.33132400,0.02277100,0.54942600,-1.36898100
-0.00379300,-0.84107600,0.35281600,-0.00127800,-0.00030700,-0.96149107,0.27483302,0.00588200,0.83767600,-1.45715200,-0.02259100,0.79650000,-1.32673200,-0.00677600,0.50686700,-1.33854000,0.04097800,0.61141700,-1.48841500
-0.00484600,-0.84113300,0.35367500,-0.00224100,-0.00128200,-0.96697955,0.25484088,-0.01540700,0.91301800,-1.65135900,-0.00400800,0.78784700,-1.33547800,-0.02489900,0.53749800,-1.35632600,0.06287700,0.70514400,-1.68167800
-0.00566400,-0.84113300,0.35491400,-0.00169300,-0.00211900,-0.97261744,0.23239611,-0.03845600,0.98310400,-1.82978000,0.01643300,0.77663500,-1.34792700,-0.04675900,0.56238300,-1.36722300,0.08869000,0.79485100,-1.85759700
-0.00605400,-0.84114500,0.35606300,-0.00072900,-0.00215300,-0.97758431,0.21053207,-0.05942700,0.99324900,-1.87674200,0.03772200,0.76504900,-1.36086200,-0.06808400,0.58190100,-1.37430900,0.10974500,0.82753500,-1.89977300
-0.00611300,-0.84121300,0.35690300,0.00045700,-0.00167200,-0.98207548,0.18848009,-0.07955500,0.93403000,-1.77881000,0.06030500,0.75349300,-1.37478000,-0.08972100,0.59875600,-1.38055600,0.12681600,0.79602100,-1.79393500
-0.00598600,-0.84141600,0.35712000,0.00119700,-0.00104800,-0.98603206,0.16654801,-0.10202200,0.83967000,-1.60865000,0.08350400,0.74376400,-1.38919700,-0.11188600,0.61660700,-1.39007300,0.14430800,0.73154700,-1.61560400
-0.00583200,-0.84180600,0.35706500,0.00120700,-0.00063600,-0.98944302,0.14491600,-0.13048000,0.75536400,-1.45962100,0.10636400,0.73509500,-1.40051800,-0.13499400,0.63557700,-1.40110100,0.16761600,0.67697100,-1.46007500
-0.00592400,-0.84249300,0.35661400,0.00070400,0.00115700,-0.99234689,0.12347399,-0.14309800,0.73440600,-1.41873300,0.10971400,0.74479300,-1.43263700,-0.13977300,0.65341800,-1.44006200,0.17773000,0.66359200,-1.42438400
-0.00645100,-0.84316500,0.35527700,-0.00060800,0.00182400,-0.99482398,0.10159500,-0.11946800,0.74936800,-1.41418400,0.08731100,0.83148500,-1.59304600,-0.12516900,0.70694100,-1.60782300,0.15516000,0.65703700,-1.42503300
-0.00692900,-0.84353300,0.35484700,-0.00199000,0.00178500,-0.99681019,0.07976402,-0.09610600,0.76093100,-1.40228700,0.06808200,0.93004300,-1.77073000,-0.11177200,0.76723400,-1.79087900,0.13155100,0.64689900,-1.42146600
-0.00722400,-0.84364900,0.35477800,-0.00243600,0.00190300,-0.99833132,0.05766302,-0.07253900,0.77021100,-1.38883900,0.04742700,0.99354400,-1.86841500,-0.09498000,0.79328500,-1.89079500,0.10852400,0.63016200,-1.41229700
-0.00728200,-0.84356100,0.35462700,-0.00185300,0.00183900,-0.99937144,0.03535402,-0.04965500,0.77840400,-1.37640500,0.02412700,0.98944600,-1.82152800,-0.07195800,0.75629800,-1.84192100,0.08580600,0.60768300,-1.39927600
-0.00719900,-0.84332100,0.35397200,-0.00085600,0.00141100,-0.99991484,0.01294600,-0.02781600,0.78760600,-1.36603000,0.00044000,0.92870500,-1.65523100,-0.04518500,0.66533400,-1.67156000,0.06351700,0.58330400,-1.38664200
-0.00711700,-0.84296700,0.35278300,-0.00012500,-0.00075200,0.99995137,0.00983200,-0.00642800,0.79858100,-1.35642900,-0.02186000,0.85096100,-1.45173100,-0.01802800,0.55508300,-1.46364300,0.04164400,0.55850200,-1.37542900
-0.00721300,-0.84247700,0.35181200,-0.00111900,0.00017800,0.99947230,0.03246301,0.01377700,0.80812000,-1.34235600,-0.04400400,0.81036900,-1.31881200,0.00810900,0.46997700,-1.32788900,0.02083400,0.53203100,-1.36085300
-0.00778700,-0.84200200,0.35196100,0.00062300,-0.00056100,0.99849563,0.05482498,-0.00249300,0.84147300,-1.45581300,-0.02780500,0.80498100,-1.32644400,-0.00730900,0.50248500,-1.34004600,0.04008100,0.59450300,-1.47633600
-0.00819600,-0.84168200,0.35286900,0.00052200,-0.00011000,0.99712579,0.07576198,-0.02455600,0.91832500,-1.65469200,-0.01004800,0.79353500,-1.33732100,-0.02512400,0.52759600,-1.35478000,0.06408900,0.69340100,-1.67283500
-0.00848300,-0.84160600,0.35434300,-0.00020700,0.00059400,0.99544524,0.09533302,-0.04535400,0.98133800,-1.81381200,0.00650300,0.78147500,-1.34714200,-0.04362400,0.54562200,-1.36126300,0.08803100,0.77602200,-1.82963800
-0.00859400,-0.84167900,0.35577400,-0.00109500,0.00087200,0.99309896,0.11727100,-0.06701000,0.99175600,-1.86263300,0.02634800,0.76783300,-1.35781300,-0.06480600,0.56372600,-1.36674200,0.11088500,0.81291300,-1.87538500
-0.00864000,-0.84201200,0.35667300,-0.00187900,0.00082100,0.99050881,0.13743397,-0.08523400,0.93553600,-1.77033200,0.04554300,0.75668100,-1.36922400,-0.08490800,0.58031000,-1.37352600,0.12807200,0.78625200,-1.77913100
-0.00875200,-0.84258400,0.35688400,-0.00231300,0.00083200,0.98714926,0.15978204,-0.10691700,0.83350600,-1.58658700,0.06691600,0.74697700,-1.38376400,-0.10875700,0.60054300,-1.38516700,0.14820900,0.71957300,-1.59198100
-0.00903300,-0.84330500,0.35676900,-0.00222200,0.00085900,0.98351937,0.18078707,-0.13311800,0.74480400,-1.43008000,0.08696900,0.73883500,-1.39576100,-0.13275400,0.62041000,-1.39739000,0.17349900,0.66412400,-1.43316400
-0.00918200,-0.84404000,0.35846800,-0.00170300,0.00116700,0.97974224,0.20025205,-0.12870200,0.72992400,-1.39518700,0.08636100,0.74135500,-1.41267900,-0.13585400,0.62936600,-1.41897100,0.16728900,0.64434500,-1.40094700
-0.00928400,-0.84434300,0.35976500,-0.00018700,0.00131800,0.97550030,0.21999407,-0.10721500,0.73356900,-1.37378600,0.06890100,0.81829200,-1.55358700,-0.11808100,0.67660100,-1.56610100,0.14373300,0.62967000,-1.38806100
-0.00941300,-0.84436900,0.36022100,0.00103800,0.00068000,0.97058465,0.24075691,-0.08336200,0.74054100,-1.35530900,0.05297600,0.91645300,-1.72832000,-0.10357400,0.73918000,-1.74741400,0.12195800,0.61554400,-1.37854500
-0.00945100,-0.84423000,0.35995600,0.00133700,-0.00019600,0.96506827,0.26199507,-0.05879100,0.74983200,-1.34179900,0.03464900,0.98196000,-1.82856600,-0.08679800,0.76945100,-1.85217400,0.10167000,0.59918400,-1.37031500
-0.00935200,-0.84403800,0.35912900,0.00084400,-0.00052300,0.95935597,0.28219699,-0.03636100,0.75976100,-1.33278800,0.01459900,0.98089200,-1.79040600,-0.06595200,0.74016000,-1.81516600,0.08277400,0.58080000,-1.36253000
-0.00907000,-0.84362300,0.35763500,0.00015100,-0.00026400,0.95252285,0.30446695,-0.01283700,0.77297500,-1.32589700,-0.00757200,0.91782800,-1.62040000,-0.03993000,0.64946100,-1.64412900,0.06205600,0.56022600,-1.35661600
-0.00881000,-0.84309500,0.35576300,-0.00042000,0.00032500,0.94582175,0.32468591,0.00782500,0.78648100,-1.32011300,-0.02709800,0.84315400,-1.42941200,-0.01581100,0.54714700,-1.45165100,0.04355500,0.54148800,-1.35278000
-0.00860200,-0.84222200,0.35417000,-0.00088600,0.00090700,0.93796784,0.34671994,0.03011600,0.79910600,-1.30670400,-0.04605500,0.79895900,-1.29624500,0.01053600,0.45704200,-1.30577700,0.02461600,0.51896100,-1.34397100
-0.00905500,-0.84150800,0.35532100,0.00247900,-0.00058600,0.93086596,0.36535198,0.01177000,0.83465800,-1.42243000,-0.03060500,0.79110800,-1.29574400,-0.00045000,0.48366700,-1.31962100,0.04150900,0.58123600,-1.46330700
-0.00953900,-0.84085100,0.35604300,0.00544100,-0.00178000,0.92289970,0.38499788,-0.01185300,0.91307600,-1.62452400,-0.01172100,0.78239000,-1.29929600,-0.01755300,0.51947200,-1.33982000,0.06395200,0.68075900,-1.66863800
-0.00974200,-0.84042900,0.35696400,0.00603300,-0.00168800,0.91445105,0.40464802,-0.03614600,0.98081200,-1.79741600,0.00712700,0.77241700,-1.31040600,-0.03634400,0.54490400,-1.35256800,0.08778500,0.76840400,-1.84022300
-0.00969600,-0.84034900,0.35789200,0.00465600,-0.00122300,0.90544512,0.42443606,-0.05925300,0.99361900,-1.85194700,0.02773900,0.76098700,-1.32673700,-0.05552200,0.56218700,-1.35960900,0.10804200,0.80533000,-1.88792400
-0.00953900,-0.84056500,0.35847900,0.00244200,-0.00075100,0.89588984,0.44426892,-0.08107500,0.93661200,-1.76076400,0.05007600,0.74967500,-1.34619100,-0.07520600,0.57632000,-1.36579800,0.12425600,0.77942500,-1.78643200
-0.00941900,-0.84093100,0.35840800,0.00062400,-0.00032900,0.88588245,0.46390924,-0.10445500,0.84187900,-1.59206400,0.07294400,0.74035500,-1.36681600,-0.09599600,0.59175400,-1.37546600,0.14127100,0.71916300,-1.60836700
-0.00943500,-0.84131500,0.35805900,-0.00008600,-0.00009000,0.87558461,0.48306478,-0.13330800,0.75691100,-1.44398300,0.09540800,0.73221700,-1.38351900,-0.11805100,0.60949400,-1.38745000,0.16466400,0.66934600,-1.45454800
-0.00960200,-0.84155800,0.35779500,0.00059500,-0.00014300,0.86513598,0.50153699,-0.14296900,0.73576100,-1.40414100,0.09823100,0.74131900,-1.41495000,-0.12347100,0.62625700,-1.42255000,0.17147800,0.65749400,-1.41527600
-0.00979600,-0.84152100,0.35730200,0.00123800,-0.00030700,0.85453555,0.51939134,-0.12090800,0.74431300,-1.39482500,0.07991200,0.81875100,-1.55824800,-0.10879900,0.67393800,-1.56892000,0.14920700,0.64616300,-1.41108000
-0.00973700,-0.84130900,0.35733400,0.00142900,-0.00067200,0.84218785,0.53918191,-0.09497800,0.75269200,-1.38112100,0.06176000,0.92198300,-1.74267700,-0.09498600,0.73820500,-1.75544300,0.12536600,0.62914700,-1.40172900
-0.00952200,-0.84113100,0.35732500,0.00109600,-0.00092900,0.82984305,0.55799503,-0.06992700,0.76069500,-1.36798200,0.04287100,0.98579000,-1.83956700,-0.07947800,0.76681300,-1.85394300,0.10384800,0.60945000,-1.39042900
-0.00910900,-0.84103600,0.35698200,0.00029600,-0.00070000,0.81707783,0.57652688,-0.04560800,0.76909700,-1.35673100,0.02094100,0.97946900,-1.78770100,-0.05868500,0.73165900,-1.80141000,0.08325400,0.58663800,-1.37793900
-0.00855400,-0.84095100,0.35594300,-0.00039000,-0.00010900,0.80389588,0.59476991,-0.02233800,0.77975300,-1.34805000,-0.00111400,0.91579400,-1.61738300,-0.03552100,0.64326100,-1.62996100,0.06320900,0.56413300,-1.36835900
-0.00791400,-0.84076600,0.35432100,-0.00078200,0.00064600,0.79017522,0.61288017,0.00018000,0.79244700,-1.33993900,-0.02189100,0.83548900,-1.41223200,-0.01241400,0.53655800,-1.42455900,0.04355500,0.54239100,-1.36134200
-0.00728600,-0.84041300,0.35390500,-0.00083600,0.00166300,0.77689295,0.62962996,0.01979200,0.79962800,-1.32141600,-0.03915700,0.79498400,-1.30021800,0.00934400,0.46012700,-1.30582100,0.02522700,0.51736500,-1.34522600
-0.00725500,-0.83980300,0.35807600,0.00140800,-0.00106200,0.76718884,0.64141887,0.00263400,0.82152600,-1.40950400,-0.02426400,0.77848200,-1.28047300,-0.00108300,0.47895700,-1.29366900,0.04174600,0.57025700,-1.44085500
-0.00728200,-0.83930500,0.36013400,0.00305800,-0.00283000,0.75628502,0.65422902,-0.02096300,0.89777300,-1.60410700,-0.00861900,0.76485500,-1.27293100,-0.01451800,0.50370000,-1.30257600,0.06282500,0.66720800,-1.63851500
-0.00722000,-0.83904300,0.36136700,0.00339200,-0.00270800,0.74425285,0.66788386,-0.04499000,0.96591200,-1.77260600,0.00737500,0.75406200,-1.27988200,-0.03072700,0.52361200,-1.31117000,0.08573000,0.75464000,-1.80629700
-0.00710900,-0.83912400,0.36209600,0.00226500,-0.00174700,0.73116194,0.68219794,-0.06768000,0.97952100,-1.82384400,0.02553300,0.74394400,-1.29592200,-0.04798700,0.53887500,-1.31811100,0.10573600,0.79207000,-1.85200300
-0.00718000,-0.83946500,0.36229400,0.00056000,-0.00064000,0.71708116,0.69698916,-0.08882600,0.92313800,-1.73129600,0.04586100,0.73516100,-1.31743700,-0.06642900,0.55388700,-1.32752500,0.12227600,0.76704600,-1.75137100
-0.00731700,-0.83985300,0.36168400,-0.00058300,0.00015200,0.70217306,0.71200606,-0.11118500,0.82827800,-1.56131400,0.06731300,0.72893500,-1.34120000,-0.08678000,0.57268200,-1.34283400,0.13989200,0.70768200,-1.57539700
-0.00756100,-0.84014700,0.36074000,-0.00064200,0.00053900,0.68673161,0.72691058,-0.13853100,0.74189300,-1.41092800,0.08867700,0.72396400,-1.36200300,-0.10924300,0.59453500,-1.36105100,0.16419800,0.65804400,-1.42330100
-0.00768700,-0.84044200,0.36100000,0.00199400,0.00098200,0.67158773,0.74092171,-0.14271300,0.72667400,-1.37720900,0.09181000,0.73286900,-1.39284000,-0.11800700,0.61354500,-1.39629900,0.16982900,0.64948100,-1.39505300
-0.00758800,-0.84031400,0.36067700,0.00345500,-0.00018400,0.65572708,0.75499009,-0.11978800,0.73657500,-1.36418500,0.07504100,0.81719200,-1.55122900,-0.10113000,0.66850300,-1.55929600,0.14776500,0.64207200,-1.39347000
-0.00734200,-0.83991200,0.35998500,0.00296900,-0.00154700,0.63912972,0.76909167,-0.09384200,0.74802600,-1.35482500,0.05766400,0.91877000,-1.73573400,-0.08886600,0.73453200,-1.74971600,0.12817000,0.63081400,-1.39016500
-0.00695800,-0.83951800,0.35918200,0.00199000,-0.00216700,0.62292282,0.78227777,-0.06945200,0.75903100,-1.34726800,0.03890200,0.98465900,-1.84150000,-0.07543000,0.76690600,-1.85892400,0.11013600,0.61655300,-1.38506800
-0.00625600,-0.83929600,0.35824400,0.00086900,-0.00192300,0.60467477,0.79646969,-0.04363400,0.77110700,-1.33967500,0.01498000,0.98391900,-1.80257800,-0.05489500,0.73531300,-1.82046800,0.09026000,0.59725400,-1.37753900
-0.00540100,-0.83912500,0.35681200,0.00014000,-0.00115000,0.58680230,0.80972941,-0.01998600,0.78421300,-1.33351700,-0.00814800,0.92327500,-1.64036100,-0.03242100,0.64852300,-1.65681300,0.07122400,0.57825700,-1.37194900
-0.00435200,-0.83892100,0.35509100,-0.00030300,-0.00012600,0.56929694,0.82213191,0.00193500,0.79766300,-1.32700300,-0.02899800,0.84864800,-1.45004000,-0.01078500,0.54699000,-1.46489400,0.05339500,0.55982200,-1.36735300
-0.00281000,-0.83849800,0.35343000,-0.00053100,0.00158100,0.54970393,0.83535789,0.02484900,0.81082000,-1.31485300,-0.05193600,0.80457400,-1.31020400,0.01287100,0.45665100,-1.31860900,0.03427500,0.53736600,-1.35861600
-0.00105800,-0.83760200,0.35261900,-0.00090300,0.00050200,0.53015200,0.84790199,0.00862500,0.85307500,-1.44841800,-0.03011400,0.80562500,-1.32085900,-0.00850500,0.49567300,-1.33260900,0.05081600,0.60209700,-1.48186900
0.00027500,-0.83689700,0.35298100,-0.00098100,0.00262400,0.51140585,0.85933475,-0.01199000,0.93600100,-1.65961100,-0.01144600,0.79833200,-1.34268100,-0.02717000,0.52018000,-1.34720300,0.07295900,0.70447000,-1.68067800
0.00105900,-0.83615300,0.35409900,-0.00067200,0.00415600,0.49256477,0.87026560,-0.03282500,1.00311900,-1.83161100,0.00645600,0.78877900,-1.35762700,-0.04808400,0.54238400,-1.35627500,0.09741000,0.79236100,-1.84645600
0.00137400,-0.83536100,0.35534700,-0.00044500,0.00469500,0.47321789,0.88093279,-0.05262200,1.01104300,-1.87932700,0.02538000,0.77834800,-1.36832300,-0.07025700,0.56513300,-1.36512300,0.11853700,0.82665000,-1.89076100
0.00130800,-0.83449000,0.35624800,-0.00053200,0.00465200,0.45346412,0.89126223,-0.07151500,0.94674700,-1.77882500,0.04528700,0.76847700,-1.37823400,-0.09343400,0.58833600,-1.37568900,0.13568400,0.79460400,-1.78596600
0.00096900,-0.83340400,0.35643400,-0.00058200,0.00405600,0.43347712,0.90115526,-0.09285900,0.84702100,-1.60694700,0.06532000,0.76095400,-1.38905800,-0.11815300,0.61362000,-1.39042700,0.15407700,0.72914800,-1.61008000
0.00041200,-0.83199200,0.35630700,-0.00075300,0.00327300,0.41360305,0.91045112,-0.11992600,0.75760400,-1.45758500,0.08473700,0.75418000,-1.39855700,-0.14401900,0.63781700,-1.40493700,0.17820500,0.67216300,-1.45537300
-0.00033300,-0.83033200,0.35651000,-0.00191900,0.00254900,0.39412185,0.91905266,-0.12835400,0.73350700,-1.41803700,0.08606900,0.76031700,-1.42508900,-0.15048400,0.65303500,-1.43902500,0.18286300,0.65465900,-1.41558100
-0.00074800,-0.82901300,0.35656000,-0.00167000,0.00135500,0.37405088,0.92740569,-0.10688900,0.74330300,-1.40471300,0.06633600,0.83790200,-1.56911000,-0.13325000,0.70034100,-1.59282000,0.15731200,0.64475200,-1.41006100
-0.00092800,-0.82812800,0.35682800,-0.00138600,0.00015000,0.35344005,0.93545614,-0.08415900,0.75233800,-1.38803400,0.04967700,0.93431600,-1.74213300,-0.11816700,0.76003600,-1.77197200,0.13241200,0.63173000,-1.40167700
-0.00101300,-0.82764200,0.35691500,-0.00144900,-0.00055500,0.33244302,0.94312206,-0.06103000,0.76119100,-1.37230000,0.03172500,0.99658300,-1.83862700,-0.09995000,0.78653200,-1.87190100,0.10894600,0.61490200,-1.39153300
-0.00109200,-0.82751100,0.35661700,-0.00150000,-0.00042400,0.31126797,0.95032090,-0.03875800,0.77015400,-1.35905400,0.01144800,0.98849500,-1.78698900,-0.07553800,0.74837400,-1.81995800,0.08627500,0.59442100,-1.38036300
-0.00113200,-0.82765000,0.35564800,-0.00115900,0.00013400,0.28993215,0.95704649,-0.01762000,0.78075200,-1.34861900,-0.00833500,0.92304700,-1.61768500,-0.04810500,0.65648400,-1.64817100,0.06404000,0.57323000,-1.37149400
-0.00104600,-0.82797400,0.35413700,-0.00045900,0.00080000,0.26823806,0.96335222,0.00290400,0.79286400,-1.33891500,-0.02678400,0.84135500,-1.41407600,-0.02033000,0.54561500,-1.44068200,0.04226800,0.55183500,-1.36447000
-0.00076100,-0.82833200,0.35348300,0.00048300,0.00109200,0.24718608,0.96896729,0.02179800,0.80110000,-1.32010800,-0.04192800,0.79945000,-1.29853700,0.00583800,0.46363900,-1.31315200,0.02220500,0.52859800,-1.35125800
-0.00020700,-0.82812300,0.35637300,0.00167800,-0.00249400,0.22932010,0.97334642,0.00409700,0.83044100,-1.42665000,-0.02691100,0.78651200,-1.28964700,-0.00591600,0.48666300,-1.31733000,0.04087300,0.58908600,-1.46555600
0.00038600,-0.82778000,0.35753200,0.00219100,-0.00628100,0.20952493,0.97778068,-0.01707100,0.90519400,-1.61865700,-0.00799600,0.77762000,-1.29018700,-0.02238000,0.52211400,-1.33621800,0.06184100,0.68342100,-1.66339300
0.00082500,-0.82782200,0.35826900,0.00244200,-0.00724700,0.18665900,0.98239500,-0.04167900,0.97676600,-1.80107500,0.01332500,0.76786500,-1.30266400,-0.04266300,0.55138700,-1.35227600,0.08639700,0.77497700,-1.84532100
0.00086100,-0.82787400,0.35890200,0.00189200,-0.00579000,0.16432605,0.98638727,-0.06389200,0.98874600,-1.85298200,0.03535700,0.75742000,-1.32184700,-0.06258000,0.56983200,-1.36138100,0.10638000,0.80995000,-1.88996900
0.00060200,-0.82800900,0.35923200,0.00094600,-0.00328500,0.14188601,0.98987710,-0.08484700,0.93130700,-1.75935400,0.05862500,0.74669500,-1.34408400,-0.08283600,0.58313900,-1.36771900,0.12264500,0.78179900,-1.78483300
0.00021900,-0.82805600,0.35899600,0.00016400,-0.00120500,0.11962702,0.99281816,-0.10766800,0.83828500,-1.59242600,0.08231500,0.73775200,-1.36645800,-0.10389800,0.59754700,-1.37709200,0.13978500,0.72127700,-1.60730600
-0.00012800,-0.82796900,0.35856100,-0.00009400,-0.00027000,0.09777396,0.99520861,-0.13594300,0.75486100,-1.44591600,0.10538500,0.72985400,-1.38391300,-0.12610000,0.61434900,-1.38857300,0.16324900,0.67137500,-1.45451400
-0.00018000,-0.82773300,0.35782400,-0.00038700,-0.00077800,0.07631098,0.99708369,-0.14771400,0.73516800,-1.40528300,0.10852200,0.74158600,-1.42047200,-0.13107900,0.63325500,-1.42914900,0.17305200,0.66085300,-1.41645500
0.00022500,-0.82747400,0.35639400,-0.00056700,-0.00195700,0.05552800,0.99845505,-0.12559600,0.74927200,-1.40212700,0.08891600,0.82516700,-1.57716300,-0.11638500,0.68609900,-1.58934300,0.15201300,0.65548600,-1.41967000
0.00072700,-0.82748000,0.35575000,-0.00100900,-0.00301300,0.03268199,0.99946075,-0.10023800,0.76192800,-1.39274800,0.06868200,0.93090100,-1.76916900,-0.10292300,0.75234700,-1.78544400,0.12908800,0.64480900,-1.41749100
0.00110300,-0.82759900,0.35535500,-0.00147100,-0.00332600,0.01077600,0.99993532,-0.07618200,0.77241200,-1.38210200,0.04772000,0.99640100,-1.87181300,-0.08728900,0.78163100,-1.89056900,0.10771100,0.62941700,-1.41076900
0.00128300,-0.82785900,0.35491600,-0.00171100,-0.00264300,-0.01113500,0.99993305,-0.05302000,0.78177200,-1.37226700,0.02333200,0.99356200,-1.82740500,-0.06539600,0.74741000,-1.84491700,0.08669900,0.60849500,-1.39986900
0.00133900,-0.82818200,0.35405600,-0.00152300,-0.00156600,-0.03204101,0.99948417,-0.03199300,0.79144200,-1.36449100,0.00028100,0.93664300,-1.67176200,-0.04162700,0.66361300,-1.68597800,0.06677300,0.58653500,-1.38941200
0.00138600,-0.82872000,0.35275700,-0.00097100,-0.00032500,-0.05561000,0.99845204,-0.00929900,0.80354800,-1.35602600,-0.02375200,0.85611100,-1.46090900,-0.01469100,0.55107700,-1.47102700,0.04479200,0.56126300,-1.37846100
0.00169100,-0.82933900,0.35166100,-0.00057300,0.00051700,-0.07819697,0.99693763,0.01193800,0.81453100,-1.34289600,-0.04350400,0.81214900,-1.33454800,0.00735000,0.48095000,-1.34448700,0.02545300,0.53702100,-1.36569000
0.00262600,-0.83002700,0.34991000,0.00091100,-0.00167000,-0.09360199,0.99560788,0.01408500,0.84695600,-1.45496400,-0.03440200,0.81580300,-1.33041500,-0.00295900,0.51003100,-1.35173300,0.02645300,0.59965900,-1.48597100
0.00339700,-0.83050900,0.34905600,0.00159800,-0.00242200,-0.09793704,0.99518838,0.01419200,0.92403900,-1.65425900,-0.03167500,0.81850000,-1.33451100,-0.00676600,0.52273000,-1.36371100,0.02990600,0.69645200,-1.68583600
0.00374300,-0.83062600,0.34890000,0.00162200,-0.00226900,-0.09819503,0.99516328,0.01432900,0.98895700,-1.82017800,-0.03136000,0.81920200,-1.33486200,-0.00685500,0.52455100,-1.36560900,0.03082900,0.77796200,-1.84965600
0.00375300,-0.83057200,0.34904300,0.00145700,-0.00209300,-0.09823401,0.99516008,0.01481100,0.99667800,-1.86300100,-0.03111700,0.81870100,-1.33461500,-0.00667300,0.52410600,-1.36528100,0.02935100,0.80847600,-1.89033700
0.00367200,-0.83048600,0.34914400,0.00116200,-0.00184400,-0.09826202,0.99515819,0.01507800,0.93794000,-1.76576700,-0.03063800,0.81800100,-1.33466200,-0.00623600,0.52307100,-1.36454500,0.02583800,0.77823100,-1.79068000
