2.70117500,-0.73675800,0.35666000,-0.00283500,-0.00077200,0.14008096,0.99013569,-0.01058500,0.87105600,-1.48487600,0.00762000,0.53422400,-1.31395400,0.01341600,0.55443100,-1.32330500,-0.03654300,0.86665500,-1.43877300
2.71896000,-0.73179500,0.35711000,-0.00286400,-0.00387900,0.14353101,0.98963407,-0.00762100,0.91431300,-1.68498300,0.00498000,0.59516700,-1.31590400,0.01905800,0.61302700,-1.33084600,-0.04247500,0.91545100,-1.65832500
2.73657400,-0.72786400,0.35743200,-0.00263000,-0.00479600,0.14715602,0.98909817,-0.00631400,0.93048800,-1.82401700,0.00427100,0.65019100,-1.31667000,0.02680900,0.66104500,-1.32906300,-0.04804400,0.93120500,-1.80474000
2.75406800,-0.72446200,0.35745200,-0.00204300,-0.00400600,0.15051297,0.98859781,-0.00404700,0.88771000,-1.82846500,0.00421400,0.69915900,-1.31805500,0.03440100,0.69848100,-1.31933100,-0.05336200,0.88492300,-1.80958600
2.77156500,-0.72115100,0.35686500,-0.00104700,-0.00272700,0.15422394,0.98803160,0.00007300,0.77059300,-1.68489900,0.00423100,0.75231100,-1.31838400,0.04281700,0.73680200,-1.30474700,-0.05814500,0.76342800,-1.66576100
2.78952700,-0.71769400,0.35550900,0.00033700,-0.00206300,0.15777709,0.98747254,0.00436100,0.62731000,-1.48296600,0.00418200,0.80414200,-1.31533800,0.05081400,0.77544000,-1.29033900,-0.06117700,0.61721100,-1.46794200
2.80861500,-0.71388700,0.35410400,0.00202500,-0.00085500,0.16139004,0.98688825,0.00913100,0.49640400,-1.31801900,0.00418400,0.85468200,-1.30523200,0.05890600,0.80996800,-1.26511700,-0.06579600,0.48111600,-1.30339300
2.82809700,-0.71081000,0.35518900,0.00571100,-0.00120300,0.16563692,0.98616953,0.00215500,0.52046600,-1.30438800,0.00501700,0.87036600,-1.38859100,0.05690900,0.82558800,-1.33878900,-0.06257900,0.48544900,-1.29003700
2.84697100,-0.70634800,0.35515800,0.00523100,-0.00529700,0.17049798,0.98532990,0.00222300,0.58153700,-1.31185100,0.00471600,0.90471900,-1.58977100,0.04581200,0.88296500,-1.57613300,-0.05151300,0.56612600,-1.32122200
2.86471800,-0.70064000,0.35538600,0.00394700,-0.00756300,0.17514609,0.98450550,0.00071100,0.63551900,-1.31723100,0.00589100,0.93207600,-1.77218200,0.03504700,0.92792600,-1.78072500,-0.04272100,0.63472900,-1.33791100
2.88170100,-0.69412700,0.35585300,0.00237000,-0.00710800,0.18022902,0.98359614,-0.00335400,0.68327500,-1.32321000,0.00801000,0.91356100,-1.85018300,0.02413600,0.92239800,-1.86702700,-0.03520700,0.68958500,-1.33914200
2.89832100,-0.68726000,0.35618800,0.00132400,-0.00522500,0.18588996,0.98255578,-0.00965500,0.72733400,-1.32806000,0.01022100,0.82260200,-1.77367100,0.01425500,0.84404700,-1.79281300,-0.02840900,0.73712700,-1.33135200
2.91513600,-0.68015700,0.35590100,0.00089900,-0.00357000,0.19192590,0.98140251,-0.01672400,0.77159500,-1.33006000,0.01389300,0.68476800,-1.59648300,0.00295500,0.71980700,-1.61941500,-0.02136300,0.78530300,-1.32124500
2.93284300,-0.67264300,0.35501500,0.00114400,-0.00249800,0.19832797,0.98013186,-0.02422600,0.81745400,-1.32685700,0.01932600,0.53732500,-1.40386000,-0.01068300,0.58877300,-1.43591900,-0.01365300,0.83676000,-1.30850200
2.95180100,-0.66425800,0.35469500,-0.00080600,0.00056200,0.20477088,0.97880944,-0.02759400,0.85922400,-1.34494300,0.02307500,0.45886000,-1.33008900,-0.02223100,0.51408300,-1.34961700,-0.00786800,0.87113400,-1.29195200
2.97092400,-0.65585300,0.35425100,-0.00322600,0.00002700,0.21015092,0.97766363,-0.02539700,0.88692800,-1.51350400,0.02174200,0.53305100,-1.34512300,-0.01406900,0.56948400,-1.35688600,-0.02118800,0.88675200,-1.46082700
2.98971300,-0.64856900,0.35420500,-0.00297700,-0.00221500,0.21617703,0.97634713,-0.02210100,0.93355100,-1.71619000,0.01727300,0.60224100,-1.35221300,-0.00380700,0.62899100,-1.36387100,-0.03136400,0.92894500,-1.67762900
3.00803300,-0.64212500,0.35458400,-0.00232100,-0.00273200,0.22282000,0.97485301,-0.01825200,0.95129600,-1.85393000,0.01350800,0.66341300,-1.35276800,0.00835300,0.67573600,-1.35787200,-0.04044900,0.93780100,-1.82130800
3.02596500,-0.63606300,0.35490200,-0.00170100,-0.00160400,0.22959510,0.97328342,-0.01172700,0.90485300,-1.85170800,0.01082600,0.71879500,-1.35050000,0.02150400,0.71145300,-1.34086300,-0.04996300,0.87829200,-1.81674400
3.04369900,-0.62996400,0.35466700,-0.00078800,-0.00043100,0.23637299,0.97166198,-0.00363300,0.79314400,-1.71080200,0.00848000,0.77198200,-1.34425400,0.03475600,0.74446300,-1.32056000,-0.05896100,0.75312300,-1.67150100
3.06166900,-0.62350200,0.35366700,0.00076000,-0.00020400,0.24293694,0.97004176,0.00477600,0.65729000,-1.51598400,0.00587200,0.82269200,-1.33258100,0.04719600,0.77855700,-1.30174500,-0.06675600,0.60578200,-1.47767500
3.07947800,-0.61670800,0.35258500,0.00280500,0.00097000,0.25024406,0.96817824,0.01428800,0.51884300,-1.33779400,0.00319600,0.87624200,-1.31270700,0.06093100,0.81034800,-1.26920200,-0.07735500,0.44991600,-1.29227100
3.09985100,-0.60925400,0.35294800,0.00471400,0.00148300,0.25769094,0.96621476,0.00419800,0.54081900,-1.32859900,0.00431800,0.89380200,-1.39954000,0.05694200,0.82414500,-1.34900400,-0.06895300,0.45291000,-1.28256600
3.11817500,-0.60104500,0.35264000,0.00434900,-0.00385300,0.26514594,0.96419079,0.00182400,0.60467900,-1.33789600,0.00537100,0.92803000,-1.60591000,0.04059600,0.88444500,-1.59309500,-0.05429700,0.54538800,-1.32558600
3.13406800,-0.59249500,0.35316700,0.00334700,-0.00724400,0.27203692,0.96225373,-0.00154900,0.65773700,-1.33938100,0.00770900,0.95208700,-1.78667600,0.02520900,0.92918600,-1.79873100,-0.04236100,0.62218800,-1.34869100
3.15048400,-0.58245100,0.35416100,0.00172600,-0.00732100,0.27906098,0.96024392,-0.00705400,0.70290500,-1.34118600,0.01078000,0.92989700,-1.86221600,0.01088000,0.92292700,-1.88314000,-0.03179500,0.68135700,-1.35217500
3.16561000,-0.57254300,0.35487100,0.00076200,-0.00575900,0.28658597,0.95803692,-0.01514900,0.74456500,-1.34246500,0.01351700,0.83624700,-1.78570800,-0.00043700,0.84447100,-1.80755500,-0.02231500,0.73321000,-1.34686700
3.18008200,-0.56281800,0.35479300,0.00047300,-0.00433900,0.29399802,0.95579606,-0.02341700,0.78497900,-1.34233000,0.01722100,0.70346600,-1.61945800,-0.01130600,0.72712200,-1.64326200,-0.01303200,0.78318700,-1.34018000
3.19686700,-0.55141200,0.35406400,0.00100900,-0.00297400,0.30228904,0.95321114,-0.03285900,0.83105600,-1.33695600,0.02386100,0.54707200,-1.41952000,-0.02579000,0.58985200,-1.44893100,-0.00249600,0.84027000,-1.32867800
3.21412400,-0.53935300,0.35357000,-0.00082600,0.00196300,0.30994293,0.95075278,-0.03719100,0.87176500,-1.35541400,0.03087000,0.46218800,-1.34896200,-0.04050800,0.51551100,-1.36294500,0.00439500,0.87193000,-1.31133700
3.23182300,-0.52698700,0.35263400,-0.00318200,0.00266900,0.31718398,0.94835493,-0.03358800,0.90142300,-1.52480400,0.02665200,0.53378600,-1.37171100,-0.02985300,0.56953100,-1.36862300,-0.00969100,0.88330400,-1.47072500
3.24923500,-0.51576000,0.35254700,-0.00321000,0.00101500,0.32448286,0.94588559,-0.03034500,0.94754400,-1.71801200,0.02140000,0.60182900,-1.37864600,-0.01666200,0.62432400,-1.37333100,-0.02048300,0.92095200,-1.67327500
3.26616000,-0.50534200,0.35307200,-0.00293000,0.00020600,0.33309192,0.94288978,-0.02616800,0.96804300,-1.86365600,0.01671900,0.66843300,-1.37663100,0.00017000,0.67298300,-1.36555100,-0.03219200,0.92884400,-1.82346600
3.28264500,-0.49533000,0.35364200,-0.00257500,0.00053600,0.34141082,0.93991049,-0.01882400,0.92043500,-1.85746700,0.01319000,0.72519700,-1.36873800,0.01696000,0.70922800,-1.34750400,-0.04432500,0.86652200,-1.81547000
3.29880700,-0.48527500,0.35363000,-0.00159800,0.00073200,0.34976494,0.93683584,-0.00956600,0.80693500,-1.71279500,0.00965700,0.77949000,-1.35587300,0.03348400,0.74346200,-1.32696400,-0.05567500,0.73948000,-1.66987600
3.31500700,-0.47478800,0.35281700,0.00055000,0.00060100,0.35834201,0.93359003,0.00078600,0.66223800,-1.50378000,0.00495800,0.83354700,-1.33784200,0.04925600,0.77854900,-1.30536200,-0.06607000,0.58102700,-1.46261800
3.33093400,-0.46409100,0.35190600,0.00295800,0.00171700,0.36654501,0.93039403,0.01103800,0.53828000,-1.34177300,0.00049200,0.88211100,-1.31529100,0.06388300,0.80517700,-1.27362200,-0.07862000,0.43354600,-1.28727500
3.34891900,-0.45303600,0.35375000,0.00641600,0.00283400,0.37601294,0.92658786,0.00622600,0.55320400,-1.32970500,0.00143200,0.89649900,-1.39178100,0.05681500,0.81310100,-1.34259000,-0.07321400,0.42948700,-1.26823800
3.36483400,-0.44132900,0.35392700,0.00621700,-0.00222200,0.38481419,0.92297045,0.00460500,0.60863400,-1.33032800,0.00485500,0.92802000,-1.59482100,0.03846100,0.87221500,-1.58424700,-0.05506700,0.52232100,-1.31250400
3.37903100,-0.42885400,0.35444400,0.00460400,-0.00507700,0.39278203,0.91960606,0.00230500,0.65785700,-1.33159500,0.00835000,0.95229500,-1.77555700,0.02038000,0.91774200,-1.78850900,-0.03930900,0.59891500,-1.33741200
3.39212400,-0.41590200,0.35523300,0.00276800,-0.00519600,0.40093280,0.91608855,-0.00320800,0.70156000,-1.33389100,0.01290100,0.93098900,-1.85367900,0.00320600,0.91417400,-1.87638200,-0.02571300,0.66162400,-1.34570100
3.40471700,-0.40266800,0.35592200,0.00135000,-0.00361400,0.40948405,0.91230912,-0.01092100,0.74190500,-1.33532700,0.01700000,0.83684800,-1.77703100,-0.01110400,0.83734600,-1.80171500,-0.01295100,0.71637100,-1.34348800
3.41741600,-0.38901400,0.35585000,0.00084000,-0.00203600,0.41824116,0.90833335,-0.01927000,0.78341000,-1.33467400,0.02252700,0.69547100,-1.59999500,-0.02565400,0.71457200,-1.62805200,0.00015400,0.77242100,-1.33945500
3.43080100,-0.37449600,0.35512200,0.00127000,-0.00059500,0.42704997,0.90422694,-0.02757800,0.82662900,-1.32868500,0.02994900,0.54546500,-1.40984100,-0.04261700,0.58475400,-1.44423400,0.01393400,0.83071600,-1.33138900
3.44475500,-0.35861300,0.35518600,-0.00170300,0.00177200,0.43554887,0.90016173,-0.02928100,0.86378300,-1.34595700,0.03322500,0.47864700,-1.33992500,-0.05542000,0.51461500,-1.35635100,0.02343300,0.86674900,-1.31740700
3.45790100,-0.34281700,0.35543600,-0.00601300,0.00177000,0.44316706,0.89641713,-0.02982400,0.88614300,-1.50304000,0.03048900,0.55231900,-1.35166400,-0.04070500,0.56433300,-1.35182000,0.00550500,0.86342900,-1.45541000
3.47064600,-0.32808900,0.35696900,-0.00641800,0.00115200,0.45237699,0.89180297,-0.02850200,0.93127500,-1.69478600,0.02119000,0.61380500,-1.34877900,-0.02512300,0.60807900,-1.34410700,-0.00891200,0.89306300,-1.64847100
3.48323000,-0.31389800,0.35830000,-0.00584000,0.00080200,0.46205805,0.88683009,-0.02529000,0.95004000,-1.82545300,0.01244400,0.67027100,-1.33707900,-0.00879300,0.64667600,-1.33054200,-0.02241500,0.89706500,-1.78186500
3.49563600,-0.29984700,0.35884300,-0.00494900,0.00097100,0.47157994,0.88180889,-0.01874800,0.90435900,-1.81747800,0.00512500,0.72393800,-1.32267100,0.00770500,0.68187900,-1.31416100,-0.03588100,0.83562300,-1.77410100
3.50783300,-0.28557700,0.35828300,-0.00338500,0.00118100,0.48072308,0.87686514,-0.00968700,0.79219800,-1.67064600,-0.00164000,0.77735400,-1.30676200,0.02336200,0.71839100,-1.29945800,-0.04802300,0.70901900,-1.62789400
3.52003000,-0.27061200,0.35667800,-0.00069500,0.00141500,0.48971972,0.87187850,0.00043600,0.64873000,-1.46224200,-0.00915000,0.83163800,-1.28751900,0.03782800,0.75755400,-1.28548000,-0.05818800,0.55150200,-1.42165400
3.53265300,-0.25471500,0.35540300,0.00362000,0.00346900,0.49837815,0.86694526,0.01180900,0.53565200,-1.31667800,-0.01861500,0.88158000,-1.25936500,0.04899600,0.78881600,-1.25599100,-0.07286300,0.39920000,-1.24186300
3.54577600,-0.24132900,0.35987200,0.00855700,0.00568000,0.50466196,0.86325594,0.00965300,0.53348900,-1.27888900,-0.01079600,0.88702100,-1.33590500,0.04421500,0.78614400,-1.30085600,-0.07103000,0.40830400,-1.21948900
3.55743300,-0.22667300,0.36105600,0.00665600,0.00288300,0.51086398,0.85963096,0.01319400,0.57840200,-1.27602400,-0.00572900,0.92418900,-1.54521400,0.02795600,0.84267000,-1.53079000,-0.05209100,0.48357900,-1.24962900
3.56748800,-0.21119200,0.36167700,0.00384000,0.00045900,0.51749903,0.85567505,0.01446200,0.62439300,-1.27904000,-0.00132700,0.95472000,-1.73348400,0.01065900,0.89350900,-1.73818900,-0.03491900,0.55300900,-1.27136800
3.57657100,-0.19524500,0.36205100,0.00131700,-0.00053200,0.52491710,0.85115217,0.01150300,0.66877000,-1.28393900,0.00407600,0.93667500,-1.81693700,-0.00603400,0.89511400,-1.83148000,-0.01959800,0.61691700,-1.28417100
3.58524800,-0.17893600,0.36202900,-0.00013500,-0.00040200,0.53313082,0.84603271,0.00498700,0.71196100,-1.28768300,0.00979000,0.84182700,-1.74378100,-0.02011200,0.82183600,-1.76303400,-0.00539500,0.67872600,-1.29146200
3.59400900,-0.16206400,0.36126200,-0.00054300,-0.00004300,0.54164881,0.84060470,-0.00241400,0.75635500,-1.28889000,0.01718900,0.69789600,-1.56948500,-0.03525100,0.70056300,-1.59378300,0.00923200,0.74224900,-1.29647700
3.60329000,-0.14416700,0.35989500,0.00003300,0.00092900,0.55031412,0.83495719,-0.01023800,0.80176100,-1.28532700,0.02768400,0.54522200,-1.38359900,-0.05424900,0.57099800,-1.41375600,0.02468600,0.80686100,-1.29622000
3.61292800,-0.12492900,0.35930500,-0.00298400,0.00324000,0.55907817,0.82910325,-0.01267800,0.84258800,-1.30506600,0.03434200,0.46981200,-1.31958000,-0.07199900,0.49635400,-1.33301300,0.03857300,0.84780200,-1.28828400
3.62173200,-0.10663600,0.35863000,-0.00504000,0.00087700,0.56779390,0.82315486,-0.01340600,0.88037600,-1.48171600,0.02998200,0.55106800,-1.33338200,-0.05494300,0.55119300,-1.34102700,0.01798700,0.85580800,-1.45558900
3.63154700,-0.08735100,0.35838100,-0.00350500,-0.00157200,0.57763573,0.81628562,-0.01206800,0.93655500,-1.68943700,0.02078400,0.62383200,-1.33474800,-0.03638800,0.60865400,-1.34768700,0.00186100,0.88947200,-1.67201400
3.64084000,-0.06970700,0.35839700,-0.00230100,-0.00204900,0.58791897,0.80891396,-0.00916700,0.96388800,-1.82718500,0.01217000,0.68527100,-1.32900100,-0.01642200,0.65057300,-1.34236700,-0.01243800,0.88930800,-1.80916400
3.64974900,-0.05239400,0.35821600,-0.00154100,-0.00139100,0.59983902,0.80011802,-0.00267200,0.92676400,-1.83143900,0.00403600,0.74684300,-1.31667400,0.00787700,0.68603400,-1.32625900,-0.02942600,0.81721800,-1.80498200
3.65821200,-0.03510800,0.35747500,-0.00048300,-0.00036300,0.61148379,0.79125673,0.00536700,0.82303600,-1.69177000,-0.00343400,0.80206300,-1.29891000,0.03161400,0.71517400,-1.30636300,-0.04521500,0.68047800,-1.65338200
3.66624200,-0.01727500,0.35599400,0.00193400,0.00100000,0.62348733,0.78183042,0.01430700,0.68870300,-1.48948600,-0.01231600,0.85628100,-1.27401400,0.05457500,0.74374700,-1.28408600,-0.06096200,0.50973700,-1.43542100
3.67403000,0.00172700,0.35447900,0.00424500,0.00435500,0.63580815,0.77182318,0.02323800,0.56942700,-1.32647500,-0.02147400,0.90576000,-1.24083900,0.07730100,0.76163400,-1.24651900,-0.07989900,0.33523200,-1.23180400
3.68195700,0.02147100,0.35410500,0.00885700,0.00831300,0.64889714,0.76077917,0.00710500,0.58223700,-1.32815400,-0.01600100,0.93403800,-1.34799100,0.06509800,0.77600200,-1.33185900,-0.06279500,0.34228600,-1.22848700
3.68789400,0.04138800,0.35347800,0.00784300,0.00317600,0.66098682,0.75034980,0.00157600,0.63635100,-1.33890700,-0.00350000,0.97901500,-1.58229100,0.03627500,0.84440900,-1.58872600,-0.03621700,0.45264400,-1.30164400
3.69207200,0.06066800,0.35424400,0.00395300,-0.00143600,0.67289085,0.73972983,-0.00144600,0.68224300,-1.34606600,0.00337600,1.00633800,-1.77373700,0.00321900,0.89551200,-1.80255700,-0.00732900,0.54143100,-1.34063600
3.69522300,0.07957500,0.35565800,0.00051400,-0.00354000,0.68521504,0.72833204,-0.00873600,0.72120500,-1.34844600,0.01069700,0.98199600,-1.85493500,-0.02844600,0.89448900,-1.89392100,0.01979100,0.61698200,-1.35887400
3.69782700,0.09849100,0.35700700,-0.00167000,-0.00326200,0.69794398,0.71614298,-0.02001600,0.75665200,-1.34720300,0.01814700,0.88177000,-1.78185900,-0.05478500,0.81987600,-1.82158700,0.04546900,0.68578000,-1.36566200
3.70026900,0.11799500,0.35753100,-0.00206100,-0.00201200,0.71065887,0.70353087,-0.03244500,0.79334800,-1.34184200,0.02791700,0.73335400,-1.60944700,-0.07983200,0.69831200,-1.64781900,0.07159800,0.75591200,-1.36935100
3.70280700,0.13877600,0.35722200,-0.00085200,0.00033000,0.72299483,0.69085284,-0.04454400,0.83193400,-1.33061200,0.04050100,0.57679200,-1.42597500,-0.10659100,0.56785900,-1.46125900,0.09877000,0.82723400,-1.36785500
3.70525400,0.16139000,0.35677100,-0.00520600,0.00572000,0.73448684,0.67857885,-0.04836900,0.86849900,-1.34873000,0.05090500,0.48945500,-1.36912700,-0.13404900,0.49391100,-1.36446000,0.12096600,0.86354900,-1.35310400
3.70672400,0.18402200,0.35493200,-0.00770300,0.00340200,0.74633886,0.66551288,-0.04638900,0.90649500,-1.52045000,0.04131500,0.56871300,-1.38711500,-0.10693200,0.55896900,-1.37034700,0.09230000,0.86201100,-1.50922200
3.70807600,0.20544700,0.35520000,-0.00668100,0.00285300,0.75826825,0.65190221,-0.04448500,0.96311100,-1.72197200,0.02735400,0.64371900,-1.38595700,-0.07934100,0.61041500,-1.37308000,0.07207000,0.88400100,-1.71187600
3.70911100,0.22597900,0.35601300,-0.00505300,0.00242400,0.77001190,0.63800491,-0.03949300,0.99015300,-1.85643200,0.01568900,0.70938500,-1.36974200,-0.05007500,0.65198300,-1.36269300,0.05194500,0.87521500,-1.84425500
3.70964500,0.24586300,0.35648000,-0.00342300,0.00209700,0.78150903,0.62388102,-0.03036200,0.95200700,-1.85074400,0.00667700,0.76836600,-1.34506100,-0.01948400,0.68630600,-1.34503900,0.02838600,0.79983100,-1.83172500
3.70951400,0.26533500,0.35615000,-0.00144000,0.00225600,0.79271954,0.60958065,-0.01851100,0.84659400,-1.70567800,-0.00123900,0.82341300,-1.31552000,0.01085500,0.71643500,-1.32422600,0.00283000,0.65865300,-1.67363500
3.70856400,0.28488300,0.35494200,0.00127000,0.00359200,0.80370191,0.59501993,-0.00591200,0.71159600,-1.50110000,-0.00977400,0.87631700,-1.28169500,0.03955500,0.74363400,-1.30017800,-0.02345100,0.48405300,-1.44606900
3.70664300,0.30516600,0.35365400,0.00354900,0.00702800,0.81446094,0.58016496,0.00589600,0.59558900,-1.34055400,-0.01859000,0.92378200,-1.23996500,0.06679900,0.76051100,-1.26180600,-0.05383100,0.30416600,-1.22882100
3.70535500,0.32523700,0.35526300,0.01010700,0.01083500,0.82435102,0.56588501,-0.00997000,0.60812800,-1.32163300,-0.01249200,0.94226800,-1.33910300,0.05277300,0.77393700,-1.34536000,-0.04104600,0.31384800,-1.21410200
3.70201200,0.34440000,0.35582500,0.00919800,0.00468100,0.83306170,0.55308380,-0.00913100,0.65192800,-1.32259800,-0.00158800,0.97855900,-1.55986100,0.01953700,0.83557400,-1.59496200,-0.01013700,0.41851200,-1.28637200
3.69695600,0.36237200,0.35738900,0.00526600,-0.00075900,0.84173606,0.53986304,-0.00884000,0.68967200,-1.32490400,0.00550900,1.00600500,-1.74931600,-0.01604800,0.88287300,-1.80139600,0.02051600,0.50042100,-1.32375800
3.69117500,0.37894500,0.35896700,0.00195700,-0.00388100,0.85064786,0.52571791,-0.01428600,0.72229900,-1.32572100,0.01320400,0.98616700,-1.83113600,-0.04773900,0.88286200,-1.88960200,0.04788100,0.57109800,-1.34425100
3.68404000,0.39711800,0.36040000,-0.00127200,-0.00462000,0.86096074,0.50864884,-0.02512500,0.75629400,-1.32588300,0.02179200,0.88422900,-1.75970400,-0.07732900,0.80685900,-1.81541200,0.07702600,0.64262500,-1.35492600
3.67662900,0.41495900,0.36083200,-0.00228600,-0.00334800,0.87088109,0.49147705,-0.03875000,0.79081400,-1.32223300,0.03300100,0.73694600,-1.59039400,-0.10290600,0.68579200,-1.63900600,0.10448100,0.71431000,-1.36394900
3.66853900,0.43405400,0.36034800,-0.00179800,-0.00050200,0.88047220,0.47409411,-0.05240200,0.82805300,-1.31292700,0.04754700,0.58224100,-1.41196000,-0.13035800,0.55685300,-1.45167000,0.13318500,0.78845700,-1.36864500
3.65953400,0.45481000,0.35941200,-0.00594100,0.00425500,0.88929219,0.45728110,-0.05714400,0.86403500,-1.33059000,0.06005200,0.49648800,-1.35132900,-0.15759900,0.48361000,-1.35093400,0.15717200,0.83398200,-1.36591700
3.65001900,0.47487800,0.35777100,-0.00614800,0.00219000,0.89798920,0.43996910,-0.05228100,0.90322300,-1.49929400,0.04879000,0.57865200,-1.37340900,-0.12947400,0.54916200,-1.36028300,0.12997700,0.83160500,-1.52173200
3.64103900,0.49363200,0.35809100,-0.00532700,0.00171800,0.90663527,0.42187813,-0.04969600,0.96224500,-1.69957200,0.03497700,0.65029000,-1.37008000,-0.09788300,0.59625900,-1.36140400,0.10872400,0.84891100,-1.71549000
3.63224300,0.51147100,0.35870500,-0.00452100,0.00186500,0.91502301,0.40337200,-0.04510000,0.99351700,-1.83610800,0.02363500,0.71344700,-1.35540400,-0.06452400,0.63210700,-1.34985500,0.08574300,0.83879700,-1.84026300
3.62335600,0.52853500,0.35885800,-0.00362400,0.00197600,0.92298614,0.38481106,-0.03637400,0.95868800,-1.83199900,0.01571100,0.77102800,-1.33347300,-0.02976300,0.66192600,-1.33278200,0.05734200,0.76508300,-1.82066000
3.61411900,0.54495200,0.35811300,-0.00206900,0.00241500,0.93047255,0.36634782,-0.02521900,0.85655100,-1.69059800,0.00961500,0.82588600,-1.30702600,0.00472800,0.68985100,-1.31492000,0.02559700,0.62804900,-1.65936900
3.60416900,0.56104200,0.35650900,0.00034700,0.00419800,0.93755925,0.34780009,-0.01337700,0.72364200,-1.48742000,0.00301600,0.87919200,-1.27590700,0.03735200,0.71606800,-1.29478800,-0.00694600,0.45792400,-1.42889100
3.59311900,0.57726800,0.35503100,0.00234200,0.00833400,0.94425504,0.32910101,-0.00323800,0.61357400,-1.33290400,-0.00444600,0.92683700,-1.23588700,0.06757400,0.73189800,-1.25947300,-0.04424900,0.28101200,-1.20684200
3.58304300,0.59354600,0.35713800,0.00731400,0.01427599,0.95008950,0.31156484,-0.01557500,0.62452700,-1.31351200,0.00320000,0.93849300,-1.32690600,0.05173400,0.74204900,-1.34046500,-0.03771000,0.29468700,-1.19366800
3.57219800,0.60727400,0.35790100,0.00730100,0.00959000,0.95506629,0.29614709,-0.01504300,0.65561500,-1.30984800,0.01742300,0.97650900,-1.54282100,0.01842600,0.79762600,-1.56786000,-0.00727600,0.39147400,-1.26394100
3.55874700,0.62053400,0.35935300,0.00481400,0.00294200,0.96053437,0.27810411,-0.01514100,0.69128100,-1.31344500,0.02760800,1.01047100,-1.74898300,-0.02318000,0.85259900,-1.79144900,0.02836600,0.47925300,-1.30924500
