0.000000,0.000000,0.765120,-0.003017,0.010698,0.702451,0.711646,0.017525,-0.009116,0.157502,0.185841,-0.348831,0.033138,-0.032941,-0.038458,-0.126774,0.204137,-0.310482,-0.001427,-0.021556,-0.005710,-0.015541,0.009566,0.222696,-0.281413,1.191247,0.082728,-0.283754,-0.145160,0.026612,-0.212682,0.338473,1.203260,0.036067,-0.262184,0.140890
-0.001998,0.000866,0.763886,-0.004373,0.012812,0.705358,0.708722,-0.010471,-0.012724,0.148066,0.232309,-0.369855,0.038476,-0.040631,-0.042374,-0.124911,0.212726,-0.308207,0.051822,-0.024203,-0.000878,-0.000465,-0.049359,0.215310,-0.276847,1.237971,0.077279,-0.292218,-0.169600,-0.011702,-0.226207,0.325236,1.207036,0.034409,-0.269479,0.142037
-0.005005,0.003339,0.764268,-0.010326,0.012759,0.701310,0.712667,-0.027761,-0.002677,0.161340,0.262534,-0.389500,0.044186,-0.004182,-0.030131,-0.115129,0.116733,-0.276691,0.031422,-0.011950,0.015536,-0.013886,-0.051712,0.199453,-0.266721,1.255687,0.081989,-0.306817,-0.175118,-0.004294,-0.235085,0.322298,1.190586,0.011077,-0.315457,0.081248
-0.007323,0.006378,0.764138,-0.012295,0.011190,0.702589,0.711402,-0.035773,0.001093,0.154701,0.287338,-0.401809,0.045305,-0.009479,-0.028999,-0.115873,0.136896,-0.286948,0.027893,-0.009568,0.021669,-0.013338,-0.047251,0.193319,-0.271810,1.254461,0.086490,-0.300155,-0.174050,-0.000285,-0.237636,0.316723,1.191052,0.012844,-0.314749,0.084409
-0.010153,0.009485,0.762890,-0.015910,0.011840,0.704527,0.709400,-0.038687,-0.002405,0.151162,0.289956,-0.423790,0.070562,-0.029298,-0.030755,-0.118760,0.176427,-0.306169,0.023263,-0.008881,0.025161,-0.010900,-0.051176,0.190299,-0.271447,1.251138,0.081274,-0.299373,-0.175675,-0.004565,-0.241800,0.305553,1.189570,0.024644,-0.316391,0.076236
-0.012520,0.013049,0.762205,-0.016505,0.010455,0.706935,0.707008,-0.036120,-0.006563,0.137307,0.296800,-0.431264,0.076881,-0.048281,-0.035541,-0.120655,0.234204,-0.328826,0.009399,-0.012898,0.023313,-0.001044,-0.052251,0.190248,-0.276667,1.245556,0.072465,-0.302374,-0.186995,-0.006462,-0.237700,0.290686,1.186944,0.074601,-0.319742,0.084863
-0.014947,0.017267,0.760766,-0.017002,0.011730,0.711853,0.702025,-0.039566,-0.017188,0.115003,0.306934,-0.436925,0.079538,-0.085726,-0.049412,-0.136948,0.323351,-0.360129,0.013020,-0.024745,0.016968,0.004342,-0.053280,0.193672,-0.283614,1.238087,0.077135,-0.301378,-0.190119,-0.007592,-0.238901,0.282152,1.185757,0.079073,-0.323587,0.087666
-0.017494,0.020106,0.758963,-0.016226,0.013245,0.712486,0.701374,-0.035693,-0.028610,0.106697,0.305389,-0.442183,0.088125,-0.150088,-0.068431,-0.141531,0.459305,-0.379816,0.018174,-0.029197,0.006822,0.018857,-0.058084,0.200852,-0.285382,1.223681,0.067412,-0.303989,-0.196407,-0.012957,-0.237351,0.282745,1.175842,0.097258,-0.328921,0.089358
-0.019855,0.024457,0.757781,-0.016911,0.014268,0.716603,0.697130,-0.034050,-0.035799,0.092898,0.308305,-0.449280,0.094788,-0.213265,-0.085600,-0.152627,0.586554,-0.391648,0.023132,-0.043607,-0.000455,0.033197,-0.067931,0.208338,-0.284066,1.207357,0.061396,-0.296444,-0.184681,-0.013047,-0.234868,0.287786,1.159176,0.097264,-0.331724,0.076769
-0.022880,0.031429,0.757922,-0.019116,0.014872,0.721819,0.691658,-0.023654,-0.040548,0.079487,0.296110,-0.445674,0.093834,-0.264377,-0.087289,-0.148943,0.643100,-0.404243,0.021507,-0.063603,-0.001198,0.038497,-0.072490,0.209526,-0.287279,1.198365,0.055061,-0.297816,-0.183881,-0.001272,-0.234369,0.280672,1.144189,0.089548,-0.331092,0.076924
-0.024080,0.039301,0.758351,-0.021911,0.014565,0.727430,0.685678,-0.011279,-0.040857,0.060923,0.282526,-0.444104,0.088718,-0.313275,-0.085448,-0.152903,0.659846,-0.397930,0.023606,-0.081604,0.003309,0.042293,-0.086949,0.207361,-0.289546,1.197099,0.049774,-0.301054,-0.198354,0.008652,-0.236175,0.281999,1.144715,0.101435,-0.327711,0.080982
-0.026086,0.049610,0.758696,-0.024758,0.014629,0.733179,0.679427,0.011078,-0.039861,0.047271,0.255268,-0.443049,0.084913,-0.356891,-0.090221,-0.162829,0.641704,-0.383799,0.026362,-0.101682,0.009613,0.043688,-0.097167,0.204037,-0.291358,1.188008,0.049573,-0.298439,-0.187181,0.022268,-0.240101,0.278930,1.149296,0.096338,-0.314670,0.091934
-0.027260,0.060086,0.757873,-0.025907,0.014709,0.738705,0.673371,0.034885,-0.040605,0.032015,0.231025,-0.442837,0.078996,-0.399266,-0.095823,-0.167444,0.603719,-0.359248,0.038139,-0.121767,0.013109,0.047270,-0.106575,0.203199,-0.295858,1.175160,0.039336,-0.307287,-0.179109,0.036470,-0.245774,0.276864,1.149880,0.093229,-0.325347,0.055490
-0.027869,0.072928,0.756067,-0.025899,0.013945,0.744346,0.667146,0.065255,-0.040774,0.016740,0.206678,-0.447183,0.073554,-0.432560,-0.101556,-0.174075,0.552913,-0.326167,0.053303,-0.139942,0.018600,0.055621,-0.118991,0.202104,-0.302624,1.157978,0.040205,-0.313401,-0.173159,0.047522,-0.249254,0.274485,1.161144,0.092677,-0.324739,0.081073
-0.028667,0.086638,0.753470,-0.025136,0.015023,0.748780,0.662171,0.095654,-0.042637,0.009047,0.184236,-0.459905,0.066275,-0.469165,-0.106114,-0.162111,0.500562,-0.297314,0.067790,-0.155955,0.019695,0.062615,-0.132736,0.201602,-0.309039,1.141259,0.041695,-0.324299,-0.168978,0.059197,-0.249526,0.264353,1.179346,0.094728,-0.319173,0.090932
-0.029007,0.102406,0.749635,-0.021816,0.016296,0.751798,0.658830,0.133799,-0.047428,0.005212,0.162629,-0.474047,0.059738,-0.502384,-0.114356,-0.149598,0.458528,-0.284296,0.075622,-0.168714,0.014047,0.072433,-0.146450,0.206312,-0.318242,1.127377,0.044103,-0.328401,-0.154508,0.058677,-0.250297,0.271386,1.208793,0.090763,-0.309862,0.089834
-0.029773,0.119414,0.745358,-0.019056,0.017347,0.751951,0.658715,0.172873,-0.051847,0.002186,0.143216,-0.482958,0.057955,-0.526994,-0.120434,-0.143883,0.411148,-0.250988,0.088455,-0.172506,0.013693,0.080639,-0.161597,0.204543,-0.322623,1.124424,0.044243,-0.332948,-0.155434,0.058570,-0.253507,0.268209,1.237594,0.093300,-0.302960,0.102219
-0.029678,0.139046,0.740144,-0.016326,0.018128,0.750478,0.660445,0.214260,-0.055211,-0.001060,0.129623,-0.492334,0.056241,-0.549929,-0.125246,-0.144420,0.386134,-0.236711,0.091478,-0.175269,0.012410,0.088252,-0.175614,0.206421,-0.332349,1.128527,0.049319,-0.335313,-0.150529,0.057512,-0.257808,0.273634,1.258907,0.091903,-0.293546,0.111474
-0.030695,0.160598,0.735675,-0.010876,0.015854,0.753416,0.657263,0.261388,-0.058494,-0.019587,0.125329,-0.496422,0.049610,-0.551964,-0.138290,-0.154435,0.378768,-0.234088,0.093438,-0.194623,0.012852,0.103103,-0.182261,0.206059,-0.339335,1.133547,0.056391,-0.330660,-0.143116,0.058022,-0.264270,0.267221,1.272251,0.092926,-0.287553,0.126409
-0.029053,0.183848,0.730271,-0.014135,0.018628,0.753172,0.657408,0.279496,-0.051709,-0.035515,0.143607,-0.513442,0.053494,-0.578332,-0.131515,-0.149812,0.407589,-0.231119,0.094216,-0.205942,0.019809,0.096180,-0.185361,0.201873,-0.343622,1.150164,0.070304,-0.324534,-0.138247,0.058292,-0.269720,0.267605,1.282101,0.073892,-0.285419,0.129846
-0.028095,0.209631,0.725837,-0.016671,0.019612,0.754506,0.655788,0.301291,-0.042049,-0.056019,0.167495,-0.519358,0.045031,-0.596000,-0.116554,-0.123025,0.485895,-0.217549,0.089507,-0.222898,0.032080,0.092022,-0.181604,0.193980,-0.349416,1.171440,0.077384,-0.318603,-0.123621,0.059461,-0.278073,0.267792,1.286883,0.069222,-0.288032,0.122331
-0.026439,0.237531,0.722666,-0.021307,0.017391,0.754826,0.655348,0.320981,-0.023308,-0.074291,0.203712,-0.514003,0.016523,-0.608284,-0.104203,-0.120746,0.587043,-0.241627,0.073044,-0.239447,0.050220,0.090722,-0.171009,0.187398,-0.352608,1.193762,0.075691,-0.312269,-0.121389,0.056540,-0.285384,0.262363,1.291403,0.072566,-0.285388,0.107853
-0.023470,0.267027,0.721520,-0.025741,0.012764,0.754716,0.655422,0.329204,0.003845,-0.073557,0.273871,-0.499610,-0.015291,-0.597045,-0.085974,-0.130220,0.648390,-0.242712,0.046117,-0.255593,0.069447,0.094901,-0.154982,0.183566,-0.352310,1.216604,0.071492,-0.297880,-0.114993,0.051882,-0.288889,0.256302,1.289135,0.087707,-0.277782,0.104154
-0.019420,0.298825,0.721808,-0.033633,0.015980,0.757619,0.651634,0.278324,0.022462,-0.081178,0.428780,-0.471660,-0.043972,-0.588886,-0.070299,-0.136320,0.693917,-0.274125,0.000161,-0.278490,0.082566,0.074943,-0.131420,0.177896,-0.344977,1.242856,0.077287,-0.291945,-0.117707,0.047454,-0.287385,0.253893,1.292491,0.079738,-0.280494,0.107391
-0.015234,0.330742,0.724773,-0.035269,0.019347,0.751178,0.658873,0.218234,0.025995,-0.056050,0.608334,-0.368847,-0.096049,-0.560343,-0.042057,-0.118504,0.711875,-0.315386,-0.048203,-0.261280,0.081861,0.054313,-0.100431,0.177954,-0.348717,1.257234,0.084419,-0.282863,-0.113898,0.055623,-0.280989,0.248070,1.282662,0.073965,-0.284539,0.102355
-0.012053,0.359770,0.729723,-0.031997,0.019566,0.741569,0.669828,0.126675,0.031845,-0.017957,0.824773,-0.261222,-0.096866,-0.512030,-0.014697,-0.093591,0.707800,-0.350336,-0.079029,-0.221491,0.078025,0.048607,-0.079761,0.174198,-0.353852,1.271473,0.090891,-0.271758,-0.104065,0.059953,-0.277198,0.248251,1.265369,0.072106,-0.288366,0.094200
-0.009357,0.388197,0.734588,-0.028090,0.025844,0.735263,0.676706,0.000890,0.051010,0.046276,1.021433,-0.297335,-0.064482,-0.463812,-0.007685,-0.071077,0.690482,-0.390617,-0.098500,-0.188360,0.063463,0.049687,-0.067413,0.170932,-0.340288,1.274391,0.073762,-0.263046,-0.086474,0.052690,-0.273832,0.252137,1.234853,0.081570,-0.301804,0.082142
-0.006523,0.417591,0.741374,-0.022727,0.029404,0.733774,0.678377,-0.118139,0.074284,0.103668,1.118449,-0.348053,-0.032815,-0.389733,-0.011174,-0.067123,0.644133,-0.418321,-0.099157,-0.161955,0.048338,0.053075,-0.060669,0.170094,-0.331370,1.290333,0.076161,-0.257035,-0.082931,0.036421,-0.269967,0.261823,1.227487,0.075501,-0.300624,0.080173
-0.004406,0.447438,0.748331,-0.016702,0.032013,0.729428,0.683103,-0.222012,0.084993,0.156133,1.120026,-0.391366,-0.009361,-0.306477,-0.010212,-0.053122,0.578666,-0.433009,-0.094815,-0.125162,0.032077,0.058107,-0.053120,0.170705,-0.321982,1.293201,0.075229,-0.249347,-0.090728,0.023344,-0.266362,0.270761,1.211301,0.077928,-0.309848,0.075140
-0.001975,0.479117,0.754395,-0.009928,0.031838,0.721942,0.691150,-0.293206,0.097148,0.215306,1.025773,-0.406147,-0.005145,-0.206014,-0.004798,-0.035997,0.489326,-0.435991,-0.089343,-0.081670,0.014927,0.063250,-0.031251,0.180892,-0.317812,1.283242,0.082480,-0.257738,-0.120121,0.017494,-0.263778,0.273644,1.185573,0.065148,-0.318982,0.081442
-0.000713,0.509035,0.757528,-0.003253,0.028728,0.710952,0.702646,-0.343170,0.108620,0.274943,0.871465,-0.400770,-0.007370,-0.112403,0.003643,-0.008459,0.414459,-0.433651,-0.065705,-0.025601,-0.000218,0.082766,-0.016740,0.192812,-0.314139,1.266146,0.073931,-0.271614,-0.138882,-0.003244,-0.262858,0.289605,1.169755,0.075901,-0.319455,0.073943
-0.001051,0.539012,0.757148,-0.000813,0.023547,0.705597,0.708221,-0.391794,0.115908,0.309799,0.685316,-0.380815,-0.000824,-0.023624,0.012092,0.005968,0.346747,-0.437373,-0.051651,0.011742,-0.003694,0.098222,-0.005957,0.203081,-0.316802,1.252324,0.067085,-0.278256,-0.153437,-0.015972,-0.264634,0.302132,1.137445,0.090881,-0.323090,0.062212
-0.001440,0.569818,0.753463,-0.001589,0.016032,0.697299,0.716600,-0.423176,0.119036,0.317093,0.467027,-0.321029,-0.020227,0.063199,0.025285,0.018733,0.283448,-0.444474,-0.038204,0.049237,0.002982,0.110301,0.011029,0.208783,-0.315680,1.235497,0.056949,-0.275544,-0.155463,-0.027480,-0.273218,0.315021,1.102579,0.103525,-0.329688,0.056289
-0.002086,0.601943,0.747464,-0.000090,0.007787,0.688222,0.725458,-0.445399,0.109245,0.269875,0.273989,-0.273733,-0.036375,0.153381,0.032259,0.032418,0.227200,-0.455881,-0.020448,0.086303,0.007542,0.127017,0.028663,0.216598,-0.314834,1.216130,0.054401,-0.284830,-0.156072,-0.041457,-0.285525,0.330285,1.072607,0.109199,-0.333173,0.053124
-0.002803,0.635804,0.740043,0.003819,0.000340,0.680942,0.732327,-0.465529,0.102472,0.204826,0.170181,-0.263659,-0.033622,0.236839,0.030195,0.042101,0.200254,-0.471200,-0.004275,0.116221,0.007799,0.146676,0.037534,0.218802,-0.299003,1.207782,0.043408,-0.269763,-0.160712,-0.053022,-0.298520,0.338261,1.047959,0.125548,-0.334814,0.048861
-0.003633,0.670981,0.731979,0.008590,-0.001987,0.672900,0.739681,-0.488539,0.101318,0.168401,0.185767,-0.279643,-0.020234,0.295449,0.018957,0.065730,0.213318,-0.492032,0.008950,0.148502,-0.004366,0.156085,0.041918,0.222900,-0.291706,1.208020,0.039327,-0.282883,-0.147906,-0.058806,-0.304014,0.342035,1.039352,0.130390,-0.350020,0.033637
-0.005427,0.708200,0.724241,0.011990,-0.002204,0.666140,0.745727,-0.510456,0.101891,0.155388,0.300519,-0.301071,-0.018602,0.333989,0.005328,0.090159,0.261284,-0.501048,0.018733,0.173657,-0.022875,0.158132,0.044608,0.229435,-0.281008,1.216980,0.042534,-0.296110,-0.154454,-0.064378,-0.299788,0.331153,1.044552,0.120746,-0.354306,0.022527
-0.009184,0.747443,0.719130,0.013551,0.003775,0.658744,0.752236,-0.530834,0.104789,0.182611,0.435776,-0.290870,-0.000656,0.342936,-0.018265,0.111090,0.343494,-0.477436,0.044668,0.200455,-0.045429,0.143672,0.044089,0.229976,-0.264540,1.231869,0.048330,-0.301372,-0.165995,-0.049706,-0.292011,0.313935,1.048757,0.111818,-0.353812,0.007387
-0.014059,0.788893,0.718502,0.013016,0.016908,0.657780,0.752908,-0.542246,0.084618,0.192309,0.519939,-0.262867,0.026077,0.316262,-0.044219,0.123987,0.468683,-0.403674,0.075615,0.204147,-0.080962,0.112463,0.049476,0.232392,-0.258165,1.239599,0.063417,-0.310845,-0.145068,-0.027064,-0.275799,0.304277,1.070547,0.096734,-0.353509,-0.009515
-0.019712,0.830509,0.720773,0.015808,0.025017,0.663658,0.747451,-0.528913,0.045575,0.188955,0.586806,-0.266587,0.053174,0.270357,-0.071176,0.092406,0.636217,-0.238582,0.112474,0.183717,-0.107421,0.093198,0.041094,0.230699,-0.262355,1.267264,0.061164,-0.310743,-0.153234,-0.008944,-0.260785,0.298491,1.099519,0.093537,-0.356715,-0.009136
-0.025472,0.869687,0.725430,0.014184,0.028741,0.670357,0.741346,-0.497932,0.011456,0.172662,0.619039,-0.298147,0.093233,0.177228,-0.083969,0.063626,0.844420,-0.079952,0.125712,0.157324,-0.116136,0.075303,0.024545,0.229941,-0.281574,1.277272,0.062474,-0.303621,-0.174232,0.009657,-0.251118,0.297306,1.121538,0.111214,-0.346155,0.012000
-0.032031,0.905874,0.731553,0.010913,0.027709,0.672557,0.739446,-0.445844,-0.005009,0.165872,0.620561,-0.337695,0.118001,0.053219,-0.129516,0.009053,1.050106,-0.067771,0.093106,0.132605,-0.110540,0.069587,0.009254,0.233612,-0.294353,1.255600,0.067545,-0.297115,-0.171210,0.022256,-0.250707,0.303625,1.123652,0.122989,-0.338944,0.046255
-0.037007,0.940449,0.739399,0.007085,0.023583,0.674198,0.738140,-0.375337,-0.013683,0.156923,0.587782,-0.365149,0.128464,-0.068940,-0.177103,-0.055713,1.171015,-0.150923,0.037043,0.101900,-0.094132,0.070193,-0.027269,0.229866,-0.290133,1.266142,0.076946,-0.304216,-0.175014,0.025137,-0.254604,0.314500,1.130570,0.112111,-0.339194,0.069086
-0.040989,0.975108,0.747452,0.003479,0.017294,0.680456,0.732577,-0.293170,-0.022420,0.138524,0.534616,-0.382254,0.128381,-0.172934,-0.191702,-0.107078,1.200742,-0.218268,0.001774,0.058415,-0.072012,0.073160,-0.059084,0.230181,-0.296915,1.255538,0.078819,-0.302140,-0.173117,0.032232,-0.259819,0.315104,1.136217,0.109840,-0.335863,0.088828
-0.044318,1.009587,0.754032,-0.000762,0.011712,0.691726,0.722064,-0.212150,-0.032152,0.108135,0.473937,-0.394032,0.117935,-0.260222,-0.186806,-0.157169,1.148645,-0.274627,0.000865,0.004534,-0.047241,0.073936,-0.088839,0.232882,-0.302884,1.236523,0.070991,-0.302676,-0.163784,0.046100,-0.261908,0.300163,1.139387,0.123606,-0.335634,0.087628
-0.047010,1.044870,0.758783,-0.001907,0.006968,0.704080,0.710083,-0.120810,-0.043756,0.076586,0.403789,-0.399521,0.102063,-0.320371,-0.194716,-0.219707,1.034954,-0.314706,0.012096,-0.052102,-0.027849,0.077515,-0.113677,0.243019,-0.307551,1.205827,0.068163,-0.307593,-0.155591,0.061892,-0.268041,0.277961,1.134843,0.117808,-0.326140,0.080116
-0.049115,1.079859,0.760703,0.000550,0.003062,0.714193,0.699941,-0.022438,-0.053350,0.054418,0.325860,-0.399271,0.083325,-0.356421,-0.213916,-0.293970,0.876327,-0.313742,0.023048,-0.097449,-0.014614,0.086256,-0.140321,0.257614,-0.317142,1.169333,0.062736,-0.312833,-0.152402,0.076236,-0.275141,0.266926,1.135478,0.123580,-0.318481,0.090521
-0.050520,1.115031,0.759388,0.005166,0.001303,0.725103,0.688620,0.071656,-0.064421,0.027320,0.255853,-0.397343,0.069361,-0.381959,-0.212812,-0.330021,0.682779,-0.290008,0.049271,-0.140445,-0.008061,0.095496,-0.169408,0.272005,-0.326496,1.135440,0.068676,-0.321899,-0.133072,0.092332,-0.282243,0.256913,1.132900,0.129515,-0.324418,0.085247
-0.050876,1.150162,0.754839,0.012099,0.002039,0.735834,0.677050,0.161509,-0.075864,0.001597,0.196417,-0.412383,0.056158,-0.401974,-0.197792,-0.324311,0.463081,-0.256900,0.091817,-0.178085,-0.010326,0.102486,-0.198786,0.290904,-0.331712,1.104957,0.077584,-0.331424,-0.131589,0.106149,-0.286532,0.247011,1.137324,0.118299,-0.323238,0.088330
-0.051255,1.185978,0.748497,0.016332,0.005436,0.745475,0.666311,0.234576,-0.082167,-0.021302,0.158430,-0.427515,0.045284,-0.428306,-0.178665,-0.263061,0.258343,-0.224453,0.128488,-0.208967,-0.014557,0.098349,-0.223739,0.305717,-0.330362,1.082808,0.086435,-0.344756,-0.123387,0.121767,-0.287086,0.239829,1.144707,0.106898,-0.320445,0.096441
-0.051191,1.222389,0.741047,0.017549,0.010322,0.749950,0.661181,0.286367,-0.084865,-0.043726,0.154195,-0.446337,0.034710,-0.466386,-0.165939,-0.193338,0.139780,-0.210718,0.135228,-0.222101,-0.016451,0.089821,-0.241534,0.317265,-0.319763,1.060064,0.092751,-0.350634,-0.106218,0.134435,-0.283524,0.222428,1.151846,0.085353,-0.315632,0.106286
-0.051228,1.260329,0.733373,0.018265,0.012123,0.754015,0.656492,0.327987,-0.080934,-0.069068,0.183766,-0.470051,0.025320,-0.492321,-0.163744,-0.170813,0.141269,-0.212951,0.128557,-0.236838,-0.012016,0.083597,-0.249594,0.321587,-0.301611,1.047808,0.083505,-0.354461,-0.100249,0.142463,-0.284315,0.216789,1.165313,0.076466,-0.314886,0.115753
-0.050460,1.300672,0.726919,0.020612,0.005017,0.759708,0.649918,0.370505,-0.060697,-0.095586,0.251222,-0.483136,0.007064,-0.497173,-0.150177,-0.155577,0.251552,-0.225757,0.115074,-0.257174,0.001518,0.095783,-0.249687,0.321402,-0.280009,1.041192,0.066548,-0.351137,-0.087499,0.140622,-0.288403,0.221797,1.184201,0.085654,-0.311298,0.121397
-0.047934,1.343575,0.722897,0.016467,0.001038,0.762124,0.647221,0.379629,-0.037180,-0.109026,0.357267,-0.459989,-0.030390,-0.508541,-0.115436,-0.116203,0.368082,-0.174323,0.091859,-0.265775,0.021026,0.083604,-0.230256,0.308122,-0.258234,1.050042,0.057579,-0.342074,-0.061947,0.145942,-0.288113,0.219609,1.203408,0.077766,-0.303723,0.120248
-0.044707,1.387403,0.722741,0.007440,-0.001691,0.759307,0.650687,0.342163,-0.010418,-0.094884,0.526104,-0.375973,-0.081267,-0.518282,-0.073275,-0.087791,0.470121,-0.139105,0.048573,-0.258575,0.047387,0.060375,-0.204628,0.286869,-0.235367,1.077794,0.048311,-0.335026,-0.055020,0.148324,-0.288849,0.217862,1.224648,0.068332,-0.298508,0.118861
-0.042031,1.430104,0.725697,0.003128,-0.010764,0.754427,0.656288,0.275341,0.006562,-0.087447,0.747228,-0.227007,-0.130347,-0.487126,-0.025280,-0.077441,0.539529,-0.162456,-0.015484,-0.244390,0.073306,0.056120,-0.170930,0.262543,-0.218608,1.110061,0.030515,-0.333398,-0.061906,0.145097,-0.290936,0.221978,1.242616,0.063520,-0.295568,0.113319
-0.038816,1.468711,0.730562,0.003663,-0.010594,0.751103,0.660090,0.157268,0.031976,-0.039892,0.974867,-0.142136,-0.115599,-0.443368,-0.002803,-0.065533,0.569376,-0.213161,-0.065092,-0.223255,0.073556,0.052096,-0.153235,0.243984,-0.223776,1.147116,0.020150,-0.322630,-0.075505,0.130798,-0.282804,0.216161,1.257211,0.066833,-0.296734,0.105682
-0.036623,1.504342,0.737966,0.005137,-0.006247,0.749977,0.661415,0.023317,0.073492,0.031990,1.135196,-0.195494,-0.069666,-0.382301,0.000921,-0.064015,0.556846,-0.264659,-0.088965,-0.197636,0.065300,0.050177,-0.143917,0.226759,-0.240008,1.178680,0.022991,-0.310073,-0.086862,0.113238,-0.277100,0.223556,1.253661,0.073426,-0.300607,0.094957
-0.034748,1.539545,0.746326,0.009092,0.000806,0.743491,0.668684,-0.092274,0.095408,0.110734,1.185324,-0.259594,-0.032809,-0.314575,0.002922,-0.045702,0.518945,-0.297394,-0.092066,-0.155054,0.047809,0.046701,-0.132807,0.211385,-0.258891,1.213430,0.041802,-0.301724,-0.101906,0.094843,-0.273806,0.235513,1.237182,0.081196,-0.307222,0.087700
-0.033049,1.575608,0.753785,0.016661,0.001679,0.734376,0.678537,-0.168951,0.104222,0.179214,1.137433,-0.312562,-0.013281,-0.224891,0.011235,-0.020492,0.466105,-0.316949,-0.085588,-0.108523,0.029886,0.057765,-0.107014,0.205159,-0.277604,1.229582,0.051481,-0.295334,-0.118416,0.077157,-0.271557,0.257343,1.210520,0.092622,-0.308584,0.088528
-0.032104,1.612108,0.759239,0.022613,-0.001437,0.724713,0.688678,-0.219512,0.111520,0.240350,1.012711,-0.343356,-0.005931,-0.124240,0.022432,0.000197,0.398684,-0.329572,-0.080297,-0.065481,0.019700,0.072739,-0.074262,0.201209,-0.276776,1.241043,0.056638,-0.295965,-0.134582,0.061064,-0.274236,0.274509,1.171243,0.095024,-0.317424,0.086608
-0.032301,1.647884,0.761007,0.024597,-0.005951,0.715720,0.697929,-0.256736,0.115709,0.293036,0.824922,-0.343137,-0.011843,-0.030950,0.034074,0.013839,0.333834,-0.341071,-0.060994,-0.028944,0.017731,0.085740,-0.042437,0.198461,-0.265025,1.249710,0.054566,-0.292514,-0.158986,0.042311,-0.281266,0.284831,1.123484,0.105079,-0.323311,0.085668
-0.033218,1.683098,0.759274,0.022767,-0.013487,0.708886,0.704826,-0.279799,0.117661,0.327918,0.590756,-0.325045,-0.027769,0.061237,0.052648,0.028099,0.270504,-0.350770,-0.046236,0.001406,0.028010,0.099117,-0.011480,0.198032,-0.263175,1.252428,0.058924,-0.286800,-0.171501,0.028011,-0.296170,0.289521,1.069273,0.113607,-0.329840,0.080881
-0.034506,1.718347,0.754663,0.018252,-0.023329,0.702585,0.710984,-0.287763,0.117041,0.335273,0.328793,-0.288769,-0.043626,0.149179,0.073605,0.029145,0.214008,-0.364181,-0.029367,0.030019,0.046006,0.109612,0.022912,0.199982,-0.277783,1.245549,0.059301,-0.281453,-0.171876,0.012355,-0.311827,0.290920,1.023449,0.127486,-0.343114,0.061598
-0.036863,1.753381,0.748078,0.011264,-0.028188,0.698048,0.715407,-0.305152,0.111884,0.340646,0.116322,-0.262613,-0.050733,0.212696,0.087269,0.026694,0.188594,-0.388384,-0.013540,0.054128,0.061499,0.107259,0.053012,0.197593,-0.289448,1.239541,0.061573,-0.265952,-0.155646,0.001711,-0.329332,0.287840,0.983754,0.144581,-0.347271,0.050276
-0.038982,1.790286,0.740635,0.005512,-0.028843,0.696892,0.716575,-0.325038,0.106263,0.360374,0.020296,-0.247727,-0.050328,0.256824,0.094683,0.036357,0.197857,-0.416872,-0.002875,0.069406,0.064762,0.099449,0.075037,0.196966,-0.285752,1.247278,0.056771,-0.264056,-0.155324,-0.006145,-0.341190,0.280754,0.958311,0.149348,-0.355069,0.040164
-0.040697,1.827038,0.733250,0.003288,-0.028371,0.695540,0.717919,-0.352013,0.109234,0.373092,0.076530,-0.253424,-0.040871,0.285467,0.094713,0.050108,0.246407,-0.440741,0.006691,0.087004,0.057531,0.092357,0.087282,0.202158,-0.276960,1.262021,0.065137,-0.264848,-0.164140,-0.008246,-0.344551,0.267838,0.943979,0.142807,-0.364516,0.020242
-0.043553,1.865250,0.727379,0.008110,-0.026889,0.693357,0.720047,-0.367789,0.099301,0.353903,0.203396,-0.247126,-0.023020,0.310241,0.079523,0.059029,0.329682,-0.441132,0.029146,0.105563,0.039148,0.091437,0.098952,0.210137,-0.269085,1.275260,0.069532,-0.264113,-0.174398,-0.001608,-0.343465,0.257376,0.943145,0.143154,-0.368211,0.005425
-0.048378,1.904124,0.725271,0.013450,-0.016719,0.695998,0.717723,-0.393427,0.065216,0.305662,0.314516,-0.202460,0.016556,0.286228,0.049242,0.055682,0.483268,-0.393616,0.067141,0.110550,0.004841,0.075735,0.103987,0.216751,-0.260755,1.295530,0.080663,-0.265572,-0.170859,0.010910,-0.331127,0.248233,0.961019,0.138478,-0.372250,-0.013547
-0.053925,1.944026,0.725749,0.020257,-0.006957,0.703867,0.710009,-0.410379,0.016891,0.256239,0.433877,-0.209427,0.060458,0.229902,0.021552,0.046918,0.683500,-0.255758,0.124730,0.104099,-0.031299,0.063375,0.096429,0.223480,-0.251924,1.323112,0.077646,-0.272151,-0.169997,0.026108,-0.313890,0.240509,0.999140,0.129282,-0.371117,-0.023949
-0.059714,1.980544,0.727701,0.023158,-0.003978,0.713371,0.700393,-0.397861,-0.021299,0.215210,0.505398,-0.243490,0.101126,0.137370,0.011349,0.050319,0.895546,-0.190366,0.150263,0.091785,-0.044801,0.060724,0.077453,0.227566,-0.250312,1.335362,0.075511,-0.268958,-0.163141,0.039389,-0.304354,0.241352,1.033585,0.129902,-0.358585,-0.009530
-0.065515,2.013400,0.731302,0.022589,-0.004531,0.718711,0.694927,-0.359491,-0.039861,0.197381,0.525957,-0.279113,0.123269,0.018813,-0.034795,0.017790,1.061532,-0.231905,0.125570,0.085263,-0.044319,0.062560,0.057886,0.232163,-0.237831,1.324496,0.063951,-0.270203,-0.171259,0.049526,-0.302164,0.249419,1.056571,0.128049,-0.350459,0.028148
-0.070529,2.044337,0.736392,0.020784,-0.007146,0.728936,0.684229,-0.310135,-0.056991,0.167282,0.518951,-0.309411,0.130464,-0.095730,-0.071082,-0.012162,1.131245,-0.292905,0.097419,0.060245,-0.036210,0.065321,0.039999,0.238193,-0.225863,1.296739,0.045184,-0.281383,-0.168133,0.055744,-0.299639,0.258518,1.085486,0.122842,-0.354966,0.059040
-0.074951,2.075006,0.741976,0.018862,-0.012427,0.744249,0.667521,-0.257583,-0.073603,0.119439,0.511060,-0.333178,0.126159,-0.187083,-0.083518,-0.026324,1.103905,-0.339053,0.080212,0.020564,-0.020622,0.068619,0.024205,0.244014,-0.222845,1.258306,0.038757,-0.293277,-0.153658,0.065128,-0.300142,0.265519,1.111994,0.096861,-0.352593,0.072555
-0.078889,2.104806,0.746859,0.018414,-0.018454,0.760781,0.648485,-0.201991,-0.086397,0.070036,0.502982,-0.351976,0.114954,-0.251161,-0.124285,-0.073604,1.004338,-0.358069,0.056744,-0.017677,-0.004565,0.078864,0.001588,0.251416,-0.221422,1.212953,0.033332,-0.303592,-0.139183,0.077678,-0.301303,0.256626,1.127457,0.075662,-0.343768,0.078881
-0.081774,2.133637,0.750359,0.019899,-0.022911,0.776573,0.629296,-0.143100,-0.095897,0.028347,0.487266,-0.369991,0.100653,-0.290669,-0.168595,-0.123116,0.851202,-0.347101,0.049749,-0.050305,0.008808,0.094376,-0.024677,0.260834,-0.216188,1.159125,0.029516,-0.316429,-0.128788,0.093590,-0.301984,0.233698,1.130479,0.070032,-0.331842,0.078567
-0.083667,2.163187,0.752308,0.023640,-0.024644,0.793068,0.608175,-0.083212,-0.108531,-0.021095,0.469298,-0.385130,0.088202,-0.304949,-0.188888,-0.134482,0.643513,-0.275498,0.067850,-0.078048,0.012850,0.105338,-0.046060,0.270253,-0.211523,1.102658,0.013970,-0.336949,-0.113889,0.117509,-0.298217,0.211087,1.131897,0.069044,-0.328132,0.071633
-0.085648,2.193315,0.752389,0.031059,-0.022141,0.810930,0.583898,-0.018645,-0.130088,-0.077758,0.443912,-0.398844,0.085512,-0.305751,-0.183333,-0.051341,0.422273,-0.132347,0.117735,-0.107186,0.003724,0.107126,-0.054330,0.280229,-0.209253,1.045270,0.002979,-0.362666,-0.105293,0.151291,-0.290520,0.193830,1.132412,0.061035,-0.329182,0.072209
-0.087118,2.223165,0.750998,0.037971,-0.018416,0.827979,0.559168,0.038346,-0.147384,-0.137932,0.428425,-0.416224,0.086507,-0.305146,-0.165762,0.112665,0.245489,0.011589,0.166996,-0.131537,-0.007165,0.105918,-0.063357,0.292448,-0.213141,0.993398,0.001583,-0.385499,-0.096193,0.182882,-0.279708,0.177357,1.132279,0.055097,-0.328221,0.079321
-0.088293,2.252624,0.748628,0.038356,-0.014833,0.844201,0.534446,0.070048,-0.148685,-0.190519,0.439622,-0.453743,0.073255,-0.314900,-0.155446,0.243596,0.160081,0.117966,0.211800,-0.144047,-0.006817,0.087193,-0.074499,0.307102,-0.249590,0.951084,-0.037848,-0.411664,-0.087708,0.225823,-0.273024,0.164079,1.122976,0.077831,-0.325293,0.080161
-0.090246,2.281761,0.745853,0.039415,-0.016577,0.858265,0.511423,0.105017,-0.137053,-0.238234,0.460374,-0.487638,0.058631,-0.311221,-0.149438,0.300299,0.167608,0.183282,0.239973,-0.154176,0.000770,0.085945,-0.095312,0.316199,-0.266248,0.925244,-0.078759,-0.425998,-0.079078,0.248216,-0.267501,0.161872,1.122548,0.100690,-0.323860,0.092295
-0.092369,2.311474,0.743578,0.040793,-0.020868,0.870590,0.489871,0.142954,-0.113622,-0.273900,0.479826,-0.512760,0.042751,-0.288334,-0.138666,0.328089,0.215989,0.152657,0.238232,-0.167703,0.007996,0.088908,-0.094840,0.321954,-0.257238,0.903187,-0.098844,-0.437600,-0.071003,0.264601,-0.259531,0.172792,1.124281,0.113598,-0.328161,0.098141
-0.092827,2.341076,0.741873,0.040686,-0.026575,0.883803,0.465328,0.167571,-0.073991,-0.290783,0.511798,-0.531111,0.020812,-0.267454,-0.118632,0.320235,0.306609,0.034814,0.205396,-0.190800,0.018700,0.094577,-0.089203,0.316273,-0.231934,0.893586,-0.115512,-0.441333,-0.057666,0.261479,-0.251663,0.182126,1.134978,0.104791,-0.326211,0.091760
-0.093254,2.368332,0.740789,0.038097,-0.027336,0.893762,0.446084,0.171343,-0.037039,-0.274695,0.555115,-0.533716,-0.009859,-0.247240,-0.112944,0.267674,0.362447,-0.075836,0.160611,-0.195660,0.027102,0.086174,-0.078175,0.316666,-0.218896,0.898370,-0.100877,-0.434521,-0.055867,0.262906,-0.245693,0.179670,1.142638,0.099537,-0.324881,0.097198
-0.094217,2.391956,0.740740,0.031146,-0.023764,0.903718,0.426333,0.141274,-0.001037,-0.232780,0.620435,-0.517117,-0.046646,-0.231348,-0.119127,0.203856,0.387067,-0.154936,0.120942,-0.195110,0.036906,0.069211,-0.075807,0.308655,-0.203153,0.926138,-0.080759,-0.426749,-0.067293,0.258069,-0.245214,0.164939,1.147081,0.107729,-0.330850,0.101747
-0.094909,2.410869,0.742580,0.023460,-0.018984,0.913311,0.406143,0.093512,0.026908,-0.188478,0.697429,-0.481870,-0.072621,-0.221889,-0.125384,0.160745,0.403282,-0.201838,0.100458,-0.186843,0.049502,0.061118,-0.081695,0.291180,-0.197058,0.966097,-0.080632,-0.417688,-0.084951,0.246587,-0.251385,0.156012,1.143234,0.120707,-0.329859,0.098358
-0.095755,2.426100,0.746015,0.017380,-0.014024,0.922125,0.386247,0.042160,0.051088,-0.134764,0.770165,-0.435803,-0.085269,-0.203654,-0.136047,0.116295,0.397776,-0.224061,0.083194,-0.173683,0.062509,0.061389,-0.087437,0.270652,-0.202134,1.013707,-0.080337,-0.414501,-0.082346,0.230922,-0.265716,0.152675,1.133797,0.120067,-0.329962,0.081378
-0.096591,2.439104,0.749464,0.012668,-0.005167,0.930387,0.366323,-0.011159,0.079399,-0.050971,0.837298,-0.390748,-0.081831,-0.185104,-0.157270,0.071934,0.383264,-0.242564,0.066499,-0.158190,0.062651,0.063324,-0.089785,0.258963,-0.214152,1.055649,-0.078034,-0.404977,-0.092437,0.209892,-0.283752,0.148641,1.116255,0.126693,-0.328366,0.072606
-0.098313,2.450326,0.752545,0.007748,0.004064,0.938836,0.344254,-0.061459,0.119928,0.048681,0.900129,-0.354798,-0.061033,-0.168072,-0.181468,0.028309,0.371579,-0.256134,0.060903,-0.142760,0.060046,0.064173,-0.083920,0.252806,-0.228488,1.080940,-0.066936,-0.400253,-0.099702,0.192874,-0.307355,0.137763,1.089348,0.119773,-0.331315,0.067043
-0.100787,2.459620,0.755014,0.000920,0.012243,0.946692,0.321906,-0.105217,0.164137,0.146982,0.939753,-0.356357,-0.037384,-0.156429,-0.204871,-0.020509,0.363083,-0.264341,0.063795,-0.122747,0.061090,0.061498,-0.075065,0.243249,-0.231866,1.102938,-0.074255,-0.394959,-0.107419,0.184171,-0.333284,0.113216,1.056026,0.118537,-0.337029,0.059511
-0.104624,2.468256,0.756785,-0.006536,0.018531,0.953271,0.301475,-0.135459,0.194569,0.227751,0.935542,-0.380557,-0.038706,-0.145832,-0.222800,-0.069384,0.356199,-0.273804,0.068372,-0.098670,0.062775,0.053232,-0.054189,0.234376,-0.227439,1.127265,-0.077060,-0.395334,-0.106789,0.185185,-0.362316,0.098993,1.027615,0.121799,-0.354323,0.047751
-0.108969,2.474606,0.757419,-0.013210,0.022089,0.959924,0.279077,-0.163390,0.210790,0.283926,0.898194,-0.406617,-0.056535,-0.129798,-0.239454,-0.122627,0.348714,-0.286009,0.071692,-0.077196,0.066691,0.049388,-0.032019,0.229965,-0.224347,1.153409,-0.068318,-0.390631,-0.104422,0.188471,-0.389007,0.087032,1.007912,0.138167,-0.363975,0.029189
-0.113504,2.478365,0.757101,-0.019341,0.022895,0.966656,0.254319,-0.199849,0.218413,0.314387,0.843797,-0.423753,-0.076865,-0.107248,-0.251785,-0.177027,0.335229,-0.295690,0.079610,-0.055496,0.074977,0.049513,-0.014671,0.223087,-0.223321,1.182725,-0.056850,-0.380305,-0.103292,0.195878,-0.412397,0.070359,0.991407,0.155827,-0.369001,0.014828
-0.117949,2.480549,0.756509,-0.024939,0.021860,0.973536,0.226115,-0.243088,0.232490,0.339254,0.784070,-0.432859,-0.089259,-0.077077,-0.260337,-0.234044,0.314988,-0.302475,0.088403,-0.038039,0.083094,0.049715,-0.000870,0.217386,-0.226076,1.213977,-0.045534,-0.370895,-0.103497,0.197440,-0.435062,0.058192,0.990491,0.150050,-0.368207,0.010830
-0.122415,2.481544,0.755229,-0.032500,0.019427,0.979981,0.195458,-0.294218,0.265258,0.381254,0.731912,-0.439104,-0.094297,-0.049732,-0.264220,-0.294651,0.292930,-0.314187,0.097468,-0.024093,0.094025,0.047921,0.010954,0.213064,-0.229395,1.243519,-0.031233,-0.366762,-0.109175,0.195003,-0.456175,0.052206,0.999908,0.147689,-0.370783,0.008816
-0.127679,2.481433,0.753425,-0.039577,0.015577,0.985092,0.166686,-0.345443,0.304836,0.428512,0.685492,-0.430727,-0.095917,-0.021104,-0.262664,-0.353371,0.270095,-0.321967,0.103844,-0.003566,0.104115,0.051511,0.015518,0.209558,-0.230826,1.270102,-0.020741,-0.364284,-0.118276,0.189561,-0.469705,0.046080,1.010947,0.155479,-0.373499,0.013241
-0.134053,2.480373,0.751220,-0.043860,0.010430,0.988714,0.142868,-0.391208,0.338325,0.463185,0.637589,-0.398016,-0.105799,0.010522,-0.257893,-0.404646,0.250632,-0.335062,0.107047,0.026786,0.111366,0.059733,0.021556,0.208389,-0.237121,1.290121,-0.015323,-0.364392,-0.123475,0.187382,-0.474806,0.042877,1.017559,0.157264,-0.372656,0.006491
-0.142041,2.478127,0.748468,-0.046208,0.005248,0.991288,0.123229,-0.432519,0.361035,0.481132,0.583962,-0.356961,-0.120678,0.045571,-0.252454,-0.450451,0.228413,-0.342934,0.110893,0.061323,0.115934,0.069130,0.037903,0.208291,-0.233761,1.293724,-0.011272,-0.358998,-0.126528,0.186733,-0.472980,0.041733,1.017198,0.156413,-0.369702,0.002329
-0.151425,2.474562,0.745661,-0.048819,0.001273,0.993060,0.106988,-0.471138,0.372683,0.482565,0.524660,-0.329064,-0.128247,0.075276,-0.250611,-0.485494,0.212833,-0.348017,0.116141,0.097119,0.116233,0.074668,0.062954,0.209322,-0.226422,1.288105,-0.005610,-0.359847,-0.139251,0.183220,-0.469599,0.048959,1.014154,0.149482,-0.372892,0.003468
-0.162178,2.470106,0.742362,-0.053048,-0.003084,0.994311,0.092311,-0.509370,0.383326,0.476647,0.466001,-0.312242,-0.128957,0.096878,-0.249914,-0.516895,0.207112,-0.352123,0.121597,0.130145,0.115427,0.074235,0.090511,0.209387,-0.216039,1.283556,-0.006258,-0.362139,-0.150083,0.174988,-0.463147,0.059137,1.010984,0.139859,-0.377603,0.001635
-0.174300,2.464122,0.738273,-0.060173,-0.009058,0.995151,0.077281,-0.549006,0.404758,0.490668,0.422931,-0.301298,-0.122573,0.108243,-0.251277,-0.550832,0.216665,-0.357045,0.123600,0.158527,0.114160,0.069431,0.113140,0.207985,-0.206347,1.284367,-0.010398,-0.365290,-0.151383,0.162404,-0.450861,0.070500,1.002750,0.137914,-0.385170,-0.005993
-0.188954,2.457007,0.733710,-0.066871,-0.016449,0.995626,0.063144,-0.577471,0.435386,0.535909,0.400210,-0.284134,-0.115609,0.124635,-0.251376,-0.583934,0.225783,-0.359246,0.127911,0.182115,0.111623,0.063985,0.134540,0.206718,-0.190405,1.290319,-0.004876,-0.366199,-0.155459,0.147146,-0.434591,0.087050,0.990190,0.138864,-0.395722,-0.017021
-0.206525,2.448732,0.728705,-0.071822,-0.023698,0.995928,0.049060,-0.598437,0.464858,0.587543,0.410322,-0.289241,-0.105360,0.150886,-0.251270,-0.606196,0.229474,-0.351558,0.139820,0.199696,0.106126,0.059115,0.157026,0.206055,-0.176565,1.297567,-0.001739,-0.362493,-0.155558,0.132786,-0.416028,0.102816,0.975150,0.135561,-0.399361,-0.025513
-0.226202,2.437558,0.723380,-0.074888,-0.031389,0.996015,0.036882,-0.624453,0.486408,0.603862,0.467079,-0.312952,-0.091611,0.176340,-0.255404,-0.605382,0.242430,-0.332575,0.154322,0.217172,0.101367,0.059877,0.177536,0.207010,-0.167026,1.302730,0.006693,-0.363371,-0.154399,0.118735,-0.398064,0.114957,0.958780,0.126896,-0.403324,-0.030057
-0.248267,2.422727,0.718303,-0.078906,-0.037428,0.995810,0.027108,-0.654366,0.488568,0.585065,0.549303,-0.333211,-0.066264,0.196021,-0.270347,-0.589913,0.261747,-0.296860,0.170761,0.242043,0.094955,0.059559,0.186716,0.205306,-0.158998,1.313358,0.008058,-0.364230,-0.158497,0.110564,-0.379733,0.122522,0.943016,0.117065,-0.406618,-0.035244
-0.272876,2.404595,0.714971,-0.085260,-0.040612,0.995410,0.015493,-0.684976,0.472407,0.550345,0.633845,-0.343787,-0.036569,0.203312,-0.299070,-0.561086,0.299671,-0.238752,0.184169,0.263917,0.083426,0.051116,0.188243,0.203913,-0.162157,1.329466,0.004153,-0.365753,-0.165278,0.106107,-0.363410,0.133079,0.937727,0.107859,-0.406953,-0.044370
-0.299449,2.383113,0.714743,-0.089316,-0.039458,0.995218,-0.002493,-0.694926,0.432448,0.524197,0.702947,-0.359929,-0.003961,0.198661,-0.344347,-0.507782,0.371834,-0.150462,0.185207,0.273391,0.067261,0.047031,0.179184,0.205184,-0.186134,1.346690,-0.001275,-0.365712,-0.169456,0.100476,-0.349389,0.147829,0.946870,0.095146,-0.401200,-0.055818
-0.326530,2.359271,0.716318,0.090179,0.037009,-0.994755,0.030996,-0.682861,0.360681,0.493671,0.736076,-0.375309,0.034657,0.177694,-0.386628,-0.428186,0.479512,-0.041112,0.152919,0.262389,0.055640,0.044442,0.161984,0.209591,-0.220791,1.355946,-0.015142,-0.365143,-0.174574,0.094110,-0.336703,0.163924,0.969213,0.101617,-0.395876,-0.060237
-0.353085,2.335633,0.717999,0.090286,0.037868,-0.992638,0.071303,-0.667395,0.275573,0.444590,0.748323,-0.398486,0.078916,0.134697,-0.387565,-0.332470,0.612220,0.026332,0.106467,0.223497,0.053856,0.039776,0.144918,0.219954,-0.244870,1.344559,-0.025281,-0.365470,-0.182785,0.086632,-0.325134,0.173004,0.987422,0.109798,-0.391671,-0.054876
-0.378009,2.313008,0.720754,0.087281,0.037155,-0.988074,0.121294,-0.634292,0.178828,0.388584,0.737729,-0.425291,0.119539,0.080612,-0.324331,-0.209904,0.737722,0.012633,0.110706,0.163414,0.052009,0.041985,0.121561,0.233026,-0.256745,1.321663,-0.040416,-0.375160,-0.181446,0.084532,-0.314344,0.180998,0.990847,0.108346,-0.394229,-0.055978
-0.402077,2.291147,0.724984,0.082720,0.036764,-0.980719,0.173193,-0.583528,0.082555,0.320238,0.702959,-0.444732,0.143562,0.016220,-0.247106,-0.126538,0.848868,-0.046561,0.135571,0.100239,0.054925,0.046991,0.084229,0.244329,-0.260087,1.294700,-0.055754,-0.387715,-0.170574,0.085694,-0.309283,0.191090,0.991208,0.110841,-0.404583,-0.069475
-0.425345,2.268917,0.730756,0.078284,0.039451,-0.971626,0.219676,-0.518530,0.004971,0.248960,0.648295,-0.452113,0.151233,-0.066425,-0.194322,-0.096429,0.942274,-0.124175,0.131346,0.049500,0.066330,0.053574,0.032647,0.253055,-0.260568,1.263352,-0.059068,-0.392823,-0.153810,0.084417,-0.310245,0.197439,0.995251,0.110049,-0.413305,-0.081739
-0.447425,2.246365,0.737581,0.073973,0.043827,-0.961153,0.262284,-0.440916,-0.055039,0.175849,0.575607,-0.445405,0.150995,-0.163844,-0.156214,-0.080371,0.996464,-0.206623,0.106333,0.007413,0.082667,0.057522,-0.021580,0.258981,-0.260194,1.221024,-0.056973,-0.397155,-0.137370,0.088019,-0.315023,0.196372,0.997117,0.105943,-0.413898,-0.079773
-0.469762,2.223573,0.744896,0.067855,0.048047,-0.948917,0.304374,-0.345710,-0.098969,0.100521,0.485780,-0.427705,0.143337,-0.258568,-0.117587,-0.060757,0.998229,-0.270566,0.085313,-0.037337,0.099851,0.059560,-0.068420,0.261984,-0.257108,1.170968,-0.059846,-0.404346,-0.126904,0.097744,-0.322140,0.192572,0.998373,0.102505,-0.409061,-0.061722
-0.492917,2.200339,0.751391,0.058725,0.051553,-0.935348,0.344988,-0.234583,-0.123506,0.031102,0.389022,-0.407453,0.129589,-0.337662,-0.078233,-0.037583,0.944938,-0.300860,0.078206,-0.084907,0.116185,0.066986,-0.111963,0.262645,-0.254906,1.122175,-0.057974,-0.411243,-0.121459,0.106375,-0.332447,0.193752,1.004173,0.106413,-0.400939,-0.028947
-0.517459,2.176954,0.755485,0.045247,0.051108,-0.921043,0.383433,-0.106662,-0.133787,-0.025892,0.290076,-0.385999,0.120599,-0.393170,-0.059869,-0.031472,0.852957,-0.312589,0.067343,-0.138281,0.121029,0.088093,-0.148395,0.265336,-0.246839,1.063262,-0.040446,-0.390248,-0.107189,0.106622,-0.339886,0.206291,1.014702,0.105216,-0.384885,0.019426
-0.542389,2.153700,0.755621,0.034087,0.048554,-0.906317,0.418414,0.012487,-0.132695,-0.063226,0.206052,-0.372020,0.107440,-0.444453,-0.065156,-0.049446,0.738206,-0.308134,0.064940,-0.188533,0.118625,0.105649,-0.183838,0.269355,-0.247763,1.007644,-0.025821,-0.370314,-0.094670,0.108538,-0.345509,0.213202,1.020796,0.106941,-0.368646,0.056817
-0.567264,2.130142,0.751375,0.027410,0.044712,-0.892258,0.448469,0.111431,-0.127423,-0.099315,0.149623,-0.378670,0.095217,-0.494071,-0.076338,-0.063185,0.599500,-0.276173,0.086462,-0.226391,0.113924,0.114185,-0.220346,0.273620,-0.267538,0.962516,-0.015008,-0.375662,-0.090008,0.118909,-0.356224,0.212921,1.018554,0.115340,-0.358507,0.075135
-0.592764,2.105519,0.743783,0.020152,0.037973,-0.879935,0.473145,0.203970,-0.121477,-0.145247,0.117444,-0.398792,0.082920,-0.525623,-0.093638,-0.076387,0.440905,-0.239103,0.111034,-0.258248,0.103428,0.128601,-0.250224,0.280804,-0.283699,0.920601,-0.010903,-0.392963,-0.093270,0.127571,-0.367116,0.207657,1.015177,0.120378,-0.354889,0.085056
-0.618568,2.080058,0.734459,0.014300,0.030544,-0.869342,0.493059,0.281280,-0.113890,-0.191002,0.113591,-0.426062,0.066915,-0.551082,-0.117333,-0.093250,0.299342,-0.223783,0.127563,-0.284753,0.089523,0.144929,-0.274130,0.288341,-0.291682,0.887663,-0.013374,-0.406574,-0.091379,0.129172,-0.374034,0.193284,1.016150,0.118411,-0.353468,0.086650
-0.645145,2.053324,0.725095,0.013056,0.025778,-0.861646,0.506686,0.339732,-0.104312,-0.228148,0.127428,-0.445291,0.044245,-0.582375,-0.135457,-0.108871,0.215436,-0.226161,0.130564,-0.298488,0.079454,0.149285,-0.285145,0.291917,-0.295343,0.867560,-0.013629,-0.414321,-0.083092,0.131305,-0.377986,0.175820,1.022564,0.112591,-0.352136,0.077311
-0.672872,2.023758,0.717571,0.012432,0.024049,-0.856826,0.514895,0.388252,-0.091758,-0.260197,0.158445,-0.446492,0.021588,-0.604074,-0.140382,-0.128501,0.211577,-0.237799,0.122154,-0.303602,0.078383,0.145344,-0.277875,0.288212,-0.292504,0.862443,-0.006603,-0.414833,-0.077396,0.134589,-0.382144,0.160686,1.035932,0.108157,-0.350399,0.066158
-0.701835,1.990955,0.712798,0.011913,0.026463,-0.853860,0.519693,0.420377,-0.075592,-0.280440,0.218148,-0.416369,-0.002732,-0.621609,-0.124601,-0.116764,0.298769,-0.203211,0.106165,-0.305342,0.090327,0.133021,-0.256627,0.269183,-0.286148,0.885989,-0.008474,-0.411562,-0.080608,0.135427,-0.386692,0.146200,1.060966,0.103277,-0.349716,0.060566
-0.731874,1.955703,0.712065,0.010281,0.035879,-0.853456,0.519827,0.423579,-0.052383,-0.276929,0.320096,-0.346409,-0.044200,-0.636170,-0.088147,-0.092169,0.427674,-0.171120,0.094537,-0.298832,0.122481,0.117583,-0.222387,0.239696,-0.276946,0.931989,-0.021200,-0.407143,-0.085221,0.133937,-0.392932,0.137786,1.093551,0.100178,-0.349116,0.050447
-0.762298,1.919203,0.715872,0.004955,0.047026,-0.855525,0.515598,0.394933,-0.035618,-0.258787,0.472141,-0.222407,-0.103522,-0.619830,-0.038819,-0.080487,0.523779,-0.184118,0.078061,-0.283555,0.160538,0.106259,-0.178095,0.210545,-0.276468,0.995670,-0.014399,-0.397548,-0.086530,0.128173,-0.398614,0.144143,1.132617,0.099838,-0.342900,0.044682
-0.791924,1.884064,0.721855,0.009157,0.049606,-0.858165,0.510890,0.303737,-0.037360,-0.209169,0.677736,-0.079189,-0.144154,-0.597139,-0.005947,-0.053574,0.588522,-0.234316,0.027503,-0.256881,0.173642,0.072475,-0.142188,0.183986,-0.304333,1.093882,-0.010737,-0.405673,-0.101377,0.124392,-0.396259,0.139877,1.174209,0.097721,-0.346354,0.035591
-0.819055,1.853031,0.729418,0.019533,0.042714,-0.860060,0.508027,0.158451,-0.012884,-0.100519,0.906381,-0.074578,-0.110494,-0.568543,0.001248,-0.022611,0.630070,-0.287535,-0.022729,-0.222806,0.156209,0.042284,-0.124733,0.174006,-0.340689,1.191559,-0.013051,-0.416794,-0.131849,0.113246,-0.385029,0.137571,1.199477,0.104681,-0.356197,0.020408
-0.844630,1.823753,0.738866,0.025768,0.032694,-0.861206,0.506548,0.011264,0.034616,0.012346,1.077306,-0.191841,-0.042718,-0.505780,-0.003039,-0.008704,0.623096,-0.312974,-0.043382,-0.192093,0.125878,0.039134,-0.104929,0.178713,-0.358687,1.246102,0.026269,-0.397513,-0.154270,0.090104,-0.369090,0.155103,1.202520,0.120091,-0.353680,0.020958
-0.869655,1.793564,0.748842,0.032965,0.023415,-0.862238,0.504888,-0.126234,0.056264,0.086259,1.147915,-0.296574,-0.004015,-0.428591,-0.013967,0.000905,0.581505,-0.339184,-0.048618,-0.161971,0.093112,0.036384,-0.073274,0.183758,-0.360162,1.278545,0.069536,-0.369312,-0.164636,0.070054,-0.349923,0.171822,1.185673,0.128013,-0.347380,0.028315
-0.893696,1.762557,0.758530,0.036475,0.014237,-0.864694,0.500770,-0.238943,0.059494,0.145407,1.120511,-0.355967,0.011364,-0.330701,-0.023830,0.009611,0.510967,-0.359420,-0.042241,-0.126409,0.062736,0.041204,-0.039469,0.187777,-0.352632,1.308651,0.069083,-0.350842,-0.172293,0.058620,-0.330948,0.184246,1.147333,0.130012,-0.347360,0.029712
-0.918674,1.730005,0.766513,0.031896,0.006174,-0.870430,0.491218,-0.308565,0.073054,0.206680,1.008158,-0.381096,0.011546,-0.207865,-0.020432,0.024311,0.418510,-0.362236,-0.025677,-0.082026,0.039103,0.057487,0.003727,0.198593,-0.342030,1.322288,0.076271,-0.342181,-0.179469,0.054878,-0.317538,0.204939,1.093908,0.143433,-0.356050,0.030231
-0.943073,1.697616,0.770130,0.025997,0.002296,-0.878783,0.476507,-0.357076,0.096674,0.264630,0.833645,-0.383622,-0.001144,-0.097093,-0.007406,0.048618,0.339386,-0.362019,-0.002378,-0.027610,0.023460,0.074539,0.052568,0.219549,-0.328277,1.315449,0.073318,-0.348672,-0.196917,0.051468,-0.308963,0.226674,1.033578,0.160564,-0.369568,0.031822
-0.965131,1.665779,0.769119,0.018844,0.002456,-0.887445,0.460523,-0.394001,0.117618,0.297923,0.616522,-0.353267,-0.026398,0.005850,0.005870,0.072938,0.266501,-0.365057,0.020969,0.023901,0.019999,0.094840,0.100814,0.236109,-0.307392,1.300153,0.054355,-0.360065,-0.209861,0.040970,-0.307686,0.244808,0.972031,0.161538,-0.379679,0.037769
-0.986596,1.633006,0.764252,0.009695,0.005041,-0.895962,0.443996,-0.420807,0.136490,0.290709,0.389047,-0.311993,-0.051732,0.110011,0.017649,0.096178,0.197456,-0.371597,0.044445,0.066212,0.024918,0.115884,0.152849,0.245904,-0.277839,1.275202,0.050785,-0.350011,-0.213982,0.023758,-0.314958,0.268177,0.911103,0.161733,-0.380983,0.055070
-1.008010,1.599426,0.755963,0.001758,0.008735,-0.903891,0.427669,-0.451618,0.157544,0.261803,0.211527,-0.285655,-0.074856,0.200205,0.024273,0.113169,0.154614,-0.393443,0.067516,0.100690,0.029689,0.134324,0.198362,0.255252,-0.248929,1.253736,0.046253,-0.339715,-0.222154,-0.001826,-0.323910,0.293411,0.859433,0.169971,-0.382936,0.070700
-1.029858,1.564762,0.746138,-0.004350,0.011070,-0.911582,0.410946,-0.483743,0.185668,0.240616,0.138828,-0.285407,-0.091118,0.270462,0.023006,0.136738,0.152528,-0.425367,0.083841,0.133188,0.030270,0.150218,0.231495,0.259922,-0.219548,1.249721,0.049968,-0.346716,-0.229619,-0.028638,-0.331803,0.308488,0.822196,0.168514,-0.389477,0.077063
-1.051783,1.528851,0.736905,-0.009091,0.008797,-0.919379,0.393169,-0.506546,0.211042,0.229412,0.183031,-0.303400,-0.091544,0.322656,0.007959,0.174270,0.191881,-0.452926,0.096369,0.172748,0.020970,0.164946,0.238526,0.262495,-0.200254,1.271908,0.058019,-0.345735,-0.231583,-0.045253,-0.331540,0.302237,0.798543,0.158486,-0.388989,0.074984
-1.072845,1.490253,0.729665,-0.007360,0.001956,-0.925179,0.379454,-0.525504,0.209366,0.219500,0.303600,-0.308292,-0.068335,0.355747,-0.026097,0.206402,0.255827,-0.446575,0.128023,0.203737,-0.002841,0.166314,0.231747,0.262668,-0.200950,1.309589,0.065237,-0.334110,-0.219718,-0.046915,-0.323467,0.287651,0.792945,0.155509,-0.384521,0.061045
-1.092863,1.448111,0.726160,0.006075,-0.004391,-0.926800,0.375481,-0.556806,0.178627,0.207161,0.435208,-0.281804,-0.021608,0.350953,-0.066027,0.221395,0.351207,-0.387385,0.162591,0.208291,-0.035150,0.138820,0.231087,0.256705,-0.214009,1.342269,0.051225,-0.322615,-0.205683,-0.030784,-0.315586,0.277691,0.807307,0.138326,-0.388581,0.028829
-1.113402,1.404171,0.727354,0.020213,-0.009387,-0.924764,0.379889,-0.567790,0.140799,0.208185,0.533657,-0.254473,0.004708,0.315079,-0.096522,0.205171,0.490506,-0.251904,0.177721,0.193386,-0.065703,0.106380,0.220356,0.249452,-0.226931,1.373326,0.028105,-0.323061,-0.204096,-0.005075,-0.302286,0.264321,0.844209,0.108673,-0.390132,0.002492
-1.133992,1.361113,0.732049,0.027665,-0.011326,-0.920851,0.388768,-0.539465,0.102652,0.208720,0.585438,-0.270758,0.024861,0.247771,-0.117688,0.152460,0.673022,-0.068234,0.175462,0.164849,-0.081876,0.082058,0.203636,0.244576,-0.233086,1.381245,0.028166,-0.325413,-0.207979,0.020775,-0.286643,0.247453,0.891720,0.115261,-0.375151,0.015551
-1.152567,1.320340,0.738842,0.030860,-0.008967,-0.916274,0.399261,-0.492368,0.066443,0.196542,0.598465,-0.310938,0.058200,0.143705,-0.147550,0.075408,0.876372,0.027848,0.141514,0.122704,-0.080344,0.065153,0.179083,0.242669,-0.240070,1.361683,0.020368,-0.324288,-0.210058,0.036983,-0.280537,0.242326,0.933497,0.131356,-0.358512,0.042683
-1.170721,1.281492,0.747286,0.029790,-0.006897,-0.911665,0.409796,-0.420539,0.033108,0.179995,0.573890,-0.342997,0.074878,0.032424,-0.163745,0.015868,1.035039,-0.012395,0.095915,0.076527,-0.070599,0.061101,0.139942,0.246189,-0.255721,1.334556,-0.001224,-0.337696,-0.211821,0.047122,-0.283781,0.252076,0.970478,0.128121,-0.354767,0.061693
-1.189524,1.244316,0.756771,0.025099,-0.002830,-0.905562,0.423462,-0.331870,0.006174,0.150190,0.519333,-0.358027,0.077815,-0.071049,-0.137266,-0.014849,1.110077,-0.110157,0.059349,0.027195,-0.050791,0.062235,0.090335,0.253139,-0.264762,1.302296,0.001998,-0.348064,-0.200366,0.061099,-0.287729,0.264143,1.008818,0.123977,-0.361690,0.065390
-1.208669,1.208381,0.765452,0.020544,0.000668,-0.898270,0.438964,-0.237208,-0.013203,0.122296,0.450351,-0.353057,0.083654,-0.167436,-0.117311,-0.060654,1.112490,-0.194742,0.044979,-0.024583,-0.031712,0.067906,0.035153,0.259523,-0.245770,1.257171,0.009141,-0.331766,-0.173116,0.075432,-0.287825,0.263950,1.045972,0.114472,-0.361809,0.065000
-1.228089,1.173443,0.772164,0.016359,0.001042,-0.890236,0.455205,-0.137992,-0.032295,0.093280,0.374397,-0.345351,0.083516,-0.251753,-0.101556,-0.097991,1.047029,-0.245869,0.045599,-0.075108,-0.018993,0.075155,-0.018557,0.270819,-0.235673,1.208645,0.004191,-0.322491,-0.154139,0.093898,-0.289470,0.254822,1.079089,0.113288,-0.354800,0.073337
-1.247746,1.139185,0.775392,0.012617,0.000306,-0.881372,0.472254,-0.041950,-0.047769,0.061606,0.304117,-0.345846,0.066953,-0.317407,-0.091287,-0.138123,0.916672,-0.267680,0.053038,-0.123075,-0.006927,0.082434,-0.074473,0.285643,-0.232223,1.162921,-0.001112,-0.328122,-0.141418,0.115066,-0.297725,0.239336,1.106740,0.118596,-0.343852,0.086537
-1.268159,1.105148,0.774499,0.010179,-0.002025,-0.871779,0.489789,0.051284,-0.060109,0.026374,0.241220,-0.350751,0.049002,-0.363539,-0.098346,-0.189915,0.736587,-0.269354,0.067333,-0.170733,0.000132,0.090188,-0.131729,0.303027,-0.230894,1.116468,-0.009937,-0.332423,-0.133284,0.133646,-0.307290,0.222744,1.130268,0.129312,-0.329387,0.104732
-1.289265,1.071207,0.769808,0.009740,-0.007309,-0.861969,0.506816,0.142794,-0.073075,-0.011594,0.184803,-0.360811,0.035943,-0.400867,-0.106275,-0.208790,0.531869,-0.252478,0.090601,-0.212735,-0.000588,0.096479,-0.190730,0.318680,-0.233422,1.075557,-0.015754,-0.344159,-0.123804,0.151523,-0.317013,0.208007,1.152629,0.132124,-0.319782,0.118879
-1.311685,1.037143,0.761997,0.012358,-0.013574,-0.852934,0.521696,0.224271,-0.082472,-0.040411,0.143493,-0.381478,0.024654,-0.439046,-0.120205,-0.203600,0.327546,-0.222992,0.112627,-0.247566,-0.007041,0.094994,-0.244825,0.332941,-0.235559,1.039865,-0.014248,-0.359686,-0.111275,0.168484,-0.325530,0.194220,1.174248,0.117899,-0.314328,0.128247
-1.334855,1.002515,0.752876,0.015482,-0.017191,-0.845576,0.533354,0.294850,-0.082251,-0.064486,0.122741,-0.406449,0.012035,-0.479309,-0.133020,-0.191332,0.166449,-0.209787,0.125632,-0.277405,-0.008622,0.094446,-0.288840,0.345846,-0.232121,1.000393,-0.001562,-0.373120,-0.097177,0.180500,-0.334505,0.177744,1.191576,0.098501,-0.308867,0.137111
-1.358985,0.967128,0.743470,0.017718,-0.018288,-0.840264,0.541580,0.354384,-0.073909,-0.090178,0.126411,-0.420395,-0.003840,-0.517735,-0.145568,-0.195161,0.106191,-0.225024,0.130944,-0.296442,-0.005722,0.092922,-0.315660,0.355331,-0.225658,0.961662,0.004314,-0.388598,-0.082746,0.193679,-0.341868,0.163835,1.207630,0.074021,-0.303875,0.138042
-1.385055,0.930018,0.735044,0.016232,-0.017877,-0.834209,0.550920,0.401153,-0.054366,-0.127213,0.169751,-0.419269,-0.025104,-0.543526,-0.160948,-0.212295,0.171099,-0.254450,0.116211,-0.317506,-0.000423,0.089580,-0.317539,0.362105,-0.217579,0.925954,-0.006102,-0.392466,-0.068191,0.205719,-0.343498,0.152372,1.229629,0.073354,-0.295838,0.135025
-1.412377,0.890776,0.728778,0.014142,-0.014649,-0.830100,0.557242,0.428981,-0.032095,-0.161760,0.247991,-0.392965,-0.050743,-0.563613,-0.171380,-0.231120,0.315551,-0.233164,0.088484,-0.333834,0.017913,0.090189,-0.314280,0.351784,-0.202335,0.909830,-0.012612,-0.383489,-0.057821,0.203971,-0.348812,0.142326,1.257338,0.094477,-0.280791,0.134514
-1.442192,0.850044,0.726581,0.013362,-0.005322,-0.831834,0.554838,0.424500,-0.008528,-0.163707,0.368082,-0.320637,-0.081925,-0.579289,-0.147866,-0.221623,0.456020,-0.177070,0.047674,-0.322662,0.049711,0.075268,-0.293778,0.325873,-0.194065,0.916412,-0.002700,-0.380661,-0.060535,0.209666,-0.354293,0.141962,1.283803,0.104839,-0.266899,0.136115
-1.472721,0.809863,0.729006,0.008986,0.004024,-0.837997,0.545587,0.386476,0.011586,-0.137880,0.538488,-0.190645,-0.123319,-0.569060,-0.095866,-0.192786,0.560211,-0.181255,0.003709,-0.292319,0.079196,0.063041,-0.255867,0.295398,-0.191498,0.938690,-0.001559,-0.374140,-0.066478,0.210027,-0.352438,0.142079,1.306706,0.101558,-0.265712,0.127998
-1.502196,0.772484,0.734230,0.005849,0.002644,-0.845135,0.534515,0.312618,0.020185,-0.090697,0.741414,-0.092663,-0.134451,-0.521090,-0.062621,-0.180678,0.613227,-0.224722,-0.045614,-0.255114,0.079947,0.060410,-0.215331,0.270099,-0.199545,0.973668,-0.011911,-0.371479,-0.070312,0.197987,-0.341584,0.148483,1.314939,0.104366,-0.274089,0.112145
-1.530364,0.738768,0.742271,0.008598,-0.003946,-0.849705,0.527173,0.196836,0.041636,-0.023569,0.942218,-0.124817,-0.094298,-0.458883,-0.049106,-0.164288,0.623933,-0.272390,-0.080038,-0.215752,0.060530,0.055911,-0.188846,0.251965,-0.216860,1.022858,-0.007459,-0.362202,-0.093415,0.180852,-0.323102,0.157242,1.300068,0.106838,-0.279836,0.110755
-1.556778,0.705902,0.752788,0.012271,-0.009625,-0.854260,0.519611,0.073653,0.060289,0.034308,1.075328,-0.203287,-0.052945,-0.379496,-0.036597,-0.146305,0.589604,-0.303415,-0.088047,-0.174430,0.042276,0.047168,-0.160827,0.238914,-0.232151,1.085055,0.013751,-0.343731,-0.122658,0.160736,-0.306842,0.167810,1.269343,0.111326,-0.289229,0.125939
-1.583607,0.672569,0.764073,0.007982,-0.013526,-0.857704,0.513903,-0.026719,0.069777,0.063284,1.119225,-0.252362,-0.035703,-0.268324,-0.015932,-0.141865,0.519145,-0.307285,-0.064401,-0.142378,0.035114,0.047680,-0.113125,0.229315,-0.249004,1.137024,0.031303,-0.330109,-0.139161,0.145975,-0.297882,0.184848,1.217904,0.119640,-0.301396,0.129603
-1.609396,0.639600,0.773490,0.001734,-0.017477,-0.864590,0.502171,-0.107253,0.074919,0.102815,1.080307,-0.288531,-0.031628,-0.151979,0.007016,-0.119815,0.435899,-0.297997,-0.040399,-0.100162,0.028753,0.059329,-0.063284,0.222641,-0.255735,1.187426,0.039379,-0.323918,-0.145562,0.126716,-0.296795,0.199903,1.149406,0.108710,-0.326880,0.087576
-1.632070,0.607555,0.778829,0.006197,-0.027518,-0.879738,0.474621,-0.178278,0.055827,0.172655,0.966006,-0.310342,-0.016311,-0.069529,0.010110,-0.048076,0.374033,-0.303211,-0.037191,-0.030481,-0.000395,0.066490,-0.018256,0.222114,-0.254236,1.235141,0.047175,-0.324625,-0.152032,0.095116,-0.297893,0.214346,1.073852,0.103339,-0.356804,0.061984
-1.655199,0.575760,0.781238,0.002678,-0.030139,-0.890421,0.454131,-0.228339,0.060460,0.219624,0.795518,-0.314046,-0.010544,0.023037,0.021253,-0.002413,0.312954,-0.289014,0.000469,0.015256,-0.008399,0.082032,0.033536,0.226022,-0.248652,1.269180,0.046557,-0.319057,-0.166980,0.061433,-0.304203,0.225126,0.996688,0.116751,-0.371537,0.055584
-1.677953,0.543486,0.779500,-0.002806,-0.029049,-0.899783,0.435361,-0.261072,0.067929,0.255070,0.581207,-0.310412,-0.019742,0.120005,0.033376,0.040088,0.248112,-0.282553,0.039427,0.055083,-0.004503,0.096674,0.079344,0.228629,-0.241745,1.298686,0.039481,-0.299759,-0.183747,0.028428,-0.319825,0.233588,0.922293,0.120707,-0.378172,0.039995
-1.700051,0.510841,0.774003,-0.008282,-0.022743,-0.908505,0.417173,-0.287954,0.079343,0.272244,0.350752,-0.285062,-0.030993,0.204063,0.045824,0.068175,0.201909,-0.297865,0.052282,0.092936,0.009846,0.105396,0.128341,0.233254,-0.256834,1.311476,0.049586,-0.296198,-0.188065,-0.000717,-0.343002,0.240931,0.847465,0.114878,-0.376324,0.035748
-1.722612,0.477328,0.765403,-0.009951,-0.012080,-0.916358,0.400054,-0.324253,0.094691,0.281415,0.154184,-0.263920,-0.061132,0.269166,0.059451,0.098902,0.173387,-0.315258,0.089127,0.127128,0.027542,0.099056,0.171530,0.237383,-0.271584,1.333277,0.071352,-0.312630,-0.195677,-0.016648,-0.366214,0.237082,0.774275,0.145000,-0.375555,0.044812
-1.745424,0.442689,0.755450,-0.007081,-0.000495,-0.923655,0.383160,-0.375440,0.118499,0.305227,0.066422,-0.267893,-0.088629,0.313100,0.066613,0.127011,0.172925,-0.338387,0.133900,0.163155,0.039770,0.080660,0.198735,0.240141,-0.276190,1.371710,0.095050,-0.343973,-0.192706,-0.013314,-0.377873,0.220658,0.709069,0.189534,-0.409052,0.009233
-1.768769,0.407203,0.746448,-0.006395,0.002372,-0.930005,0.367483,-0.411329,0.126483,0.301059,0.095645,-0.279784,-0.080978,0.349971,0.056082,0.162014,0.213613,-0.352010,0.150297,0.188783,0.033099,0.077226,0.227168,0.247239,-0.268055,1.384593,0.093805,-0.347976,-0.189478,-0.021367,-0.378873,0.208878,0.675882,0.199056,-0.419136,-0.010703
-1.793398,0.370139,0.738853,-0.005560,-0.002258,-0.934474,0.355980,-0.440681,0.113362,0.262624,0.216597,-0.266768,-0.058849,0.376189,0.032106,0.191886,0.294255,-0.337569,0.164768,0.202954,0.011801,0.071400,0.251046,0.253055,-0.261647,1.400378,0.079114,-0.335899,-0.203474,-0.016735,-0.371165,0.200456,0.669800,0.194651,-0.421961,-0.030384
-1.818383,0.330567,0.734382,0.003581,-0.011115,-0.935505,0.353121,-0.477376,0.077027,0.234234,0.367050,-0.206036,-0.013723,0.361814,-0.002764,0.195306,0.425531,-0.261511,0.191208,0.197965,-0.025446,0.047330,0.263350,0.254988,-0.265875,1.422159,0.045821,-0.315524,-0.207475,0.001004,-0.355825,0.197320,0.690981,0.189647,-0.414747,-0.047157
-1.841543,0.291003,0.733795,0.016156,-0.021090,-0.933082,0.358681,-0.500174,0.023455,0.217587,0.491682,-0.200226,0.046960,0.299514,-0.031610,0.185500,0.612941,-0.125522,0.228160,0.177391,-0.066326,0.023697,0.246981,0.256095,-0.286594,1.443239,0.034183,-0.313514,-0.193882,0.019611,-0.333779,0.188890,0.739466,0.179241,-0.401940,-0.057430
-1.864253,0.254690,0.737343,0.018637,-0.026900,-0.930838,0.363964,-0.470428,-0.020592,0.200644,0.548978,-0.242950,0.096960,0.210490,-0.052209,0.159659,0.826669,0.021888,0.248662,0.156654,-0.084894,0.016954,0.208596,0.256183,-0.312335,1.454497,0.036692,-0.317386,-0.178884,0.032664,-0.314677,0.192943,0.814990,0.172022,-0.385665,-0.057842
-1.883309,0.221524,0.744161,0.019905,-0.024716,-0.929959,0.366292,-0.417872,-0.040915,0.199649,0.547393,-0.277859,0.119054,0.079249,-0.099456,0.094721,1.025440,0.072918,0.207661,0.132527,-0.083725,0.009669,0.155475,0.252942,-0.317502,1.444024,0.021181,-0.310544,-0.173496,0.031024,-0.300525,0.213388,0.908837,0.175791,-0.360794,-0.032168
-1.901006,0.189745,0.753267,0.014013,-0.020455,-0.927173,0.373812,-0.335843,-0.055489,0.190053,0.507075,-0.296402,0.122772,-0.034648,-0.147024,0.028891,1.140537,-0.017308,0.092873,0.093349,-0.063896,0.017852,0.097082,0.251633,-0.321947,1.407671,0.008996,-0.316730,-0.170873,0.031080,-0.294553,0.238656,0.999106,0.181983,-0.337492,0.009013
-1.919328,0.158902,0.763536,0.007093,-0.012319,-0.919873,0.391958,-0.251763,-0.068123,0.154947,0.449312,-0.298706,0.116534,-0.132115,-0.164796,-0.039230,1.166157,-0.105628,0.033718,0.027982,-0.033036,0.023890,0.044271,0.254169,-0.293784,1.344645,0.019794,-0.327374,-0.167862,0.035248,-0.294264,0.252785,1.082682,0.159568,-0.323506,0.064433
-1.938208,0.129490,0.772660,-0.003326,-0.010546,-0.909604,0.415329,-0.152534,-0.088050,0.108187,0.380723,-0.280799,0.099610,-0.194087,-0.164906,-0.094594,1.110817,-0.185316,0.017750,-0.036119,-0.020673,0.044801,-0.013772,0.268298,-0.237077,1.260737,0.041223,-0.330191,-0.167750,0.050674,-0.285873,0.248962,1.153282,0.116890,-0.315848,0.115583
-1.958584,0.101925,0.778990,-0.013304,-0.010138,-0.900704,0.434112,-0.052704,-0.095673,0.068765,0.317177,-0.275700,0.073969,-0.240764,-0.153208,-0.138968,0.991120,-0.236105,0.022077,-0.086460,-0.004590,0.076229,-0.083053,0.274586,-0.221180,1.174503,-0.002494,-0.332024,-0.160813,0.076612,-0.289041,0.246656,1.193010,0.119835,-0.302814,0.132219
-1.979401,0.075440,0.780961,-0.016936,-0.009239,-0.892326,0.450978,0.025271,-0.098314,0.034451,0.269997,-0.284465,0.051830,-0.287807,-0.139863,-0.172902,0.822831,-0.250876,0.034640,-0.131417,0.005399,0.084184,-0.140033,0.291861,-0.238563,1.095456,0.010149,-0.345757,-0.119885,0.113608,-0.292912,0.244793,1.227991,0.129599,-0.294661,0.134188
-1.999614,0.048433,0.779226,-0.018371,-0.012254,-0.882546,0.469707,0.106262,-0.106056,0.009612,0.217132,-0.288888,0.035623,-0.314058,-0.136760,-0.198374,0.614750,-0.220887,0.064079,-0.175866,0.004681,0.089853,-0.196396,0.306292,-0.235061,1.017810,0.001952,-0.360087,-0.090923,0.153281,-0.295440,0.229953,1.253755,0.125685,-0.288230,0.129345
-2.020602,0.021193,0.774275,-0.016236,-0.019309,-0.874313,0.484707,0.184606,-0.121250,-0.012128,0.169604,-0.304314,0.029204,-0.333678,-0.137599,-0.197231,0.396874,-0.130343,0.101804,-0.213835,-0.007476,0.085390,-0.251683,0.323432,-0.234043,0.964099,0.011925,-0.373687,-0.077497,0.191052,-0.296981,0.215261,1.278181,0.118815,-0.282198,0.130739
-2.042583,-0.005733,0.766955,-0.009684,-0.025733,-0.870141,0.492035,0.246477,-0.137235,-0.031577,0.139037,-0.327718,0.022459,-0.361949,-0.150015,-0.222607,0.221372,-0.026213,0.113120,-0.235170,-0.023919,0.071906,-0.303893,0.337590,-0.230201,0.935549,0.010594,-0.405202,-0.062972,0.221504,-0.295132,0.202076,1.303798,0.114851,-0.282577,0.131757
-2.064725,-0.031841,0.759124,-0.004566,-0.026515,-0.871886,0.488969,0.285891,-0.137727,-0.041119,0.151342,-0.363495,0.002887,-0.393443,-0.177471,-0.345264,0.123085,-0.079359,0.081226,-0.234846,-0.033545,0.063320,-0.331719,0.347287,-0.206028,0.884149,-0.025248,-0.426286,-0.027040,0.240436,-0.291019,0.195288,1.322200,0.120508,-0.281107,0.127832
-2.087239,-0.059740,0.751380,-0.001999,-0.029392,-0.873469,0.485988,0.320743,-0.140541,-0.051076,0.193850,-0.394544,-0.003525,-0.411130,-0.172799,-0.386522,0.102299,-0.081776,0.076966,-0.242400,-0.038078,0.051233,-0.351381,0.355612,-0.195412,0.863117,-0.012726,-0.414282,-0.021802,0.256265,-0.296126,0.193459,1.338716,0.110761,-0.272284,0.132989
-2.111057,-0.088770,0.744299,-0.001610,-0.032984,-0.872898,0.486784,0.346660,-0.144440,-0.076938,0.264493,-0.404228,-0.013692,-0.415694,-0.151107,-0.365998,0.156913,-0.040364,0.073553,-0.261602,-0.042747,0.040535,-0.352797,0.357799,-0.183720,0.846818,0.009696,-0.387290,-0.015285,0.263610,-0.300583,0.187450,1.349374,0.098338,-0.262105,0.135290
-2.136375,-0.118826,0.739342,-0.001919,-0.034317,-0.871322,0.489507,0.349220,-0.142328,-0.100035,0.376984,-0.378838,-0.044793,-0.419991,-0.120942,-0.283549,0.252179,0.049883,0.049633,-0.286090,-0.043416,0.024880,-0.320282,0.336312,-0.164564,0.863375,0.008275,-0.412327,0.029540,0.266945,-0.299274,0.174880,1.357549,0.089656,-0.269572,0.118435
-2.161341,-0.146611,0.740568,-0.005938,-0.028631,-0.873947,0.485141,0.309589,-0.129794,-0.101737,0.545448,-0.307197,-0.094908,-0.424359,-0.092202,-0.249235,0.368084,-0.044826,-0.006391,-0.295498,-0.026564,0.013035,-0.284600,0.330367,-0.193633,0.885315,0.073695,-0.384450,0.062545,0.268684,-0.299300,0.156375,1.344237,0.074817,-0.270089,0.103500
-2.184683,-0.172622,0.745016,-0.013702,-0.024982,-0.878255,0.477342,0.232704,-0.127528,-0.109175,0.765057,-0.196448,-0.129759,-0.398933,-0.059108,-0.215314,0.439620,-0.111101,-0.046267,-0.301181,-0.013240,0.013205,-0.234888,0.313569,-0.208459,0.910252,0.040125,-0.364234,0.042877,0.257287,-0.296254,0.145954,1.324800,0.074860,-0.271314,0.100269
-2.205184,-0.196201,0.750788,-0.016823,-0.028022,-0.883519,0.467254,0.116837,-0.112500,-0.074544,0.987090,-0.180831,-0.114343,-0.352652,-0.043202,-0.194804,0.458897,-0.163119,-0.068720,-0.308763,-0.014185,0.013664,-0.201329,0.288947,-0.213383,0.982193,-0.014198,-0.334912,-0.003642,0.223413,-0.291947,0.145562,1.300234,0.086709,-0.273240,0.101560
-2.223761,-0.216399,0.757693,-0.011872,-0.037751,-0.890436,0.453384,-0.022827,-0.071846,0.020255,1.145814,-0.317488,-0.063721,-0.309498,-0.043327,-0.159836,0.448934,-0.200796,-0.077074,-0.316644,-0.035879,0.004052,-0.169074,0.276557,-0.251480,1.060267,-0.024289,-0.269819,-0.045897,0.182730,-0.280313,0.150188,1.249876,0.103330,-0.272822,0.103303
-2.242352,-0.233751,0.764793,-0.007397,-0.039190,-0.900201,0.433644,-0.129884,-0.032987,0.067936,1.194824,-0.314376,-0.046840,-0.267706,-0.019177,-0.121648,0.412713,-0.207682,-0.082547,-0.315598,-0.051946,-0.004557,-0.116826,0.276793,-0.258662,1.115173,-0.032066,-0.256452,-0.101926,0.143107,-0.259624,0.166920,1.173926,0.098424,-0.285582,0.105447
-2.257793,-0.253037,0.772165,-0.004222,-0.040519,-0.916504,0.397947,-0.215126,-0.012331,0.097509,1.168792,-0.294430,-0.024290,-0.231276,0.010084,-0.051278,0.384937,-0.199693,-0.073214,-0.295286,-0.060312,-0.004083,-0.074958,0.269639,-0.235516,1.177141,-0.044989,-0.237745,-0.132619,0.096693,-0.248406,0.193383,1.083566,0.094954,-0.297530,0.112244
-2.266780,-0.278790,0.776715,-0.012536,-0.042754,-0.944406,0.325748,-0.253960,-0.067839,0.076366,1.059421,-0.262071,0.005276,-0.193261,0.055847,0.080175,0.394157,-0.207307,-0.062923,-0.221401,-0.055356,0.021361,-0.036891,0.236697,-0.156506,1.261764,-0.072037,-0.197964,-0.112361,0.049664,-0.256494,0.243535,0.975168,0.094837,-0.312227,0.112223
-2.276887,-0.302508,0.782273,-0.027552,-0.057453,-0.959278,0.275183,-0.244897,-0.089119,0.021201,0.752368,-0.231991,0.015731,-0.115930,0.051609,0.179758,0.378328,-0.209963,-0.019383,-0.179729,-0.086533,0.086073,0.029803,0.230894,-0.159728,1.223680,-0.063302,-0.219301,-0.107113,-0.002840,-0.256335,0.267317,0.848974,0.089053,-0.330644,0.098833
-2.286938,-0.321409,0.785481,-0.044748,-0.073496,-0.968772,0.232542,-0.258498,-0.057113,-0.049004,0.303882,-0.194110,0.035213,-0.042728,0.034996,0.260401,0.372221,-0.220026,0.032455,-0.148673,-0.132615,0.176560,0.090223,0.245073,-0.174047,1.121843,-0.053834,-0.253858,-0.071956,-0.078064,-0.244896,0.286310,0.731920,0.108537,-0.339631,0.063440
