0.000000,0.000000,0.816113,-0.008049,0.018986,0.731967,0.681027,0.025159,-0.050563,0.134128,0.126699,-0.326733,0.050436,0.015495,0.004387,-0.040904,0.069760,-0.253342,0.039802,-0.039882,0.012557,-0.038080,0.025062,0.196155,-0.378900,1.175553,0.065556,-0.272335,-0.187746,-0.002806,-0.191230,0.395706,1.179629,0.105842,-0.258122,0.168129
-0.002523,0.000479,0.815626,-0.011775,0.018372,0.734365,0.678404,-0.004511,-0.046218,0.122300,0.177266,-0.349514,0.056719,-0.004475,0.005676,-0.045230,0.104208,-0.272252,0.037702,-0.040754,0.023008,-0.020414,-0.035090,0.185246,-0.360732,1.214508,0.061663,-0.278227,-0.209750,-0.045008,-0.202186,0.375038,1.197344,0.092377,-0.266734,0.177946
-0.005228,0.003027,0.815503,-0.015325,0.019600,0.729618,0.683403,-0.017973,-0.044083,0.129844,0.201780,-0.362842,0.066083,-0.019598,0.006556,-0.034329,0.124322,-0.284110,0.024159,-0.019602,0.030745,-0.032222,-0.039686,0.165730,-0.338577,1.234080,0.082732,-0.294401,-0.199516,-0.034638,-0.214145,0.390774,1.194036,0.026184,-0.316331,0.112059
-0.007459,0.006098,0.814756,-0.017091,0.018953,0.732141,0.680675,-0.025050,-0.046301,0.113917,0.220793,-0.370459,0.071040,-0.035134,0.004778,-0.040470,0.165198,-0.304595,0.014184,-0.022509,0.033209,-0.030699,-0.043441,0.162097,-0.335644,1.237145,0.079905,-0.293850,-0.199716,-0.033607,-0.216947,0.386423,1.191915,0.027807,-0.318017,0.111820
-0.009782,0.009537,0.814103,-0.018265,0.017784,0.734831,0.677771,-0.025484,-0.049182,0.098923,0.229342,-0.382478,0.074809,-0.056222,0.001992,-0.048807,0.223679,-0.330424,0.007636,-0.030746,0.035561,-0.025623,-0.042751,0.160379,-0.337325,1.233874,0.071186,-0.295128,-0.194941,-0.033831,-0.220858,0.388044,1.187161,0.035211,-0.318292,0.105359
-0.012601,0.012579,0.812937,-0.018548,0.018552,0.736518,0.675909,-0.029541,-0.056480,0.083726,0.246061,-0.397650,0.081481,-0.098720,-0.009374,-0.063894,0.321635,-0.362305,0.007878,-0.037114,0.033249,-0.019191,-0.046494,0.160699,-0.335191,1.229207,0.065635,-0.290034,-0.194748,-0.032838,-0.223778,0.377242,1.174469,0.043343,-0.321191,0.095866
-0.014949,0.015925,0.811424,-0.017827,0.018065,0.739354,0.672838,-0.024971,-0.064200,0.073284,0.250163,-0.402685,0.086055,-0.152168,-0.021971,-0.074207,0.445967,-0.382241,0.013174,-0.049231,0.027336,-0.006533,-0.052364,0.167545,-0.335279,1.219168,0.057962,-0.291161,-0.201795,-0.035624,-0.220845,0.365664,1.170409,0.059213,-0.315084,0.090339
-0.017597,0.019879,0.810691,-0.017861,0.017942,0.741275,0.670724,-0.023218,-0.070863,0.053701,0.260442,-0.413272,0.094952,-0.205843,-0.044844,-0.112439,0.566520,-0.388259,0.031925,-0.060248,0.023354,0.004875,-0.063131,0.174569,-0.336718,1.209941,0.054768,-0.283991,-0.193747,-0.034870,-0.216553,0.350622,1.158551,0.080626,-0.319260,0.084568
-0.020102,0.024666,0.810374,-0.020936,0.017651,0.745367,0.666092,-0.022723,-0.068340,0.054060,0.261164,-0.419463,0.096274,-0.264582,-0.053245,-0.125692,0.651857,-0.406147,0.022289,-0.078395,0.027294,0.011199,-0.078470,0.178724,-0.342931,1.203586,0.049629,-0.279151,-0.195094,-0.031155,-0.216939,0.336060,1.145207,0.092710,-0.316918,0.073429
-0.022577,0.031716,0.810788,-0.023150,0.015868,0.748433,0.662616,-0.009684,-0.068360,0.033985,0.255265,-0.421529,0.095486,-0.312704,-0.052441,-0.133293,0.684898,-0.403498,0.025596,-0.090919,0.035474,0.014988,-0.091081,0.178147,-0.350725,1.197157,0.046799,-0.281933,-0.183603,-0.020972,-0.222264,0.323862,1.135762,0.106751,-0.317273,0.061318
-0.024239,0.041619,0.810818,-0.023925,0.015136,0.756005,0.653953,0.010455,-0.071095,0.005945,0.238762,-0.419912,0.093483,-0.348215,-0.058461,-0.147414,0.664889,-0.387445,0.034327,-0.120376,0.037709,0.016192,-0.102744,0.180029,-0.346776,1.190063,0.046780,-0.284146,-0.182314,-0.007370,-0.224295,0.312051,1.128896,0.100583,-0.318740,0.063503
-0.026238,0.051702,0.810099,-0.023634,0.013738,0.760458,0.648812,0.039409,-0.072920,-0.009158,0.213874,-0.418682,0.089289,-0.384521,-0.064411,-0.152212,0.626160,-0.361393,0.038255,-0.138743,0.042682,0.022800,-0.115300,0.182788,-0.348496,1.172351,0.039366,-0.284910,-0.179172,0.002978,-0.232702,0.312202,1.123970,0.097942,-0.312546,0.068513
-0.027567,0.062348,0.808176,-0.024263,0.013945,0.764890,0.643553,0.062732,-0.077181,-0.036429,0.194477,-0.413537,0.087409,-0.425391,-0.069676,-0.154449,0.576747,-0.331253,0.050952,-0.157496,0.042143,0.028218,-0.132419,0.189987,-0.347959,1.154728,0.033590,-0.297973,-0.177363,0.004469,-0.235815,0.309291,1.140632,0.081823,-0.314238,0.060737
-0.030129,0.073300,0.805666,-0.022099,0.014924,0.769399,0.638212,0.092600,-0.081187,-0.040843,0.171570,-0.431282,0.084120,-0.465212,-0.079047,-0.144346,0.528812,-0.299018,0.065019,-0.177144,0.040596,0.038212,-0.151442,0.195807,-0.348498,1.136598,0.026983,-0.312928,-0.173200,0.005334,-0.241419,0.310307,1.150677,0.065823,-0.328133,0.051376
-0.030793,0.088007,0.802492,-0.017776,0.015451,0.769165,0.638617,0.137912,-0.084125,-0.037804,0.139923,-0.441121,0.077192,-0.497076,-0.082136,-0.131089,0.485344,-0.265800,0.072563,-0.180664,0.033861,0.050397,-0.172368,0.204369,-0.351934,1.124536,0.026754,-0.315499,-0.170511,0.008578,-0.239896,0.317670,1.170486,0.067915,-0.307263,0.078052
-0.031966,0.104605,0.798869,-0.015079,0.016263,0.772044,0.635182,0.178371,-0.086502,-0.049799,0.115596,-0.448275,0.070075,-0.522228,-0.090826,-0.126662,0.441878,-0.243688,0.079387,-0.192885,0.031694,0.058229,-0.189587,0.207610,-0.349712,1.119512,0.032507,-0.313898,-0.171255,0.013428,-0.242858,0.319914,1.188705,0.057025,-0.292578,0.090471
-0.033506,0.121579,0.794641,-0.012369,0.016484,0.773569,0.633377,0.216237,-0.086493,-0.050760,0.101162,-0.460162,0.064982,-0.542067,-0.102408,-0.136573,0.410310,-0.238640,0.083522,-0.202093,0.031499,0.068257,-0.207736,0.208189,-0.339910,1.124252,0.034413,-0.321164,-0.174641,0.015771,-0.246050,0.319852,1.205284,0.041002,-0.292195,0.101113
-0.034652,0.140518,0.789952,-0.011327,0.016967,0.775416,0.631121,0.245703,-0.083910,-0.055068,0.102763,-0.477956,0.064204,-0.560192,-0.110650,-0.148757,0.402427,-0.237218,0.087239,-0.213295,0.034170,0.076560,-0.223222,0.206925,-0.339815,1.132224,0.038319,-0.316080,-0.164733,0.019348,-0.249762,0.315720,1.216073,0.035802,-0.285216,0.106060
-0.036510,0.160567,0.785477,-0.009107,0.016395,0.775996,0.630459,0.278602,-0.081689,-0.053893,0.110180,-0.492356,0.057509,-0.572536,-0.117291,-0.156561,0.426401,-0.243688,0.084112,-0.221838,0.038711,0.089553,-0.235284,0.204376,-0.341555,1.147253,0.037691,-0.314271,-0.157684,0.019162,-0.255176,0.319078,1.228804,0.051930,-0.291034,0.112315
-0.036452,0.184999,0.782077,-0.010117,0.017768,0.779119,0.626542,0.300976,-0.074191,-0.081810,0.130523,-0.496931,0.060616,-0.578585,-0.113720,-0.150523,0.471962,-0.248894,0.076501,-0.237605,0.044171,0.085581,-0.233021,0.200990,-0.343990,1.169619,0.054536,-0.318502,-0.155876,0.025948,-0.262926,0.323105,1.244291,0.008947,-0.298154,0.097097
-0.036684,0.211059,0.779129,-0.014151,0.018024,0.780148,0.625175,0.317464,-0.059647,-0.094994,0.161094,-0.501268,0.035992,-0.585432,-0.102794,-0.144049,0.549519,-0.258946,0.064022,-0.248624,0.056517,0.079739,-0.222824,0.196939,-0.345028,1.190320,0.064523,-0.311833,-0.165236,0.029795,-0.268835,0.325143,1.248260,0.004150,-0.286134,0.117238
-0.036131,0.237959,0.777722,-0.019375,0.016424,0.781937,0.622840,0.318166,-0.039916,-0.109746,0.224078,-0.494730,0.009515,-0.584089,-0.100807,-0.165391,0.617322,-0.274349,0.047245,-0.261725,0.073408,0.077064,-0.206598,0.191674,-0.352538,1.210376,0.064646,-0.298055,-0.151908,0.037242,-0.270149,0.311412,1.247509,0.028119,-0.281788,0.107414
-0.034631,0.268011,0.777849,-0.022287,0.013306,0.781571,0.623276,0.321175,-0.017616,-0.099852,0.302779,-0.469859,-0.029970,-0.561882,-0.076357,-0.164708,0.658856,-0.289207,0.018189,-0.270062,0.085665,0.077251,-0.178153,0.190531,-0.353440,1.228718,0.066832,-0.296876,-0.151748,0.034288,-0.267412,0.305217,1.264090,0.052230,-0.272390,0.108890
-0.033150,0.297956,0.779405,-0.025921,0.016387,0.779462,0.625698,0.276039,-0.008580,-0.087757,0.452297,-0.428687,-0.063151,-0.543979,-0.054390,-0.150640,0.685663,-0.310568,-0.020488,-0.265406,0.089607,0.061985,-0.149731,0.183725,-0.354630,1.254213,0.060146,-0.291020,-0.145443,0.034284,-0.265339,0.302270,1.268615,0.049231,-0.267476,0.108598
-0.030449,0.329202,0.782514,-0.027149,0.018972,0.771147,0.635795,0.214971,-0.011201,-0.072992,0.627059,-0.315766,-0.108317,-0.511350,-0.019574,-0.126624,0.691526,-0.339256,-0.060026,-0.230798,0.084573,0.041859,-0.118649,0.183328,-0.353743,1.278454,0.076155,-0.283487,-0.146570,0.043694,-0.259000,0.296868,1.267916,0.022153,-0.270687,0.109306
-0.027761,0.358450,0.785942,-0.025756,0.021855,0.766473,0.641387,0.112900,-0.000938,-0.045773,0.843596,-0.241691,-0.106749,-0.465867,-0.000808,-0.111753,0.685388,-0.377957,-0.093080,-0.206081,0.075114,0.032832,-0.093710,0.185375,-0.344423,1.293245,0.067223,-0.271817,-0.152643,0.046300,-0.252298,0.298762,1.261284,0.017113,-0.285823,0.095671
-0.026268,0.386091,0.789554,-0.021366,0.027903,0.762735,0.645756,-0.007665,0.027356,0.026589,1.026773,-0.292725,-0.074030,-0.418665,0.001302,-0.095228,0.673387,-0.415348,-0.105375,-0.176045,0.055932,0.036862,-0.080357,0.189543,-0.335963,1.299589,0.078831,-0.276456,-0.164933,0.036039,-0.250058,0.303000,1.239377,-0.002649,-0.312124,0.091928
-0.024882,0.414195,0.795072,-0.015381,0.032992,0.755629,0.653987,-0.115596,0.060254,0.101665,1.119226,-0.343400,-0.027527,-0.353704,0.008265,-0.064614,0.631090,-0.437313,-0.109176,-0.134248,0.035093,0.043574,-0.063387,0.188679,-0.325806,1.295747,0.076343,-0.267672,-0.150344,0.015479,-0.250072,0.300230,1.217346,0.011663,-0.311647,0.085327
-0.023148,0.444049,0.800890,-0.009198,0.037035,0.748130,0.662454,-0.205581,0.078522,0.161097,1.113175,-0.389812,-0.002840,-0.271503,0.010700,-0.046761,0.561836,-0.449409,-0.103123,-0.089545,0.012670,0.048831,-0.050082,0.190770,-0.315468,1.299992,0.068581,-0.261607,-0.153760,-0.000291,-0.246357,0.305057,1.197594,0.018087,-0.310239,0.071725
-0.022730,0.472604,0.806105,-0.001470,0.034402,0.736657,0.675389,-0.272468,0.079351,0.201729,1.031868,-0.406760,-0.005282,-0.177665,0.020586,-0.018535,0.483577,-0.446473,-0.087582,-0.037599,-0.002337,0.068000,-0.027153,0.196105,-0.314797,1.289301,0.065177,-0.266496,-0.151640,-0.018665,-0.244443,0.317928,1.171004,0.037287,-0.319751,0.057896
-0.022811,0.502553,0.808842,0.004711,0.032055,0.727530,0.685311,-0.329635,0.075801,0.230871,0.899621,-0.402023,-0.003027,-0.084903,0.027437,0.011106,0.412848,-0.446081,-0.072352,0.001726,-0.018326,0.083395,-0.001939,0.206644,-0.314130,1.274212,0.058058,-0.275663,-0.168702,-0.040071,-0.241080,0.328907,1.148070,0.054961,-0.327264,0.051608
-0.024612,0.531900,0.808563,0.007438,0.029258,0.718706,0.694658,-0.379885,0.083607,0.267234,0.742837,-0.395147,-0.000837,-0.002928,0.028849,0.023691,0.346807,-0.446532,-0.050506,0.040814,-0.023395,0.097149,0.019604,0.211449,-0.317796,1.255612,0.052259,-0.280034,-0.187738,-0.058019,-0.248245,0.339959,1.110111,0.066582,-0.336132,0.048931
-0.026257,0.561303,0.805403,0.007271,0.023526,0.709938,0.703834,-0.416788,0.095377,0.293385,0.561257,-0.352838,-0.009034,0.073656,0.038786,0.040374,0.296073,-0.449366,-0.040083,0.074495,-0.019323,0.115117,0.038608,0.213866,-0.313502,1.236812,0.025038,-0.302102,-0.199024,-0.078446,-0.259066,0.357973,1.064387,0.096183,-0.344058,0.044387
-0.028570,0.591635,0.799734,0.007509,0.015369,0.699332,0.714593,-0.439272,0.097847,0.281306,0.372041,-0.304960,-0.030720,0.157195,0.046825,0.058879,0.243437,-0.454573,-0.025891,0.106677,-0.009809,0.135740,0.054213,0.211407,-0.304888,1.228766,0.005021,-0.297854,-0.205982,-0.106021,-0.276371,0.380519,1.027205,0.093167,-0.354981,0.041577
-0.030986,0.623910,0.792545,0.006294,0.009525,0.690722,0.723031,-0.456325,0.102372,0.265772,0.205155,-0.280634,-0.039368,0.230405,0.049480,0.071705,0.207345,-0.464851,-0.007077,0.132026,-0.003098,0.146596,0.059459,0.205191,-0.303388,1.241818,0.015152,-0.293634,-0.198878,-0.135358,-0.289811,0.400268,0.999014,0.094915,-0.353253,0.035713
-0.033466,0.658254,0.784626,0.005956,0.006018,0.681879,0.731416,-0.463865,0.111913,0.252209,0.097213,-0.277310,-0.038893,0.292636,0.046652,0.090502,0.197334,-0.476259,0.008765,0.152825,-0.002433,0.154884,0.069888,0.199108,-0.295530,1.246145,0.019303,-0.289981,-0.189313,-0.165023,-0.296995,0.413488,0.983898,0.089841,-0.355828,0.030052
-0.036608,0.693410,0.778055,0.006246,0.008271,0.673826,0.738818,-0.480617,0.122224,0.274057,0.113930,-0.283584,-0.029976,0.330216,0.031872,0.110038,0.221223,-0.478979,0.022124,0.175419,-0.014306,0.151729,0.073933,0.196570,-0.287757,1.255405,0.020667,-0.283023,-0.196129,-0.185042,-0.297127,0.411238,0.981062,0.101639,-0.344162,0.036302
-0.040494,0.731960,0.773093,0.008577,0.015140,0.664729,0.746882,-0.494606,0.124333,0.283855,0.218301,-0.308656,-0.014825,0.356857,0.003758,0.138113,0.263908,-0.457187,0.053584,0.196280,-0.038378,0.141152,0.082724,0.197849,-0.279516,1.261581,0.032026,-0.286403,-0.209974,-0.197970,-0.294083,0.404949,0.990121,0.084733,-0.342680,0.043864
-0.045479,0.772784,0.771798,0.008371,0.027677,0.660478,0.750288,-0.517542,0.113590,0.289033,0.324630,-0.270326,0.015201,0.356617,-0.028145,0.155970,0.334976,-0.391719,0.088243,0.207849,-0.070212,0.111949,0.084940,0.200748,-0.275276,1.287450,0.038165,-0.309799,-0.226002,-0.187612,-0.281789,0.386145,1.004020,0.061362,-0.348635,0.033166
-0.050946,0.815297,0.774421,0.006267,0.044373,0.664976,0.745519,-0.535066,0.086034,0.289558,0.411396,-0.252539,0.033220,0.322195,-0.050991,0.150945,0.448930,-0.265349,0.124022,0.197382,-0.108083,0.074070,0.075678,0.201531,-0.275609,1.313861,0.058672,-0.304247,-0.223179,-0.162964,-0.262580,0.360345,1.023726,0.045972,-0.350970,0.013729
-0.056608,0.858463,0.779534,0.005607,0.050919,0.675927,0.735186,-0.519387,0.047566,0.268650,0.466220,-0.243935,0.053206,0.274189,-0.053790,0.119947,0.602501,-0.091265,0.154666,0.171088,-0.124427,0.048183,0.060032,0.201906,-0.285524,1.339076,0.069464,-0.299767,-0.219918,-0.131217,-0.245591,0.340030,1.050420,0.059227,-0.346019,-0.008822
-0.063440,0.898923,0.786023,0.000275,0.050816,0.686418,0.725430,-0.486938,0.017398,0.234225,0.491464,-0.267244,0.090481,0.181943,-0.072414,0.046136,0.798790,0.041238,0.147598,0.139920,-0.115794,0.027056,0.044460,0.203217,-0.295291,1.341264,0.059786,-0.309108,-0.231933,-0.100421,-0.242122,0.336353,1.060264,0.080087,-0.345671,-0.005027
-0.070152,0.937910,0.793568,-0.002533,0.045267,0.693865,0.718677,-0.425943,-0.000949,0.209666,0.490706,-0.301582,0.109305,0.077215,-0.121490,-0.042350,0.974714,0.012017,0.090963,0.106617,-0.100178,0.025075,0.024581,0.203918,-0.289105,1.320256,0.049958,-0.293591,-0.217397,-0.085542,-0.243709,0.336695,1.065984,0.084170,-0.339188,0.013150
-0.075020,0.976021,0.801461,-0.003036,0.036339,0.702298,0.710949,-0.342564,-0.015029,0.178436,0.460050,-0.324617,0.113978,-0.022595,-0.133636,-0.086848,1.072443,-0.090095,0.042489,0.072055,-0.078791,0.030803,0.003812,0.210052,-0.287473,1.291551,0.053698,-0.287245,-0.199542,-0.063219,-0.250335,0.341008,1.065239,0.084559,-0.339670,0.032284
-0.079331,1.013393,0.807978,-0.006046,0.029719,0.712097,0.701425,-0.264733,-0.025932,0.143460,0.419864,-0.341443,0.113003,-0.128254,-0.128341,-0.119347,1.099418,-0.174686,0.019566,0.031938,-0.055632,0.029260,-0.018386,0.216319,-0.284135,1.260090,0.056954,-0.284194,-0.174767,-0.040347,-0.257106,0.338950,1.071405,0.074767,-0.337116,0.039397
-0.083202,1.050677,0.812901,-0.006043,0.022474,0.723688,0.689735,-0.179468,-0.034226,0.111584,0.375927,-0.353268,0.106289,-0.213451,-0.128506,-0.162473,1.052383,-0.258334,0.011302,-0.012988,-0.034535,0.033586,-0.037913,0.221817,-0.271938,1.220567,0.045436,-0.287586,-0.154206,-0.013623,-0.263910,0.329839,1.069053,0.074227,-0.349587,0.042033
-0.086039,1.087853,0.815312,-0.003905,0.016616,0.736004,0.676762,-0.087403,-0.040601,0.085962,0.321242,-0.366401,0.092026,-0.275764,-0.146448,-0.223860,0.947015,-0.307991,0.013638,-0.060564,-0.019668,0.041699,-0.058104,0.234500,-0.272164,1.179933,0.029565,-0.296741,-0.137658,0.010721,-0.270978,0.320517,1.073284,0.081231,-0.339525,0.044779
-0.087890,1.125521,0.814985,0.000095,0.012449,0.749410,0.661990,0.002892,-0.044956,0.057409,0.271356,-0.380345,0.073209,-0.321888,-0.162477,-0.278502,0.799475,-0.323638,0.029023,-0.107932,-0.010718,0.050851,-0.077923,0.248291,-0.267295,1.134719,0.008146,-0.308304,-0.135533,0.038263,-0.277379,0.308566,1.074366,0.090145,-0.334617,0.053408
-0.088611,1.163051,0.811673,0.005932,0.012052,0.762118,0.647299,0.089487,-0.052464,0.022538,0.221796,-0.393600,0.058226,-0.365236,-0.171752,-0.299990,0.623770,-0.312134,0.053613,-0.150991,-0.012623,0.057195,-0.099372,0.262917,-0.264336,1.092154,-0.008281,-0.320873,-0.137630,0.063731,-0.280862,0.291125,1.080688,0.102228,-0.331890,0.067449
-0.089321,1.200467,0.805775,0.012056,0.014894,0.772687,0.634497,0.169138,-0.056090,0.008688,0.181350,-0.413190,0.041968,-0.407407,-0.181054,-0.294679,0.433815,-0.264225,0.084404,-0.182188,-0.019864,0.060493,-0.125410,0.276476,-0.266181,1.054308,-0.015080,-0.334564,-0.138555,0.094088,-0.282360,0.271970,1.078142,0.099609,-0.325300,0.073295
-0.089434,1.238700,0.797892,0.017694,0.018920,0.780123,0.625089,0.244629,-0.058487,-0.004505,0.149123,-0.435707,0.031273,-0.445481,-0.193667,-0.276123,0.248749,-0.233141,0.112353,-0.199862,-0.029120,0.063206,-0.152440,0.288808,-0.270688,1.020024,-0.018491,-0.347373,-0.136661,0.115627,-0.281219,0.261895,1.093296,0.083521,-0.325259,0.074843
-0.088700,1.278162,0.789339,0.020919,0.022690,0.787922,0.615001,0.306058,-0.050876,-0.019627,0.140958,-0.457385,0.015246,-0.473984,-0.213379,-0.280845,0.105098,-0.227426,0.135336,-0.220141,-0.037544,0.061762,-0.173087,0.299839,-0.268427,0.992947,-0.025621,-0.356581,-0.142907,0.131948,-0.277185,0.252469,1.108766,0.090330,-0.312365,0.087045
-0.087709,1.319368,0.780653,0.022834,0.024255,0.793534,0.607613,0.358379,-0.035337,-0.041787,0.158367,-0.470345,-0.006256,-0.494633,-0.237759,-0.319578,0.068347,-0.242030,0.144238,-0.236122,-0.040250,0.058260,-0.181458,0.305568,-0.263105,0.970210,-0.032482,-0.361655,-0.138629,0.145612,-0.275426,0.250573,1.124874,0.087304,-0.300809,0.104796
-0.086074,1.362708,0.773529,0.025912,0.020512,0.798684,0.600842,0.404787,-0.009139,-0.070816,0.208076,-0.470789,-0.030728,-0.508060,-0.268308,-0.363600,0.166324,-0.280875,0.124196,-0.252263,-0.033745,0.065566,-0.186613,0.299222,-0.246016,0.964055,-0.047284,-0.357133,-0.140654,0.151153,-0.279970,0.249411,1.139626,0.079667,-0.297252,0.117063
-0.082831,1.409989,0.768297,0.024589,0.017386,0.801242,0.597581,0.433714,0.023393,-0.094645,0.282448,-0.438377,-0.066588,-0.515234,-0.274173,-0.384111,0.298054,-0.265888,0.094445,-0.264811,-0.023824,0.052632,-0.170165,0.287797,-0.230800,0.978122,-0.053364,-0.352572,-0.133876,0.160069,-0.276299,0.252162,1.167876,0.085874,-0.292751,0.115939
-0.078055,1.458425,0.767399,0.016807,0.016872,0.800375,0.599026,0.421805,0.054062,-0.109713,0.398616,-0.355371,-0.093642,-0.551380,-0.242130,-0.314919,0.441692,-0.205198,0.061166,-0.265289,-0.008429,0.020177,-0.143458,0.266997,-0.215560,1.015847,-0.043873,-0.347637,-0.129396,0.170867,-0.267669,0.244922,1.199208,0.078453,-0.286910,0.122568
-0.073637,1.507582,0.770070,0.012635,0.004079,0.796040,0.605098,0.398230,0.095773,-0.088690,0.566003,-0.217330,-0.131852,-0.534665,-0.179118,-0.272848,0.545436,-0.192696,0.027387,-0.266147,0.019822,0.020056,-0.114784,0.244160,-0.197275,1.069475,-0.039207,-0.330903,-0.130814,0.160834,-0.267082,0.252079,1.228585,0.078278,-0.273896,0.119336
-0.067283,1.552378,0.774792,0.017177,0.000475,0.787526,0.616042,0.328207,0.124931,-0.031444,0.777798,-0.096205,-0.115145,-0.496367,-0.131365,-0.239274,0.605650,-0.227034,-0.034157,-0.251219,0.018139,0.022596,-0.098096,0.224950,-0.201645,1.134913,-0.043924,-0.312094,-0.132552,0.146051,-0.264188,0.257950,1.233302,0.078414,-0.268005,0.117333
-0.060388,1.593937,0.781350,0.019901,0.001328,0.780020,0.625436,0.222092,0.158861,0.025930,0.975580,-0.113506,-0.077449,-0.441528,-0.095430,-0.227522,0.617649,-0.258381,-0.087688,-0.229258,0.008774,0.022535,-0.096594,0.213003,-0.219085,1.197616,-0.028485,-0.296382,-0.139281,0.136479,-0.258969,0.260068,1.204678,0.073708,-0.283329,0.105596
-0.055075,1.633421,0.789429,0.023028,0.005709,0.768374,0.639561,0.112769,0.142928,0.051041,1.091008,-0.192786,-0.043912,-0.377382,-0.061630,-0.199492,0.592445,-0.287219,-0.115868,-0.193542,-0.007149,0.014203,-0.091309,0.212285,-0.244997,1.250210,0.029570,-0.288739,-0.166984,0.124821,-0.256511,0.270281,1.179586,0.061166,-0.296307,0.117395
-0.050185,1.671973,0.797562,0.028333,0.009199,0.752572,0.657835,0.016140,0.110170,0.079656,1.123863,-0.261662,-0.022876,-0.303749,-0.027816,-0.156014,0.552981,-0.310381,-0.116947,-0.148366,-0.023997,0.011925,-0.074690,0.205970,-0.258780,1.285639,0.065186,-0.279879,-0.168108,0.114782,-0.258648,0.284363,1.146874,0.050141,-0.315150,0.102358
-0.045239,1.709971,0.804481,0.034244,0.008680,0.733990,0.678240,-0.064014,0.090814,0.119676,1.085027,-0.323850,-0.006079,-0.215418,0.005573,-0.112952,0.496501,-0.323317,-0.108422,-0.099043,-0.034401,0.017878,-0.049870,0.197061,-0.240626,1.311937,0.070196,-0.272562,-0.164765,0.104273,-0.268644,0.297995,1.113917,0.020296,-0.329396,0.091588
-0.040225,1.747437,0.809415,0.041488,0.005368,0.713889,0.699008,-0.124765,0.081190,0.161549,0.983094,-0.360436,0.011164,-0.120306,0.035496,-0.057457,0.440109,-0.334733,-0.097744,-0.053336,-0.043807,0.032634,-0.020700,0.196657,-0.225063,1.316441,0.061124,-0.268524,-0.172931,0.091423,-0.275848,0.297283,1.081997,0.018647,-0.336702,0.082542
-0.035517,1.782751,0.811155,0.045216,0.001996,0.691771,0.720697,-0.184603,0.074347,0.185373,0.841089,-0.372778,0.017499,-0.041046,0.063435,0.002191,0.397785,-0.336924,-0.082740,-0.009250,-0.046855,0.045880,0.005055,0.197214,-0.220008,1.309728,0.056933,-0.265797,-0.196419,0.078119,-0.284763,0.294472,1.050926,0.029063,-0.346152,0.074542
-0.031331,1.817767,0.810080,0.046342,-0.004123,0.671849,0.739225,-0.235266,0.081149,0.201609,0.682175,-0.367332,0.012112,0.038795,0.086626,0.048624,0.364266,-0.356603,-0.074911,0.020973,-0.041635,0.061211,0.030973,0.199478,-0.226222,1.293620,0.049168,-0.274878,-0.204418,0.064674,-0.296419,0.293711,1.018169,0.039709,-0.356180,0.064114
-0.027850,1.851799,0.806443,0.046228,-0.011041,0.652760,0.756072,-0.281357,0.094124,0.202426,0.524243,-0.335513,0.006870,0.113149,0.103842,0.092256,0.340671,-0.383305,-0.066509,0.041263,-0.034065,0.078440,0.053598,0.198626,-0.238069,1.278108,0.044811,-0.280221,-0.198196,0.051458,-0.312012,0.302696,0.979989,0.053127,-0.364624,0.048104
-0.024030,1.886340,0.800614,0.044766,-0.017427,0.630053,0.775065,-0.319082,0.103373,0.160795,0.372051,-0.301017,-0.014762,0.180028,0.117045,0.141972,0.331629,-0.409015,-0.060693,0.067735,-0.024329,0.089699,0.080522,0.196793,-0.248289,1.259557,0.036400,-0.278492,-0.190045,0.046948,-0.330693,0.311325,0.947127,0.033050,-0.372972,0.025295
-0.019033,1.921717,0.793751,0.047110,-0.021582,0.605910,0.793844,-0.340379,0.109826,0.097499,0.241675,-0.293672,-0.027162,0.245284,0.111482,0.175462,0.333268,-0.439406,-0.042605,0.093626,-0.025988,0.103976,0.100187,0.196853,-0.247378,1.248109,0.020422,-0.277184,-0.189818,0.039635,-0.340879,0.312728,0.920998,0.056909,-0.376428,0.028869
-0.013277,1.957717,0.786202,0.053065,-0.023383,0.577414,0.814390,-0.344195,0.121118,0.033972,0.171692,-0.297407,-0.037024,0.297463,0.088204,0.198092,0.365209,-0.473923,-0.021138,0.123465,-0.042586,0.119278,0.119211,0.201570,-0.233598,1.234495,0.006885,-0.275388,-0.182951,0.032199,-0.342769,0.317894,0.910408,0.067946,-0.373997,0.025701
-0.007435,1.994262,0.778032,0.059221,-0.022527,0.547409,0.834463,-0.345835,0.134925,-0.022122,0.197100,-0.323653,-0.042247,0.328833,0.056843,0.224156,0.429251,-0.496716,0.009432,0.151361,-0.067169,0.128825,0.137943,0.211139,-0.213177,1.218879,0.002135,-0.282329,-0.183167,0.032107,-0.339174,0.318842,0.903576,0.056958,-0.375946,0.014791
-0.002299,2.032492,0.768217,0.051594,-0.021054,0.520231,0.852205,-0.367186,0.179769,-0.019153,0.305273,-0.325676,-0.103925,0.330190,0.040249,0.226266,0.516752,-0.512557,0.067498,0.165359,-0.070413,0.105288,0.131974,0.208757,-0.200674,1.257921,0.003895,-0.341317,-0.179631,0.053124,-0.345232,0.316576,0.899836,0.059175,-0.408079,-0.024951
0.002718,2.069195,0.761587,0.051972,-0.009947,0.501187,0.863720,-0.401402,0.176944,-0.008877,0.447026,-0.312616,-0.131389,0.289472,-0.002383,0.203060,0.664318,-0.483075,0.094573,0.154011,-0.097707,0.075956,0.136246,0.210812,-0.200094,1.275706,-0.005563,-0.355898,-0.177187,0.073320,-0.342678,0.319788,0.909903,0.046218,-0.408949,-0.023788
0.008311,2.101650,0.757899,0.054684,-0.001716,0.488865,0.870642,-0.416935,0.163874,0.003698,0.562030,-0.325977,-0.132200,0.224792,-0.049623,0.149412,0.847900,-0.430747,0.097083,0.122854,-0.130283,0.065653,0.122811,0.222210,-0.202150,1.294853,-0.013247,-0.355631,-0.166011,0.080150,-0.323140,0.324067,0.941488,0.035114,-0.397454,-0.021342
0.014521,2.129080,0.758286,0.049181,0.004091,0.469242,0.881689,-0.409383,0.182482,0.035268,0.628198,-0.364907,-0.116725,0.121501,-0.140641,0.039252,1.034209,-0.430745,0.038888,0.100394,-0.144939,0.061683,0.095671,0.247458,-0.212972,1.298070,-0.030596,-0.345740,-0.161778,0.076101,-0.301642,0.346506,0.985231,0.045699,-0.388075,-0.035177
0.022212,2.153035,0.763089,0.040072,0.007720,0.451577,0.891298,-0.381124,0.209977,0.069330,0.644605,-0.386684,-0.104270,0.021495,-0.180177,-0.035779,1.150718,-0.439041,-0.003367,0.059919,-0.144064,0.055496,0.067826,0.270536,-0.211197,1.304121,-0.032610,-0.343650,-0.155395,0.072708,-0.286594,0.370813,1.021074,0.069553,-0.382036,0.006750
0.033413,2.173647,0.770571,0.031622,0.012444,0.440889,0.896918,-0.340181,0.228867,0.093166,0.617086,-0.385291,-0.100062,-0.069508,-0.161954,-0.080939,1.190111,-0.444471,0.003727,-0.000108,-0.142042,0.046754,0.045943,0.293134,-0.210956,1.302429,-0.007441,-0.341961,-0.118484,0.078119,-0.272921,0.386652,1.045642,0.082634,-0.377536,0.046967
0.045482,2.192036,0.778962,0.020638,0.017747,0.431108,0.901890,-0.291334,0.249565,0.115382,0.559488,-0.374461,-0.103212,-0.156104,-0.155011,-0.151879,1.171745,-0.454985,0.019172,-0.058716,-0.131927,0.035348,0.024813,0.313990,-0.201646,1.293149,0.006270,-0.339044,-0.090228,0.087481,-0.268427,0.394749,1.068012,0.056137,-0.374581,0.080983
0.058473,2.209474,0.787528,0.009625,0.023030,0.418589,0.907833,-0.233146,0.272492,0.146750,0.488889,-0.361394,-0.116257,-0.232568,-0.177520,-0.244428,1.114538,-0.456290,0.025389,-0.110855,-0.114072,0.027113,0.008687,0.329664,-0.189847,1.275084,0.004876,-0.340607,-0.083689,0.104335,-0.270635,0.391622,1.075748,0.028901,-0.364636,0.100990
0.072596,2.226331,0.794265,0.003853,0.030224,0.401606,0.915305,-0.162622,0.284470,0.196430,0.408667,-0.347243,-0.135547,-0.305656,-0.213387,-0.318036,1.035741,-0.438656,0.040331,-0.154207,-0.099605,0.018871,0.001783,0.336851,-0.175195,1.246046,-0.004407,-0.342710,-0.079261,0.123430,-0.278983,0.381769,1.080632,0.025029,-0.356558,0.109703
0.087021,2.242567,0.797750,0.004317,0.036400,0.384453,0.922417,-0.087159,0.280989,0.244336,0.333981,-0.332864,-0.151162,-0.374483,-0.257051,-0.367495,0.947884,-0.420390,0.052688,-0.196969,-0.090996,0.015803,-0.004429,0.334784,-0.166114,1.218783,-0.013416,-0.342950,-0.072748,0.139698,-0.293533,0.363388,1.086911,0.024049,-0.348626,0.125335
0.102631,2.258090,0.798109,0.007207,0.040158,0.371419,0.927568,-0.015743,0.270119,0.280249,0.271827,-0.317324,-0.165045,-0.432027,-0.292305,-0.395051,0.837658,-0.401037,0.080786,-0.243890,-0.082038,0.021850,-0.015448,0.329084,-0.161843,1.190278,-0.019790,-0.344506,-0.074173,0.150788,-0.309231,0.338249,1.097054,0.018835,-0.341473,0.123820
0.119925,2.272616,0.795663,0.013083,0.041610,0.358123,0.932655,0.056280,0.254853,0.307471,0.222802,-0.311247,-0.173863,-0.482100,-0.316561,-0.392449,0.712464,-0.368895,0.106158,-0.285854,-0.077871,0.033379,-0.029144,0.321035,-0.163254,1.165852,-0.034756,-0.349128,-0.062008,0.159656,-0.321953,0.313666,1.109620,0.023918,-0.337541,0.111826
0.138499,2.285827,0.790941,0.019751,0.042780,0.345335,0.937296,0.123821,0.239064,0.335395,0.186010,-0.318259,-0.175894,-0.530173,-0.338721,-0.370632,0.591975,-0.329412,0.109051,-0.316792,-0.076354,0.042239,-0.052911,0.311810,-0.168593,1.154088,-0.048985,-0.356904,-0.051026,0.165050,-0.328579,0.292048,1.137580,0.029787,-0.334818,0.094575
0.158311,2.298237,0.783558,0.025661,0.046201,0.337319,0.939906,0.171626,0.226128,0.359103,0.171377,-0.345496,-0.167696,-0.579966,-0.366759,-0.343757,0.494543,-0.288418,0.117289,-0.351102,-0.072047,0.047326,-0.083313,0.304530,-0.174507,1.147763,-0.062758,-0.364384,-0.051882,0.165375,-0.334873,0.271144,1.169237,0.053091,-0.333287,0.096577
0.179722,2.309778,0.773780,0.030820,0.049940,0.334173,0.940683,0.206158,0.224213,0.390843,0.183145,-0.382306,-0.156005,-0.636828,-0.395957,-0.302759,0.471649,-0.271951,0.122571,-0.388875,-0.064677,0.055791,-0.116609,0.299760,-0.179828,1.140760,-0.074347,-0.366070,-0.052730,0.162697,-0.343017,0.237901,1.188584,0.065353,-0.320602,0.097693
0.204632,2.320475,0.763943,0.035992,0.048123,0.331818,0.941427,0.251567,0.232627,0.402597,0.201705,-0.405604,-0.152849,-0.683894,-0.410196,-0.245244,0.559418,-0.250191,0.126878,-0.419627,-0.057133,0.078149,-0.147833,0.295808,-0.184965,1.131402,-0.068787,-0.363546,-0.048149,0.162402,-0.351251,0.206591,1.194934,0.063645,-0.316618,0.088532
0.235354,2.328906,0.756834,0.034070,0.046017,0.327903,0.942975,0.289009,0.265511,0.381876,0.230949,-0.399791,-0.167143,-0.709952,-0.400497,-0.222084,0.698169,-0.277811,0.114823,-0.446961,-0.038700,0.091889,-0.159243,0.291263,-0.192344,1.130463,-0.068810,-0.357724,-0.037977,0.163295,-0.354547,0.196377,1.202923,0.055317,-0.315848,0.072864
0.271123,2.334002,0.753523,0.026833,0.050095,0.321163,0.945317,0.291711,0.314508,0.339261,0.294909,-0.360475,-0.187309,-0.723505,-0.357615,-0.207462,0.787113,-0.289693,0.092427,-0.469306,-0.011326,0.083063,-0.158893,0.284930,-0.196064,1.146570,-0.072643,-0.361981,-0.033900,0.160951,-0.351727,0.194278,1.215598,0.047766,-0.317819,0.058916
0.312311,2.336443,0.753793,0.024549,0.062031,0.305664,0.949800,0.268169,0.351099,0.308919,0.393352,-0.277007,-0.184804,-0.731627,-0.312684,-0.197329,0.845958,-0.312084,0.030861,-0.472876,0.003608,0.045597,-0.140153,0.280999,-0.194541,1.174162,-0.063705,-0.355579,-0.045552,0.163207,-0.343831,0.201921,1.226630,0.049624,-0.318275,0.054760
0.355498,2.336492,0.756879,0.023357,0.070017,0.280292,0.957073,0.226562,0.386280,0.284683,0.534781,-0.160152,-0.149323,-0.712054,-0.248955,-0.189740,0.870416,-0.361252,-0.033768,-0.450191,0.006273,0.016752,-0.121274,0.280298,-0.193793,1.212026,-0.077071,-0.356324,-0.055264,0.160449,-0.327808,0.216649,1.232551,0.055991,-0.317343,0.065015
0.396138,2.336133,0.762166,0.023277,0.070133,0.246520,0.966317,0.166875,0.399138,0.255433,0.708589,-0.119309,-0.089184,-0.661397,-0.170052,-0.168354,0.859053,-0.405538,-0.075495,-0.398409,-0.000087,0.011130,-0.116454,0.279977,-0.199459,1.254611,-0.090240,-0.349818,-0.070551,0.151877,-0.308883,0.230673,1.224315,0.067962,-0.309343,0.084085
0.434043,2.337845,0.769096,0.023926,0.069537,0.203358,0.976339,0.088437,0.338873,0.206813,0.866029,-0.193712,-0.066846,-0.596221,-0.086810,-0.123873,0.814732,-0.435163,-0.093405,-0.320256,-0.009321,0.013162,-0.114506,0.274129,-0.200204,1.283583,-0.062232,-0.346241,-0.077536,0.141327,-0.296122,0.252011,1.200826,0.062524,-0.309216,0.093747
0.470704,2.340336,0.778335,0.026321,0.070610,0.160522,0.984151,-0.009028,0.255342,0.187564,0.978562,-0.257096,-0.067073,-0.517184,-0.018742,-0.065046,0.741129,-0.446654,-0.093446,-0.237784,-0.020156,0.011892,-0.104412,0.262129,-0.197155,1.297633,-0.037769,-0.346050,-0.078538,0.126288,-0.288483,0.274057,1.174130,0.054796,-0.318734,0.095947
0.507216,2.343169,0.788834,0.029837,0.070998,0.125756,0.989067,-0.121540,0.174059,0.182388,1.029949,-0.304132,-0.065764,-0.419219,0.021343,-0.013079,0.641259,-0.442205,-0.075339,-0.167515,-0.029571,0.009704,-0.085280,0.243342,-0.199659,1.304794,-0.020315,-0.353018,-0.077804,0.114349,-0.286876,0.286355,1.143003,0.046020,-0.333661,0.088352
0.544940,2.345519,0.798136,0.032245,0.064729,0.094928,0.992854,-0.216991,0.115152,0.186503,1.010314,-0.342678,-0.059735,-0.295594,0.044903,0.024291,0.525815,-0.426857,-0.051653,-0.101988,-0.033752,0.023168,-0.064300,0.222579,-0.204882,1.305237,-0.017199,-0.358919,-0.086072,0.107623,-0.292473,0.282276,1.101229,0.035567,-0.346312,0.073290
0.583451,2.346799,0.804928,0.035132,0.047638,0.063836,0.996203,-0.272901,0.080437,0.205197,0.923826,-0.359129,-0.033529,-0.152246,0.058129,0.060072,0.420387,-0.401096,-0.043860,-0.040850,-0.044584,0.067508,-0.023851,0.220617,-0.204325,1.261881,-0.028666,-0.325625,-0.106224,0.083067,-0.294980,0.293864,1.068649,0.040112,-0.350096,0.070067
0.621521,2.348862,0.807059,0.035144,0.034805,0.036600,0.998105,-0.331741,0.072199,0.238687,0.802654,-0.356866,-0.009507,-0.029800,0.066441,0.094524,0.337295,-0.382735,-0.025807,0.009628,-0.045949,0.103077,0.004651,0.214693,-0.200119,1.235900,-0.043086,-0.315119,-0.128772,0.057784,-0.301684,0.300064,1.035847,0.061135,-0.358358,0.061631
0.659212,2.351607,0.804108,0.031512,0.028643,0.010359,0.999039,-0.392972,0.072824,0.268212,0.644842,-0.336391,-0.002413,0.071216,0.074706,0.126265,0.267698,-0.375593,-0.008846,0.052926,-0.038431,0.122781,0.025983,0.205184,-0.198224,1.227784,-0.055603,-0.313721,-0.147838,0.033759,-0.313842,0.303532,1.000181,0.076680,-0.365740,0.049811
0.697850,2.354620,0.797007,0.026172,0.023106,-0.014145,0.999290,-0.437364,0.068686,0.270961,0.452710,-0.293954,-0.016563,0.169998,0.079593,0.146011,0.207726,-0.382234,0.004526,0.091036,-0.028320,0.137448,0.050069,0.200198,-0.209034,1.220445,-0.058065,-0.313504,-0.163081,0.012205,-0.329409,0.310107,0.966046,0.081784,-0.367146,0.041942
0.737999,2.357578,0.787148,0.022443,0.018129,-0.039579,0.998800,-0.465859,0.064856,0.251944,0.262618,-0.272933,-0.028238,0.265203,0.074132,0.173529,0.158781,-0.386378,0.017179,0.130867,-0.023835,0.147923,0.072905,0.199621,-0.219508,1.214863,-0.056617,-0.313950,-0.177697,-0.007732,-0.342939,0.316663,0.941165,0.085407,-0.367688,0.039534
0.779771,2.360222,0.776168,0.019257,0.015983,-0.061703,0.997781,-0.491946,0.074520,0.252739,0.143891,-0.271495,-0.032194,0.341379,0.065074,0.219032,0.141711,-0.387750,0.045022,0.165971,-0.022646,0.150229,0.086327,0.202694,-0.229722,1.215672,-0.045575,-0.313513,-0.185547,-0.026904,-0.351680,0.318211,0.931530,0.088958,-0.369976,0.028718
0.823429,2.363083,0.766472,0.017953,0.016053,-0.081003,0.996423,-0.515617,0.089841,0.285758,0.137771,-0.284538,-0.027825,0.391033,0.052834,0.275890,0.171658,-0.381409,0.075251,0.198582,-0.026795,0.145954,0.088124,0.205531,-0.237052,1.226229,-0.028120,-0.309740,-0.193006,-0.043363,-0.355125,0.313024,0.941034,0.098686,-0.367774,0.023934
0.870318,2.365902,0.759100,0.022680,0.018742,-0.093278,0.995205,-0.544496,0.078708,0.281998,0.233900,-0.268703,-0.016349,0.421760,0.032098,0.319388,0.233585,-0.335899,0.112578,0.219596,-0.045313,0.130961,0.088033,0.206569,-0.240887,1.246193,-0.013311,-0.312453,-0.204775,-0.043584,-0.353237,0.305348,0.964778,0.077172,-0.369025,0.007725
0.919290,2.369178,0.756048,0.034641,0.027867,-0.091717,0.994792,-0.594848,0.047843,0.261694,0.393713,-0.228223,0.017491,0.411435,0.011055,0.329818,0.342864,-0.235146,0.167951,0.216010,-0.082792,0.100399,0.079576,0.210243,-0.251963,1.274358,0.000708,-0.317195,-0.212387,-0.031536,-0.339758,0.290161,1.000726,0.059747,-0.365042,-0.009497
0.969244,2.371672,0.757481,0.044506,0.032316,-0.080368,0.995247,-0.610643,0.005819,0.240747,0.528851,-0.217580,0.045445,0.370414,0.014516,0.314380,0.508766,-0.076227,0.237637,0.200268,-0.113476,0.081940,0.052253,0.216245,-0.270452,1.308400,0.008975,-0.318764,-0.219586,-0.018184,-0.322006,0.277027,1.050702,0.050475,-0.354860,-0.022556
1.016845,2.372198,0.763483,0.038783,0.041006,-0.069850,0.995959,-0.596354,-0.014727,0.202595,0.596340,-0.259011,0.090329,0.258774,0.031946,0.235849,0.727226,0.119112,0.260198,0.186817,-0.112378,0.044003,0.016995,0.219787,-0.322461,1.342129,-0.016980,-0.344677,-0.202180,0.016448,-0.309562,0.274551,1.082269,0.069693,-0.345170,-0.022493
1.061617,2.378491,0.772458,0.032680,0.043621,-0.060973,0.996650,-0.539642,-0.040234,0.179271,0.603884,-0.297673,0.126913,0.115537,-0.000964,0.150138,0.942902,0.119767,0.226048,0.159440,-0.098702,0.024272,-0.008583,0.221793,-0.334590,1.337107,-0.019412,-0.351521,-0.189873,0.036396,-0.305252,0.280493,1.107599,0.075828,-0.333935,0.007735
1.104551,2.384708,0.784070,0.024637,0.040221,-0.046222,0.997817,-0.442295,-0.064218,0.151012,0.549639,-0.312145,0.136893,-0.021405,-0.050572,0.058148,1.085527,0.004596,0.143099,0.112641,-0.072791,0.024839,-0.034316,0.219732,-0.319142,1.312785,-0.013697,-0.348524,-0.167264,0.044913,-0.304915,0.290330,1.129165,0.063321,-0.332932,0.039447
1.147194,2.388457,0.795659,0.013278,0.033862,-0.029395,0.998906,-0.330593,-0.076758,0.102984,0.479971,-0.317995,0.131427,-0.136477,-0.091068,-0.035429,1.141336,-0.108241,0.067814,0.058713,-0.039427,0.038078,-0.062631,0.220366,-0.289571,1.271406,0.003729,-0.328580,-0.149414,0.047797,-0.304165,0.306186,1.152072,0.067372,-0.340578,0.064814
1.189080,2.391751,0.805310,0.004646,0.027861,-0.009971,0.999551,-0.218628,-0.083291,0.069936,0.402523,-0.319062,0.121231,-0.234303,-0.114735,-0.105766,1.114995,-0.182307,0.034921,0.002934,-0.009660,0.049385,-0.089105,0.220982,-0.271705,1.223987,0.001728,-0.320370,-0.132485,0.059211,-0.309987,0.309404,1.166498,0.075223,-0.341448,0.079905
1.230549,2.393313,0.811315,-0.001415,0.024036,0.013851,0.999614,-0.114302,-0.086094,0.041098,0.328001,-0.318511,0.102234,-0.315947,-0.120165,-0.152643,1.014842,-0.229367,0.030854,-0.055674,0.013423,0.052377,-0.112769,0.225697,-0.268737,1.174624,-0.004327,-0.328002,-0.117544,0.080254,-0.319909,0.304376,1.171433,0.073228,-0.336722,0.092490
1.272684,2.393945,0.813171,-0.004093,0.017379,0.036170,0.999186,-0.004861,-0.087160,0.008216,0.259333,-0.321231,0.076790,-0.363750,-0.130440,-0.196326,0.848302,-0.245499,0.044181,-0.109257,0.027866,0.063922,-0.134588,0.235713,-0.266653,1.120659,-0.015075,-0.343098,-0.113608,0.102493,-0.330888,0.294474,1.170942,0.069297,-0.333089,0.101184
1.314922,2.393814,0.810544,-0.002350,0.010351,0.057163,0.998308,0.101925,-0.088660,-0.029761,0.199086,-0.332068,0.055408,-0.391207,-0.147919,-0.233733,0.638072,-0.246446,0.069454,-0.156254,0.029226,0.076611,-0.158294,0.253406,-0.271626,1.065806,-0.018632,-0.362286,-0.108373,0.124532,-0.338104,0.280930,1.170155,0.068131,-0.329073,0.105230
1.357148,2.393286,0.803759,0.002505,0.006149,0.078857,0.996864,0.195200,-0.089651,-0.064801,0.156591,-0.351373,0.037642,-0.412932,-0.163413,-0.245054,0.405708,-0.235971,0.100110,-0.198980,0.022209,0.081265,-0.185213,0.271189,-0.277861,1.018393,-0.012428,-0.375763,-0.104926,0.149956,-0.341031,0.257201,1.168933,0.058832,-0.324326,0.109123
1.399503,2.392933,0.793956,0.008718,0.004971,0.095408,0.995388,0.275200,-0.089833,-0.094999,0.130051,-0.376624,0.023186,-0.442989,-0.176970,-0.232209,0.203021,-0.236774,0.126396,-0.229775,0.009139,0.081916,-0.210486,0.287924,-0.278835,0.978485,-0.013392,-0.387566,-0.100296,0.172300,-0.339476,0.234272,1.167763,0.053687,-0.320790,0.113127
1.442549,2.392131,0.782721,0.013081,0.005377,0.106602,0.994201,0.341297,-0.082403,-0.119428,0.128112,-0.404536,0.008560,-0.480212,-0.190228,-0.225863,0.093629,-0.243091,0.147176,-0.249525,-0.000217,0.081856,-0.230583,0.300966,-0.271355,0.948479,-0.018226,-0.392469,-0.098902,0.189293,-0.339252,0.218596,1.166752,0.045315,-0.314594,0.117440
1.486937,2.391230,0.772363,0.012255,0.003467,0.118454,0.992878,0.392084,-0.061337,-0.156290,0.166576,-0.423381,-0.013377,-0.505739,-0.195885,-0.221491,0.107679,-0.261745,0.143591,-0.270280,0.002150,0.082309,-0.238742,0.306096,-0.264582,0.934790,-0.026821,-0.392023,-0.092440,0.204183,-0.340920,0.211038,1.172243,0.045497,-0.308643,0.119808
1.534225,2.390193,0.763684,0.009008,0.000097,0.125578,0.992043,0.431447,-0.037439,-0.188434,0.240362,-0.417018,-0.042722,-0.520752,-0.189048,-0.212998,0.223582,-0.267768,0.120461,-0.282490,0.010627,0.082850,-0.237918,0.298450,-0.250357,0.945067,-0.039236,-0.390505,-0.082720,0.208215,-0.342494,0.207720,1.192803,0.044676,-0.303816,0.119850
1.583469,2.388431,0.758871,0.003717,0.003126,0.124008,0.992269,0.432685,-0.018000,-0.195205,0.357767,-0.365344,-0.073505,-0.552291,-0.164270,-0.179375,0.375511,-0.200101,0.082781,-0.276558,0.026165,0.063249,-0.224533,0.278853,-0.236983,0.978746,-0.035334,-0.384047,-0.075384,0.210465,-0.341703,0.205374,1.221937,0.038918,-0.297126,0.121618
1.634104,2.386659,0.759133,-0.007479,0.002751,0.116462,0.993163,0.401745,0.005622,-0.174625,0.533180,-0.238224,-0.121634,-0.552194,-0.113309,-0.154095,0.497145,-0.162609,0.045941,-0.261634,0.054506,0.050721,-0.199584,0.256550,-0.227052,1.031411,-0.023607,-0.374854,-0.080684,0.203008,-0.342882,0.208634,1.257104,0.029850,-0.288025,0.122733
1.682077,2.384608,0.762810,-0.012865,-0.000785,0.105463,0.994340,0.331040,0.019087,-0.135876,0.747878,-0.094316,-0.147592,-0.517808,-0.066806,-0.135511,0.574244,-0.196544,-0.006219,-0.238833,0.065818,0.048795,-0.170875,0.238103,-0.224015,1.090614,-0.028108,-0.363682,-0.095411,0.183961,-0.340503,0.213766,1.279760,0.028896,-0.280345,0.123938
1.725714,2.382282,0.768874,-0.009384,0.000248,0.097855,0.995156,0.211422,0.042567,-0.072738,0.958953,-0.087369,-0.119566,-0.471679,-0.047408,-0.121862,0.608361,-0.252471,-0.051504,-0.210564,0.054203,0.045618,-0.157188,0.226839,-0.233726,1.150403,-0.020784,-0.350552,-0.115524,0.163620,-0.330582,0.210713,1.273635,0.031132,-0.285139,0.119657
1.766359,2.380656,0.777277,-0.001237,0.002683,0.089197,0.996010,0.081643,0.067527,0.000231,1.096303,-0.168098,-0.069751,-0.410436,-0.041934,-0.110621,0.596851,-0.284170,-0.071307,-0.171419,0.032655,0.043331,-0.146221,0.221954,-0.251630,1.201000,-0.002589,-0.339650,-0.131700,0.144866,-0.321890,0.216537,1.243371,0.039056,-0.297935,0.109514
1.806559,2.379829,0.786414,0.007597,0.003886,0.077523,0.996954,-0.031990,0.081019,0.067939,1.135174,-0.253896,-0.028482,-0.336220,-0.035642,-0.091092,0.559758,-0.303117,-0.079101,-0.126850,0.009970,0.044361,-0.124654,0.220816,-0.260511,1.237570,0.010954,-0.332053,-0.139892,0.126235,-0.319193,0.234490,1.193566,0.049496,-0.315869,0.092830
1.847159,2.379512,0.795063,0.013984,0.000902,0.064237,0.997836,-0.116099,0.089918,0.132655,1.082514,-0.318609,-0.004624,-0.240056,-0.026989,-0.073725,0.498383,-0.313600,-0.071086,-0.083069,-0.008683,0.055160,-0.090133,0.222330,-0.251271,1.259404,0.008374,-0.325068,-0.144507,0.106938,-0.319934,0.249715,1.133475,0.053924,-0.334024,0.074304
1.887347,2.379864,0.801812,0.018110,-0.004358,0.051105,0.998520,-0.173657,0.100961,0.202211,0.954445,-0.350689,0.007275,-0.137508,-0.018090,-0.054712,0.430889,-0.317146,-0.055269,-0.043209,-0.023207,0.073651,-0.053300,0.227030,-0.236180,1.272539,-0.009234,-0.319260,-0.147619,0.083701,-0.322605,0.258698,1.068503,0.062462,-0.346820,0.057253
1.926289,2.381037,0.805257,0.018450,-0.008287,0.040219,0.998986,-0.216197,0.117431,0.280194,0.773212,-0.356194,0.008195,-0.041473,-0.008348,-0.042872,0.364291,-0.320260,-0.036338,-0.010397,-0.029692,0.090401,-0.018550,0.233671,-0.228184,1.278344,-0.021273,-0.313359,-0.153953,0.057781,-0.330480,0.264923,1.002964,0.065683,-0.354817,0.050277
1.964162,2.383365,0.804659,0.014042,-0.010240,0.027767,0.999463,-0.251201,0.129991,0.346240,0.558853,-0.336337,-0.004478,0.046231,0.006262,-0.031023,0.304212,-0.323624,-0.014615,0.020841,-0.024497,0.102143,0.015483,0.240130,-0.228293,1.280656,-0.025631,-0.308530,-0.158038,0.031550,-0.341032,0.270270,0.942147,0.085495,-0.362997,0.042351
2.002054,2.386769,0.800411,0.007087,-0.012133,0.011969,0.999830,-0.281332,0.127718,0.365981,0.335486,-0.306249,-0.029687,0.129797,0.023090,-0.008738,0.252098,-0.335161,0.005125,0.056056,-0.011379,0.111791,0.050565,0.243676,-0.235977,1.279595,-0.029188,-0.308118,-0.153230,0.007042,-0.354266,0.277413,0.888176,0.111153,-0.375435,0.027903
2.040408,2.390645,0.793367,0.000326,-0.013302,-0.003720,0.999905,-0.315619,0.120813,0.342840,0.149148,-0.278916,-0.050875,0.205294,0.034285,0.015135,0.216492,-0.358059,0.021083,0.088978,0.002736,0.120648,0.081119,0.243031,-0.239018,1.279158,-0.034127,-0.303126,-0.151935,-0.019018,-0.373622,0.285858,0.840603,0.123463,-0.380666,0.021656
2.079081,2.394186,0.784114,-0.004796,-0.013824,-0.018379,0.999724,-0.351851,0.123151,0.318690,0.045978,-0.259190,-0.067040,0.266222,0.038237,0.042654,0.211341,-0.383284,0.035592,0.119916,0.011804,0.130275,0.100019,0.242301,-0.237360,1.285071,-0.034565,-0.298179,-0.151010,-0.049397,-0.392212,0.290561,0.807461,0.117574,-0.382044,0.006072
2.119024,2.397855,0.774786,-0.006992,-0.014132,-0.032320,0.999353,-0.384927,0.133043,0.310051,0.055877,-0.262927,-0.064082,0.311388,0.034195,0.079252,0.240458,-0.402948,0.047357,0.151045,0.013178,0.135641,0.108968,0.240917,-0.230315,1.298043,-0.031551,-0.294146,-0.153287,-0.071879,-0.402224,0.286089,0.791443,0.098908,-0.387019,-0.020567
2.161121,2.402859,0.766103,-0.004056,-0.014559,-0.044383,0.998900,-0.410842,0.129767,0.298760,0.154170,-0.282614,-0.054118,0.346857,0.013830,0.106716,0.295924,-0.406387,0.073197,0.181322,0.002264,0.134865,0.113953,0.241275,-0.223140,1.314136,-0.030011,-0.294140,-0.160605,-0.079186,-0.399685,0.273470,0.796963,0.091821,-0.388721,-0.037377
2.206023,2.409545,0.759815,0.003822,-0.011391,-0.051191,0.998617,-0.435612,0.097409,0.248823,0.268058,-0.242501,-0.031746,0.362371,-0.016369,0.129562,0.379356,-0.371276,0.102313,0.200423,-0.019879,0.115962,0.121364,0.238215,-0.209326,1.334149,-0.030881,-0.298472,-0.172512,-0.067017,-0.388683,0.262326,0.821235,0.085644,-0.387598,-0.041889
2.252063,2.417411,0.758038,0.015633,-0.002688,-0.048127,0.998715,-0.466936,0.053043,0.216008,0.394995,-0.195647,0.009115,0.331806,-0.052222,0.123214,0.519113,-0.264205,0.136215,0.198219,-0.052650,0.082322,0.119248,0.233513,-0.202713,1.360903,-0.014240,-0.302251,-0.180331,-0.047868,-0.367356,0.253638,0.867936,0.062409,-0.385692,-0.052985
2.296488,2.425085,0.759668,0.026034,0.001717,-0.037107,0.998971,-0.467563,0.001197,0.196449,0.492566,-0.203260,0.055230,0.270034,-0.075171,0.105632,0.703480,-0.103822,0.163388,0.180605,-0.080033,0.062622,0.101675,0.230709,-0.211374,1.381814,-0.001991,-0.306718,-0.185119,-0.032133,-0.339769,0.253063,0.936801,0.066357,-0.380845,-0.056316
2.337711,2.432840,0.764351,0.027961,0.003874,-0.028574,0.999193,-0.431659,-0.036731,0.173524,0.527293,-0.240445,0.096818,0.173814,-0.099156,0.074179,0.902129,0.015872,0.156773,0.159169,-0.086241,0.052452,0.073891,0.225919,-0.221549,1.385131,-0.001956,-0.308045,-0.186091,-0.024734,-0.315719,0.264283,1.006424,0.087705,-0.365040,-0.032195
2.376330,2.440409,0.772062,0.023469,0.004533,-0.023097,0.999447,-0.367235,-0.054030,0.158673,0.511805,-0.274171,0.118318,0.060329,-0.137833,0.017583,1.061912,0.001477,0.114983,0.134605,-0.073146,0.046037,0.045781,0.219555,-0.228585,1.365866,-0.010418,-0.307439,-0.184955,-0.019419,-0.301878,0.279390,1.064564,0.096632,-0.348816,0.011183
2.413957,2.446490,0.781040,0.015603,0.003058,-0.012490,0.999796,-0.287227,-0.064852,0.130004,0.469372,-0.292355,0.121111,-0.043427,-0.164116,-0.045742,1.143193,-0.083331,0.065721,0.096107,-0.049443,0.041701,0.022673,0.217800,-0.239450,1.327026,-0.004085,-0.310539,-0.174801,-0.007234,-0.295231,0.291268,1.108452,0.090516,-0.335509,0.058053
2.451637,2.451378,0.789683,0.008065,0.000926,0.004968,0.999955,-0.202190,-0.073857,0.093759,0.415378,-0.300029,0.114826,-0.129849,-0.172605,-0.105372,1.146203,-0.153201,0.032531,0.044159,-0.026670,0.039561,-0.002852,0.220534,-0.243970,1.281920,0.002568,-0.314955,-0.170993,0.014766,-0.291856,0.297009,1.135555,0.080007,-0.325923,0.095533
2.488381,2.454994,0.796438,0.002252,-0.001964,0.025906,0.999660,-0.113948,-0.078871,0.059987,0.353970,-0.300469,0.097238,-0.198407,-0.168709,-0.159063,1.077439,-0.212809,0.021849,-0.010590,-0.007443,0.043792,-0.032844,0.227429,-0.244350,1.230440,-0.003372,-0.318513,-0.168192,0.044742,-0.289801,0.292568,1.147632,0.078770,-0.318276,0.114362
2.523619,2.457505,0.800176,-0.001077,-0.005461,0.046841,0.998887,-0.028203,-0.081370,0.024457,0.297208,-0.299175,0.072317,-0.251139,-0.162774,-0.207047,0.946938,-0.255449,0.031052,-0.060729,0.006420,0.052957,-0.063959,0.239884,-0.250173,1.174391,-0.012517,-0.327314,-0.161928,0.077575,-0.288584,0.282127,1.150608,0.088932,-0.312571,0.119305
2.558884,2.459675,0.800844,-0.000931,-0.009585,0.067050,0.997703,0.057903,-0.084972,-0.013535,0.242657,-0.302112,0.049399,-0.284553,-0.163460,-0.249417,0.767766,-0.269966,0.049018,-0.106609,0.011563,0.062668,-0.093815,0.254664,-0.256333,1.119065,-0.020481,-0.340142,-0.153106,0.109658,-0.288057,0.274579,1.154150,0.098645,-0.309715,0.124155
2.594125,2.461243,0.798204,0.002837,-0.012730,0.085764,0.996230,0.140966,-0.090193,-0.045795,0.190878,-0.309689,0.033799,-0.306549,-0.167494,-0.277030,0.556585,-0.262280,0.074989,-0.146768,0.007123,0.070209,-0.126146,0.270862,-0.261940,1.070651,-0.022226,-0.354074,-0.146393,0.137687,-0.285730,0.268185,1.161272,0.097895,-0.308494,0.129718
2.629221,2.462421,0.792553,0.009396,-0.012422,0.100182,0.994847,0.209769,-0.097357,-0.069207,0.156380,-0.327875,0.024602,-0.334316,-0.172999,-0.286102,0.341976,-0.247921,0.098804,-0.174664,-0.004122,0.069615,-0.160684,0.287701,-0.268821,1.033361,-0.019035,-0.367511,-0.143094,0.162852,-0.282135,0.259945,1.170121,0.088672,-0.305857,0.137204
2.664873,2.463238,0.784683,0.015888,-0.008529,0.110832,0.993676,0.263333,-0.102029,-0.089146,0.141116,-0.355657,0.015105,-0.372116,-0.175053,-0.277041,0.158532,-0.241813,0.129988,-0.193660,-0.015626,0.062177,-0.190794,0.300675,-0.268085,1.002859,-0.015019,-0.375637,-0.134187,0.183656,-0.278726,0.247956,1.179330,0.077057,-0.299876,0.148014
2.701366,2.463610,0.775932,0.019497,-0.005062,0.119998,0.992570,0.308593,-0.097408,-0.110831,0.146850,-0.384335,-0.000075,-0.407466,-0.171865,-0.261196,0.050823,-0.247132,0.156996,-0.209303,-0.021718,0.054608,-0.208359,0.309231,-0.262248,0.977318,-0.014838,-0.382746,-0.119868,0.203241,-0.275871,0.236207,1.188895,0.068828,-0.294663,0.153931
2.739029,2.463819,0.767696,0.020133,-0.006295,0.128540,0.991480,0.351622,-0.084109,-0.142957,0.179163,-0.407635,-0.013155,-0.432885,-0.168035,-0.242631,0.066680,-0.266034,0.152530,-0.225319,-0.022610,0.056311,-0.216385,0.313597,-0.252319,0.962845,-0.017817,-0.385016,-0.103807,0.213905,-0.274849,0.231965,1.204886,0.066139,-0.289940,0.155204
2.778909,2.463990,0.760237,0.019699,-0.011041,0.134327,0.990680,0.389355,-0.068525,-0.168652,0.243749,-0.419490,-0.029446,-0.448750,-0.162232,-0.221080,0.178644,-0.275686,0.129625,-0.239996,-0.021004,0.064262,-0.216075,0.310174,-0.235552,0.964331,-0.021885,-0.379931,-0.089946,0.209740,-0.276532,0.232340,1.230863,0.063520,-0.284340,0.154992
2.820663,2.463700,0.755176,0.015624,-0.009073,0.136294,0.990504,0.391275,-0.050517,-0.178021,0.350866,-0.403744,-0.056952,-0.473680,-0.145632,-0.193527,0.308780,-0.228059,0.094461,-0.245129,-0.009613,0.049301,-0.201499,0.295378,-0.221867,0.987222,-0.020246,-0.375384,-0.080810,0.210259,-0.278303,0.229437,1.256227,0.056025,-0.280725,0.150353
2.862867,2.463304,0.754093,0.006813,-0.008200,0.132519,0.991123,0.367127,-0.026129,-0.164304,0.499450,-0.332769,-0.099849,-0.480685,-0.111274,-0.174556,0.415617,-0.173919,0.058687,-0.235806,0.014303,0.033247,-0.177911,0.272378,-0.213341,1.032222,-0.016141,-0.370638,-0.080263,0.209937,-0.282568,0.222070,1.281012,0.052048,-0.276026,0.143507
2.903070,2.462273,0.755813,0.002415,-0.012767,0.122242,0.992415,0.322484,-0.014469,-0.135611,0.677615,-0.216167,-0.140880,-0.454489,-0.073039,-0.160861,0.486117,-0.171780,0.016251,-0.210473,0.026666,0.032130,-0.150518,0.250830,-0.213606,1.085703,-0.018914,-0.362136,-0.089406,0.197860,-0.285459,0.218306,1.302588,0.057387,-0.271255,0.136536
2.939144,2.459937,0.759444,0.005395,-0.014725,0.115165,0.993223,0.230856,0.006342,-0.079913,0.878979,-0.141650,-0.135078,-0.418617,-0.054334,-0.153282,0.525998,-0.199784,-0.029379,-0.184127,0.019975,0.036603,-0.133424,0.234287,-0.227383,1.138664,-0.021773,-0.347215,-0.105687,0.176281,-0.283357,0.217732,1.302741,0.062416,-0.269404,0.124977
2.972429,2.457820,0.765599,0.009798,-0.014208,0.113970,0.993334,0.113294,0.061624,0.005312,1.051074,-0.160921,-0.083227,-0.370435,-0.046656,-0.151328,0.529485,-0.229296,-0.066407,-0.160008,0.009288,0.041044,-0.127697,0.221019,-0.252936,1.191444,-0.006324,-0.333652,-0.129811,0.148140,-0.279091,0.219929,1.291759,0.070324,-0.277164,0.113450
3.004893,2.456703,0.773059,0.014760,-0.013069,0.109908,0.993746,0.003237,0.108843,0.083414,1.142706,-0.216635,-0.030026,-0.311429,-0.036395,-0.138839,0.503681,-0.254052,-0.085901,-0.125988,-0.003026,0.042386,-0.118761,0.212057,-0.280768,1.237526,0.028292,-0.321540,-0.154265,0.118160,-0.277232,0.230149,1.270894,0.071314,-0.289804,0.107509
3.036933,2.456367,0.780384,0.019523,-0.014816,0.100165,0.994669,-0.084410,0.117356,0.132218,1.145579,-0.261245,-0.004618,-0.238929,-0.022527,-0.121236,0.458630,-0.271179,-0.085355,-0.080065,-0.015054,0.049053,-0.098021,0.208152,-0.299578,1.269293,0.056541,-0.310063,-0.168677,0.092588,-0.279541,0.245052,1.232167,0.068562,-0.301778,0.098554
3.068102,2.456698,0.786282,0.023118,-0.019092,0.085674,0.995872,-0.148737,0.105603,0.170124,1.069233,-0.297236,0.001944,-0.159319,-0.008333,-0.103107,0.405450,-0.280782,-0.075208,-0.023689,-0.024300,0.062002,-0.069060,0.207913,-0.304908,1.288430,0.056384,-0.303774,-0.176553,0.068977,-0.283690,0.253744,1.183848,0.077482,-0.315401,0.086686
3.098081,2.457470,0.789866,0.024572,-0.024716,0.070049,0.996935,-0.190421,0.095688,0.212014,0.922459,-0.320074,-0.000978,-0.080375,0.004943,-0.087041,0.355664,-0.287887,-0.061352,0.031391,-0.027871,0.079292,-0.033591,0.213253,-0.301930,1.290919,0.036977,-0.299709,-0.186106,0.043296,-0.290454,0.256902,1.130832,0.096775,-0.324214,0.076732
3.127477,2.458588,0.790843,0.021746,-0.030458,0.056868,0.997680,-0.218235,0.095389,0.250942,0.730418,-0.323044,-0.010009,0.000327,0.022137,-0.079744,0.302097,-0.302378,-0.049282,0.076426,-0.021145,0.093753,0.005157,0.219364,-0.292732,1.283025,0.027511,-0.291308,-0.191666,0.011912,-0.302179,0.264342,1.089950,0.112729,-0.336076,0.068715
3.155981,2.460210,0.788537,0.014810,-0.033104,0.046557,0.998257,-0.241387,0.101678,0.287770,0.518619,-0.279406,-0.026678,0.074765,0.045047,-0.075188,0.246532,-0.317428,-0.043113,0.110114,-0.005083,0.099330,0.042294,0.222372,-0.282020,1.274242,0.028935,-0.289891,-0.191106,-0.025291,-0.318958,0.275855,1.057825,0.120540,-0.348958,0.059340
3.184536,2.462006,0.783345,0.004461,-0.035474,0.041215,0.998510,-0.259931,0.110717,0.325305,0.324633,-0.162122,-0.054329,0.149137,0.073909,-0.070444,0.193257,-0.333904,-0.046562,0.131205,0.017871,0.102188,0.076803,0.225187,-0.278646,1.266687,0.026263,-0.292228,-0.191124,-0.062831,-0.337042,0.286729,1.029079,0.125457,-0.353486,0.047927
3.214310,2.463759,0.776251,-0.005463,-0.038406,0.039968,0.998448,-0.276184,0.106371,0.320700,0.176222,-0.038713,-0.086786,0.220341,0.101803,-0.062949,0.155123,-0.359868,-0.050662,0.144717,0.039208,0.103329,0.106315,0.226213,-0.275551,1.266948,0.025207,-0.289975,-0.189544,-0.098968,-0.355141,0.297347,1.012663,0.108935,-0.355557,0.034281
3.244459,2.465113,0.768738,-0.011415,-0.040035,0.040673,0.998305,-0.288333,0.101593,0.323205,0.096450,0.034115,-0.102516,0.277409,0.119343,-0.061130,0.142466,-0.384836,-0.044754,0.160627,0.050571,0.098552,0.125775,0.227166,-0.269069,1.277636,0.031635,-0.284743,-0.190961,-0.127600,-0.368429,0.301880,1.011040,0.081163,-0.357679,0.027479
3.275387,2.466311,0.761394,-0.012940,-0.039470,0.043620,0.998184,-0.291400,0.107792,0.383925,0.087710,0.074047,-0.088191,0.320219,0.126240,-0.065141,0.154371,-0.412548,-0.038852,0.175547,0.050508,0.084983,0.140982,0.231121,-0.258481,1.292129,0.043118,-0.276969,-0.194182,-0.142127,-0.373131,0.299364,1.019263,0.066367,-0.357747,0.018944
3.307713,2.468351,0.753777,-0.014205,-0.034358,0.048521,0.998130,-0.294958,0.114578,0.447396,0.134768,0.103785,-0.089205,0.341505,0.132960,-0.066207,0.193087,-0.439242,-0.032257,0.190552,0.044875,0.064503,0.138979,0.236859,-0.242570,1.315690,0.058773,-0.269133,-0.196646,-0.155272,-0.368120,0.286777,1.045335,0.055730,-0.354126,0.000806
3.341735,2.471285,0.747333,-0.010731,-0.029857,0.051162,0.998186,-0.292587,0.096868,0.438821,0.199467,0.075067,-0.074366,0.352966,0.123744,-0.067595,0.261416,-0.450899,-0.015029,0.212302,0.029866,0.044343,0.137357,0.244299,-0.223273,1.334564,0.068863,-0.265475,-0.203121,-0.156024,-0.357995,0.269761,1.080753,0.051404,-0.355479,0.002894
3.376183,2.475000,0.743539,0.001005,-0.023344,0.057112,0.998094,-0.298168,0.062121,0.401217,0.271009,-0.019301,0.006303,0.334922,0.089907,-0.082658,0.387698,-0.439152,0.018483,0.227342,-0.005725,0.018582,0.142385,0.256720,-0.206773,1.344119,0.073218,-0.262709,-0.209106,-0.138754,-0.341263,0.255321,1.109692,0.051218,-0.355545,0.017749
3.409433,2.479403,0.742545,0.014628,-0.014346,0.071019,0.997264,-0.316570,0.025576,0.372420,0.362433,-0.098334,0.057316,0.272289,0.051484,-0.100229,0.577310,-0.363868,0.070455,0.229337,-0.052717,-0.005523,0.130577,0.273046,-0.199449,1.359188,0.073113,-0.264708,-0.213581,-0.120535,-0.310361,0.239602,1.136293,0.052745,-0.347151,0.036535
