0.000000,0.000000,0.796303,-0.000496,0.021259,0.418928,0.907770,0.071681,-0.043672,0.131282,-0.015796,-0.239030,0.020421,0.021995,0.001690,-0.098290,0.058228,-0.235477,0.047738,-0.022096,0.010831,-0.029536,0.030066,0.183555,-0.299460,1.185398,0.065160,-0.235224,-0.128621,0.081720,-0.217646,0.310437,1.186024,0.002255,-0.213295,0.100116
-0.000020,-0.000603,0.796792,-0.001067,0.021688,0.424005,0.905399,0.066890,-0.042109,0.132173,-0.004537,-0.241703,0.024028,0.016849,0.004203,-0.098217,0.063356,-0.241735,0.042370,-0.034806,0.011524,-0.014545,-0.028238,0.183079,-0.285120,1.229944,0.050453,-0.245681,-0.151704,0.030630,-0.216763,0.308716,1.229852,0.020251,-0.211844,0.124369
0.000469,-0.000328,0.796279,0.000034,0.018190,0.422781,0.906049,0.079141,-0.041152,0.129351,-0.008717,-0.246048,0.029028,0.025822,0.004718,-0.094993,0.062707,-0.252373,0.031156,-0.029005,0.019475,-0.012890,-0.028294,0.185605,-0.294423,1.242532,0.073835,-0.262205,-0.189806,0.037379,-0.221684,0.312766,1.231818,0.020764,-0.221470,0.148527
0.000203,-0.000142,0.796155,0.001222,0.019166,0.422637,0.906096,0.079821,-0.045273,0.130287,-0.012083,-0.244774,0.033041,0.025321,0.002346,-0.086262,0.064321,-0.247039,0.039030,-0.030185,0.016804,-0.014670,-0.027126,0.186172,-0.302500,1.246107,0.060667,-0.270274,-0.194389,0.043914,-0.218755,0.283913,1.196643,0.138665,-0.257748,0.181275
0.001269,0.000650,0.795995,0.003014,0.016926,0.426263,0.904436,0.087164,-0.047085,0.123149,-0.012073,-0.244815,0.031695,0.039909,0.004761,-0.070651,0.049137,-0.247671,0.031879,-0.040267,0.014576,-0.008461,-0.023395,0.188404,-0.300482,1.241698,0.056862,-0.271778,-0.194774,0.041415,-0.219920,0.274294,1.185621,0.151914,-0.264625,0.180028
0.002031,0.001286,0.796004,0.003429,0.016251,0.425482,0.904815,0.087365,-0.045761,0.128746,-0.005239,-0.247666,0.031107,0.046137,0.004153,-0.073581,0.044547,-0.245322,0.033830,-0.036578,0.016021,-0.008489,-0.022948,0.185435,-0.298678,1.245761,0.061087,-0.282072,-0.182702,0.044262,-0.224041,0.265376,1.178987,0.127198,-0.300401,0.109334
0.001652,0.001717,0.796210,0.003328,0.017301,0.424389,0.905308,0.080911,-0.046511,0.129749,0.005771,-0.255109,0.037451,0.042340,0.001782,-0.064507,0.048226,-0.247654,0.029279,-0.032907,0.016704,-0.010550,-0.023508,0.183682,-0.301531,1.246617,0.063280,-0.283784,-0.182263,0.045493,-0.225113,0.272175,1.181243,0.116138,-0.305422,0.104679
0.001485,0.002019,0.796246,0.002208,0.021601,0.423811,0.905490,0.062243,-0.047605,0.135412,0.025875,-0.264507,0.042651,0.032205,-0.004805,-0.067850,0.052431,-0.247635,0.028898,-0.033989,0.015241,-0.016470,-0.024556,0.183537,-0.294746,1.243461,0.065797,-0.295344,-0.181223,0.040955,-0.225066,0.274418,1.183403,0.102456,-0.307238,0.100395
0.001802,0.003167,0.796121,0.002226,0.022334,0.423318,0.905703,0.051039,-0.045767,0.147230,0.051359,-0.279361,0.043452,0.032153,-0.006883,-0.073015,0.054752,-0.249098,0.034290,-0.034858,0.014191,-0.012374,-0.028543,0.183559,-0.288464,1.248307,0.065554,-0.290226,-0.178559,0.032141,-0.225609,0.274925,1.188110,0.093641,-0.308762,0.097276
0.002619,0.004847,0.796155,0.002028,0.020673,0.423780,0.905527,0.041387,-0.041564,0.150767,0.084800,-0.297020,0.048271,0.043051,-0.006964,-0.072792,0.044988,-0.250854,0.028418,-0.034374,0.016784,-0.007179,-0.027967,0.184453,-0.286442,1.242500,0.060025,-0.296330,-0.189063,0.031353,-0.229590,0.273437,1.183318,0.087901,-0.306073,0.109353
0.003458,0.006393,0.796123,0.000873,0.021518,0.422440,0.906135,0.024585,-0.036816,0.159651,0.121447,-0.313906,0.054189,0.046366,-0.005872,-0.070918,0.037108,-0.249024,0.023693,-0.026864,0.018627,-0.007182,-0.031507,0.181389,-0.284012,1.243042,0.063187,-0.286760,-0.189162,0.033358,-0.232768,0.271340,1.179028,0.075050,-0.305994,0.108196
0.003655,0.009482,0.795819,0.000243,0.021325,0.421374,0.906636,0.018749,-0.035739,0.164642,0.144320,-0.327509,0.056574,0.054459,-0.006463,-0.066145,0.027032,-0.248019,0.024077,-0.020511,0.019109,-0.004434,-0.030691,0.181751,-0.279826,1.232382,0.063068,-0.295520,-0.185077,0.030766,-0.233097,0.270472,1.183136,0.069561,-0.306324,0.110505
0.003664,0.011623,0.795267,-0.000675,0.023207,0.419639,0.907394,0.000054,-0.034945,0.167250,0.180163,-0.346533,0.066153,0.047623,-0.006209,-0.062652,0.038984,-0.248991,0.037949,-0.011326,0.019635,-0.004128,-0.038300,0.177375,-0.276476,1.234374,0.046438,-0.294877,-0.195118,0.024248,-0.237411,0.255811,1.184737,0.114915,-0.288129,0.134127
0.004479,0.015695,0.794924,-0.004483,0.023290,0.420449,0.907006,-0.012606,-0.029479,0.158827,0.210833,-0.363871,0.069327,0.046608,-0.003855,-0.063538,0.039452,-0.268662,0.017162,-0.004540,0.027979,-0.008830,-0.037431,0.174085,-0.286299,1.233672,0.043763,-0.287779,-0.192211,0.030989,-0.239287,0.243084,1.181890,0.143906,-0.280901,0.147989
0.004652,0.020278,0.794047,-0.007126,0.024772,0.417738,0.908202,-0.019858,-0.027056,0.164810,0.230073,-0.379699,0.069792,0.038230,-0.013344,-0.105210,0.066515,-0.300837,0.035147,0.006604,0.031109,-0.011085,-0.035801,0.172561,-0.284237,1.227696,0.039035,-0.285526,-0.188296,0.032451,-0.242618,0.243510,1.184359,0.127228,-0.281564,0.135575
0.006663,0.025624,0.793459,-0.009146,0.022200,0.418999,0.907669,-0.015704,-0.024794,0.153148,0.245504,-0.394469,0.072080,0.040467,-0.013734,-0.117072,0.089551,-0.326414,0.027765,0.004630,0.035410,-0.000954,-0.031822,0.174335,-0.283295,1.212993,0.042639,-0.279913,-0.182922,0.033025,-0.243392,0.247305,1.181297,0.130236,-0.287040,0.130132
0.006882,0.031818,0.792467,-0.010949,0.021986,0.424564,0.905065,-0.019008,-0.030360,0.133321,0.261495,-0.408190,0.082814,0.019062,-0.018997,-0.121106,0.152612,-0.358956,0.016450,-0.006069,0.036922,0.006264,-0.037523,0.172915,-0.276624,1.209950,0.037462,-0.283415,-0.187312,0.031390,-0.244262,0.246743,1.183604,0.133877,-0.297461,0.126367
0.007240,0.036843,0.791269,-0.012473,0.025029,0.428855,0.902940,-0.031519,-0.039595,0.111090,0.282924,-0.418175,0.092838,-0.032146,-0.029951,-0.129930,0.258806,-0.384754,0.012993,-0.015827,0.031576,0.009458,-0.044168,0.177758,-0.282348,1.197395,0.038395,-0.272477,-0.187310,0.027526,-0.246098,0.247232,1.176348,0.130174,-0.293829,0.133039
0.008058,0.041392,0.788494,-0.012359,0.027505,0.429686,0.902475,-0.037145,-0.046434,0.128601,0.304506,-0.434344,0.089282,-0.112236,-0.058281,-0.176370,0.433700,-0.414277,0.023024,-0.020487,0.018554,0.020388,-0.053982,0.191780,-0.280992,1.168223,0.028903,-0.271425,-0.190310,0.023100,-0.245371,0.251356,1.162851,0.109528,-0.290477,0.128046
0.009123,0.047857,0.786605,-0.012142,0.031458,0.438896,0.897905,-0.049093,-0.063971,0.083484,0.323465,-0.449211,0.110150,-0.189169,-0.080582,-0.166730,0.596589,-0.428711,0.016083,-0.045222,0.007372,0.031676,-0.068487,0.198742,-0.257970,1.144163,0.011132,-0.274100,-0.202378,0.022169,-0.236939,0.255684,1.149470,0.131096,-0.305577,0.122692
0.010958,0.055346,0.785846,-0.014474,0.030789,0.447409,0.893682,-0.044015,-0.067891,0.061753,0.329754,-0.457674,0.114996,-0.261259,-0.085149,-0.164766,0.723407,-0.440956,0.008905,-0.070490,0.008914,0.046074,-0.083820,0.207448,-0.269435,1.117159,-0.000184,-0.272113,-0.177601,0.022498,-0.238390,0.258279,1.134629,0.147333,-0.305191,0.113758
0.014794,0.064278,0.785602,-0.016706,0.029296,0.457063,0.888795,-0.024349,-0.069050,0.043937,0.314599,-0.463964,0.113587,-0.328207,-0.068921,-0.145373,0.782783,-0.437684,0.023815,-0.097975,0.012385,0.052513,-0.092494,0.211347,-0.281624,1.085532,0.032514,-0.275900,-0.157358,0.034237,-0.239305,0.248794,1.125569,0.119421,-0.297197,0.127682
0.018774,0.074901,0.785577,-0.018120,0.027051,0.464468,0.884991,0.010735,-0.069318,0.033081,0.279487,-0.461548,0.108722,-0.384458,-0.066220,-0.144734,0.770764,-0.413806,0.039618,-0.115259,0.021990,0.067040,-0.117227,0.197106,-0.265431,1.083068,-0.015305,-0.292635,-0.144078,0.044437,-0.239910,0.242047,1.131445,0.151580,-0.308917,0.108618
0.026259,0.087035,0.784978,-0.021814,0.025333,0.483904,0.874482,0.037175,-0.068674,-0.019193,0.259480,-0.451235,0.098258,-0.419421,-0.078404,-0.173928,0.713731,-0.394422,0.037512,-0.163019,0.037094,0.072260,-0.145649,0.194089,-0.270226,1.085411,0.003950,-0.291611,-0.124780,0.052794,-0.254953,0.241165,1.139727,0.141553,-0.298875,0.133998
0.034340,0.100337,0.782823,-0.019703,0.025833,0.489905,0.871170,0.077958,-0.073914,-0.029234,0.223033,-0.454464,0.094281,-0.469028,-0.092109,-0.174701,0.658560,-0.354266,0.055065,-0.182082,0.035111,0.084101,-0.149940,0.211643,-0.284415,1.033612,0.037218,-0.300438,-0.159245,0.060396,-0.257723,0.237067,1.148419,0.131669,-0.289622,0.149168
0.043758,0.114126,0.779623,-0.016970,0.022929,0.493958,0.869018,0.132142,-0.074128,-0.037055,0.181530,-0.462660,0.083623,-0.506579,-0.094960,-0.168275,0.593022,-0.309616,0.066123,-0.192464,0.036013,0.096688,-0.177744,0.210619,-0.323753,1.043447,-0.009448,-0.318641,-0.129681,0.067903,-0.258188,0.240280,1.175467,0.159540,-0.291743,0.150511
0.054151,0.126818,0.775483,-0.012610,0.022058,0.498159,0.866713,0.172337,-0.077767,-0.046473,0.163331,-0.478378,0.078864,-0.546016,-0.100514,-0.157784,0.523454,-0.266045,0.087365,-0.205349,0.033196,0.112172,-0.189677,0.210123,-0.320573,1.041608,-0.012032,-0.255278,-0.146876,0.077368,-0.257268,0.230053,1.186810,0.150274,-0.270082,0.144231
0.065073,0.142330,0.770317,-0.008432,0.022816,0.501788,0.864648,0.212990,-0.083787,-0.058637,0.147458,-0.490709,0.078094,-0.578375,-0.112826,-0.153111,0.454136,-0.230134,0.097017,-0.214973,0.027818,0.120588,-0.201835,0.212427,-0.323102,1.032342,-0.012212,-0.251605,-0.145329,0.089010,-0.255332,0.229597,1.199601,0.153598,-0.268203,0.148569
0.078297,0.159229,0.764406,-0.005308,0.023059,0.502911,0.864015,0.255104,-0.085458,-0.065812,0.136512,-0.504658,0.072163,-0.603407,-0.126085,-0.167501,0.397352,-0.206748,0.098977,-0.230524,0.024420,0.129933,-0.221864,0.212469,-0.318977,1.037138,-0.000602,-0.266163,-0.142841,0.086289,-0.256910,0.229674,1.218727,0.138142,-0.265271,0.146477
0.092547,0.177910,0.758717,-0.003715,0.023044,0.506028,0.862201,0.296301,-0.082924,-0.083364,0.131620,-0.509380,0.062005,-0.615543,-0.140350,-0.188703,0.356074,-0.209010,0.093999,-0.241409,0.025705,0.139633,-0.237266,0.216956,-0.317668,1.040707,0.029641,-0.273252,-0.160409,0.089535,-0.258819,0.220458,1.229849,0.127220,-0.260161,0.154556
0.108914,0.197654,0.753508,-0.004198,0.025621,0.506191,0.862031,0.330884,-0.078646,-0.102951,0.128216,-0.506329,0.045793,-0.633329,-0.149839,-0.217671,0.366696,-0.212444,0.093431,-0.252564,0.027904,0.139787,-0.237888,0.200164,-0.312861,1.047229,-0.008470,-0.235212,-0.081214,0.085670,-0.257666,0.222116,1.247553,0.131408,-0.252197,0.140731
0.127804,0.219630,0.748919,-0.007274,0.027886,0.509121,0.860212,0.356339,-0.064570,-0.121142,0.146396,-0.495999,0.015711,-0.640255,-0.150171,-0.227264,0.422497,-0.230519,0.083772,-0.267796,0.036900,0.133679,-0.237722,0.212188,-0.301255,1.076408,0.047801,-0.288534,-0.127028,0.093608,-0.263561,0.215383,1.259622,0.102816,-0.273083,0.152676
0.148430,0.242582,0.745427,-0.013409,0.032704,0.512893,0.857725,0.363032,-0.044693,-0.124573,0.189667,-0.477934,-0.027184,-0.647136,-0.151604,-0.243505,0.498973,-0.218419,0.064227,-0.283128,0.052051,0.120961,-0.227594,0.200228,-0.300645,1.109816,0.036774,-0.280338,-0.123653,0.098175,-0.266619,0.205556,1.267430,0.108042,-0.267692,0.132630
0.169942,0.267023,0.746735,-0.020785,0.037433,0.509189,0.859589,0.350426,-0.028488,-0.115843,0.271076,-0.441786,-0.049999,-0.654766,-0.142267,-0.245643,0.570415,-0.228234,0.041469,-0.285189,0.069906,0.108348,-0.193583,0.187004,-0.296528,1.132310,-0.002284,-0.288383,-0.095034,0.095770,-0.266941,0.203092,1.274701,0.111546,-0.271618,0.114736
0.194549,0.293855,0.749811,-0.027759,0.034084,0.502765,0.863304,0.331104,-0.006938,-0.104945,0.400929,-0.376638,-0.082243,-0.624237,-0.107974,-0.245447,0.612052,-0.248200,0.022224,-0.277985,0.089370,0.102447,-0.180983,0.185278,-0.302913,1.197970,0.028589,-0.303019,-0.127865,0.086647,-0.269928,0.212327,1.296976,0.106455,-0.275427,0.123603
0.219294,0.318974,0.754043,-0.026273,0.037134,0.491787,0.869526,0.273830,-0.013519,-0.084588,0.573655,-0.253022,-0.124556,-0.594446,-0.083196,-0.223865,0.641283,-0.286162,-0.019280,-0.256622,0.080162,0.086202,-0.156167,0.187327,-0.307780,1.243139,0.044878,-0.315664,-0.137204,0.083160,-0.264123,0.216725,1.298822,0.095958,-0.282111,0.125552
0.244037,0.342341,0.758711,-0.021948,0.039510,0.475569,0.878517,0.180663,-0.016646,-0.045465,0.784939,-0.152507,-0.118430,-0.553367,-0.050252,-0.190593,0.645916,-0.314386,-0.058177,-0.214064,0.063162,0.073386,-0.134424,0.188491,-0.313644,1.277310,0.041975,-0.315014,-0.153169,0.083353,-0.255763,0.221077,1.275172,0.113089,-0.285306,0.127525
0.264521,0.364418,0.763785,-0.017208,0.039379,0.474009,0.879471,0.058364,0.028523,0.026459,0.997619,-0.191360,-0.088296,-0.499892,-0.045447,-0.180272,0.646052,-0.355645,-0.080499,-0.198677,0.050103,0.082891,-0.108358,0.198161,-0.320649,1.260933,0.032522,-0.292541,-0.148559,0.066081,-0.252910,0.230801,1.242610,0.119125,-0.283543,0.121300
0.287862,0.386844,0.769811,-0.009991,0.040018,0.463835,0.884961,-0.053629,0.069302,0.098376,1.119660,-0.262713,-0.040463,-0.433921,-0.033125,-0.160365,0.619362,-0.390078,-0.084440,-0.163111,0.027137,0.088674,-0.086922,0.205541,-0.307524,1.257897,0.038092,-0.288999,-0.157337,0.047617,-0.248778,0.246556,1.207428,0.124362,-0.296467,0.119329
0.309883,0.410855,0.776322,-0.004148,0.042188,0.451484,0.891271,-0.161084,0.076804,0.140983,1.148645,-0.322674,-0.019955,-0.362374,-0.019326,-0.127074,0.571098,-0.419967,-0.079519,-0.114675,0.005838,0.085186,-0.072470,0.199799,-0.298247,1.266270,0.028361,-0.277399,-0.127782,0.032003,-0.245024,0.253576,1.177513,0.113955,-0.309760,0.097069
0.331146,0.432453,0.782409,0.000792,0.041107,0.438043,0.898013,-0.261259,0.069698,0.159469,1.103288,-0.368235,-0.010295,-0.279988,-0.010851,-0.113251,0.504928,-0.427173,-0.077194,-0.067811,-0.011026,0.093753,-0.051095,0.205016,-0.295053,1.259653,0.013873,-0.271228,-0.122193,0.013300,-0.245461,0.261190,1.139805,0.141705,-0.314165,0.088287
0.352223,0.455842,0.787574,0.004954,0.036015,0.427646,0.903215,-0.335089,0.060993,0.171988,0.987517,-0.374877,-0.006127,-0.180660,0.009145,-0.073101,0.420494,-0.401942,-0.069523,-0.025996,-0.019523,0.102974,-0.035401,0.207391,-0.283059,1.257661,0.013807,-0.276621,-0.117321,0.005120,-0.247924,0.268324,1.097114,0.143694,-0.325736,0.066182
0.374289,0.482442,0.788658,0.005476,0.029245,0.415884,0.908931,-0.380666,0.084182,0.218061,0.829663,-0.363309,-0.023366,-0.072801,0.022860,-0.053896,0.332874,-0.405370,-0.054561,0.016595,-0.020711,0.114313,-0.017146,0.211013,-0.276219,1.246850,0.012230,-0.282134,-0.149365,-0.008011,-0.257770,0.281742,1.060320,0.143518,-0.332683,0.063184
0.397260,0.508079,0.787717,0.007789,0.021091,0.401547,0.915563,-0.399789,0.103080,0.264416,0.628509,-0.336324,-0.023571,0.035053,0.033698,-0.026599,0.250884,-0.409009,-0.032029,0.065121,-0.022549,0.133059,0.002101,0.215633,-0.279543,1.234318,-0.001805,-0.284432,-0.158630,-0.025472,-0.265616,0.300264,1.029904,0.142690,-0.337923,0.039328
0.418378,0.534730,0.782996,0.004646,0.014184,0.390629,0.920427,-0.422023,0.106735,0.266714,0.418486,-0.283673,-0.042823,0.131886,0.045151,-0.008985,0.176712,-0.409507,-0.017954,0.109214,-0.016443,0.141669,0.018460,0.219816,-0.291805,1.225767,-0.006777,-0.291679,-0.171470,-0.036216,-0.279785,0.306753,0.998753,0.155976,-0.341919,0.040911
0.439082,0.561704,0.775731,0.000854,0.008581,0.382018,0.924114,-0.446007,0.110004,0.254352,0.247138,-0.265107,-0.049284,0.214696,0.053044,0.006470,0.126874,-0.419011,0.004904,0.131115,-0.006146,0.152023,0.030923,0.218969,-0.289829,1.216710,-0.010147,-0.283631,-0.173763,-0.060088,-0.293914,0.320136,0.978753,0.168952,-0.343833,0.048597
0.459755,0.590281,0.767891,0.000167,0.004695,0.373237,0.927724,-0.476519,0.115540,0.244767,0.184189,-0.275180,-0.049232,0.275654,0.047478,0.020579,0.127491,-0.443940,0.016994,0.157838,-0.005969,0.160172,0.039890,0.221230,-0.291836,1.213850,-0.017862,-0.283505,-0.174761,-0.078994,-0.307781,0.326899,0.972208,0.193088,-0.343969,0.044794
0.482351,0.617376,0.760929,-0.000663,0.008438,0.363844,0.931422,-0.503555,0.125970,0.253362,0.201769,-0.277314,-0.024536,0.295336,0.040856,0.049064,0.177990,-0.463679,0.022544,0.182251,-0.016789,0.149066,0.042266,0.219954,-0.286199,1.219357,-0.008264,-0.275696,-0.170671,-0.085974,-0.307044,0.324605,0.969317,0.184672,-0.346670,0.030399
0.505458,0.651129,0.753844,0.000765,0.009497,0.357459,0.933880,-0.514118,0.125769,0.267940,0.309402,-0.282464,-0.018767,0.323747,0.021496,0.063936,0.243241,-0.468455,0.041154,0.192821,-0.027820,0.145903,0.049881,0.221063,-0.272269,1.223438,-0.011316,-0.282298,-0.172052,-0.088720,-0.306047,0.322002,0.977896,0.180101,-0.351823,0.004932
0.528391,0.684405,0.752069,0.004187,0.021250,0.353240,0.935282,-0.552831,0.120432,0.267168,0.450002,-0.247845,0.008688,0.304144,-0.005816,0.088040,0.356315,-0.430065,0.068597,0.211322,-0.058709,0.119513,0.041498,0.220598,-0.267429,1.245712,-0.001261,-0.288755,-0.182804,-0.074169,-0.293628,0.295534,1.000670,0.186715,-0.355161,0.002922
0.553263,0.722000,0.754136,0.012618,0.030249,0.361271,0.931885,-0.543890,0.080087,0.266075,0.530763,-0.241609,0.025565,0.280857,-0.041349,0.078183,0.498409,-0.318038,0.108053,0.193973,-0.091171,0.100583,0.034103,0.219753,-0.260088,1.274754,0.003927,-0.291557,-0.192302,-0.055095,-0.274854,0.278960,1.035897,0.169678,-0.350542,-0.001425
0.577413,0.758359,0.758922,0.012860,0.035734,0.377260,0.925328,-0.519732,0.036412,0.238118,0.572662,-0.274786,0.070960,0.218595,-0.048975,0.044582,0.675755,-0.122206,0.135940,0.158852,-0.099069,0.073444,0.022048,0.216664,-0.271064,1.296695,0.010854,-0.292450,-0.204806,-0.028826,-0.266728,0.281586,1.069962,0.171332,-0.342941,-0.000024
0.598074,0.794233,0.764928,0.010833,0.039543,0.388087,0.920710,-0.474957,-0.000671,0.213511,0.578157,-0.313636,0.112359,0.109858,-0.074218,0.010134,0.886970,-0.008344,0.132773,0.125678,-0.095241,0.051105,0.003185,0.210049,-0.279313,1.301708,0.018756,-0.293647,-0.201201,-0.009294,-0.259551,0.285800,1.092387,0.186367,-0.334947,0.025637
0.619243,0.826590,0.772539,0.006429,0.034829,0.400066,0.915802,-0.400541,-0.019470,0.188175,0.553044,-0.346797,0.121191,-0.000788,-0.100590,-0.048733,1.045272,-0.096850,0.085601,0.082174,-0.078590,0.051646,-0.013021,0.216823,-0.280938,1.280705,0.038939,-0.291531,-0.205126,0.002903,-0.262843,0.297740,1.106538,0.155121,-0.331771,0.058863
0.640506,0.857792,0.780574,0.000220,0.027861,0.412011,0.910753,-0.313122,-0.030175,0.153511,0.502875,-0.366628,0.120617,-0.108644,-0.120419,-0.102136,1.113732,-0.182437,0.036081,0.038191,-0.052102,0.058654,-0.034136,0.220175,-0.282386,1.258237,0.035268,-0.294779,-0.194412,0.011159,-0.263518,0.301647,1.120454,0.160789,-0.327577,0.081268
0.661405,0.888970,0.787402,-0.006443,0.023683,0.426165,0.904313,-0.228723,-0.036133,0.121437,0.444864,-0.377827,0.114197,-0.210357,-0.126672,-0.147414,1.098608,-0.246049,0.021637,-0.007501,-0.025886,0.055957,-0.061297,0.227431,-0.301557,1.247939,0.045810,-0.315816,-0.188340,0.029871,-0.265977,0.298161,1.131058,0.158133,-0.334398,0.092114
0.681551,0.919037,0.791219,-0.012713,0.022405,0.447959,0.893683,-0.158228,-0.044560,0.080655,0.393257,-0.386455,0.103144,-0.299614,-0.131858,-0.196204,1.012571,-0.291854,0.032045,-0.072288,-0.001752,0.052438,-0.078054,0.237750,-0.304235,1.207730,0.043732,-0.312954,-0.172500,0.045742,-0.269442,0.279756,1.134731,0.158616,-0.323557,0.106060
0.706170,0.949608,0.792904,-0.009684,0.016509,0.462983,0.886160,-0.049003,-0.049888,0.058250,0.316999,-0.392726,0.085994,-0.350236,-0.143443,-0.231205,0.871600,-0.306173,0.047504,-0.119744,0.008805,0.067248,-0.100665,0.250157,-0.306618,1.170848,0.045008,-0.312478,-0.163486,0.062469,-0.274933,0.267109,1.133783,0.154073,-0.306343,0.105332
0.729787,0.978971,0.791154,-0.004601,0.011956,0.479006,0.877718,0.046387,-0.058758,0.020351,0.259158,-0.399432,0.072755,-0.389259,-0.164056,-0.270640,0.700916,-0.297557,0.067315,-0.168268,0.010642,0.081664,-0.114579,0.264494,-0.304567,1.121473,0.027881,-0.321112,-0.159366,0.083644,-0.275064,0.249462,1.126426,0.151908,-0.313208,0.097505
0.752916,1.008055,0.785325,0.002579,0.009362,0.494031,0.869390,0.141119,-0.065207,-0.000249,0.202289,-0.414498,0.043377,-0.425926,-0.176285,-0.276148,0.509392,-0.271489,0.099143,-0.207767,0.003779,0.094212,-0.139373,0.288777,-0.313623,1.084256,0.027499,-0.324232,-0.143186,0.095993,-0.274811,0.234879,1.126190,0.154279,-0.302981,0.108550
0.778226,1.037764,0.777745,0.008260,0.011093,0.506388,0.862195,0.224529,-0.066287,-0.015694,0.154084,-0.425980,0.020347,-0.459218,-0.178631,-0.250299,0.298182,-0.240040,0.129778,-0.236638,-0.003955,0.093442,-0.166549,0.303319,-0.308619,1.057652,0.044787,-0.335636,-0.129502,0.113430,-0.271610,0.221154,1.128442,0.143072,-0.300514,0.109406
0.804024,1.068251,0.769540,0.011290,0.014718,0.513678,0.857782,0.289366,-0.059994,-0.023513,0.136667,-0.444191,0.009337,-0.501303,-0.183868,-0.216598,0.149887,-0.227445,0.132949,-0.251764,-0.010340,0.086994,-0.166365,0.283356,-0.258949,1.012962,-0.000050,-0.347046,-0.105150,0.130932,-0.264435,0.202235,1.132962,0.119912,-0.300147,0.115468
0.830619,1.099191,0.760614,0.015934,0.015476,0.521771,0.852796,0.347302,-0.052945,-0.048516,0.147904,-0.460366,-0.006156,-0.522768,-0.201200,-0.219534,0.096197,-0.231409,0.153157,-0.271348,-0.014989,0.089512,-0.204755,0.319383,-0.295714,1.025733,0.024298,-0.354139,-0.110482,0.129566,-0.268441,0.208399,1.150977,0.137969,-0.292741,0.123836
0.859244,1.131254,0.753723,0.014467,0.012327,0.529622,0.848021,0.388700,-0.026634,-0.083781,0.197134,-0.463067,-0.023162,-0.540282,-0.213408,-0.246003,0.189464,-0.257007,0.128441,-0.287292,-0.006514,0.088786,-0.206636,0.313891,-0.275674,1.021595,0.020199,-0.350473,-0.078292,0.139953,-0.268671,0.208700,1.163302,0.135762,-0.286687,0.122043
0.891178,1.166150,0.748456,0.011499,0.008854,0.535973,0.844110,0.418331,0.004387,-0.113957,0.274705,-0.441270,-0.046096,-0.550864,-0.208916,-0.244929,0.344456,-0.252471,0.096359,-0.304753,0.006429,0.082040,-0.191581,0.295815,-0.237265,1.028035,0.013803,-0.313710,-0.061710,0.141589,-0.269118,0.202545,1.186387,0.118696,-0.280341,0.128122
0.925741,1.200880,0.747225,0.001596,0.010574,0.533958,0.845443,0.406229,0.034567,-0.126741,0.394372,-0.362805,-0.082792,-0.580252,-0.162858,-0.186062,0.475967,-0.201521,0.063091,-0.300833,0.028227,0.053088,-0.185685,0.284017,-0.243486,1.085936,0.025195,-0.326676,-0.040305,0.145653,-0.268695,0.206702,1.218553,0.125646,-0.271546,0.123455
0.959626,1.236767,0.750052,-0.005884,0.001519,0.524797,0.851206,0.374243,0.066988,-0.094326,0.579701,-0.206008,-0.114902,-0.550816,-0.106961,-0.175064,0.567023,-0.191453,0.030009,-0.286937,0.053368,0.055244,-0.154134,0.263699,-0.219482,1.117729,0.028071,-0.328562,-0.054391,0.136084,-0.272997,0.206411,1.248219,0.113168,-0.268007,0.126678
0.991641,1.268503,0.754117,-0.006546,0.000950,0.512681,0.858553,0.279982,0.083181,-0.046439,0.812151,-0.086144,-0.121754,-0.514650,-0.064914,-0.156826,0.614805,-0.236567,-0.033893,-0.258414,0.051911,0.048161,-0.130385,0.251812,-0.216748,1.157922,0.022332,-0.342009,-0.082548,0.128549,-0.268053,0.206160,1.253563,0.115349,-0.272713,0.123975
1.021597,1.297948,0.760263,-0.005894,0.003708,0.503597,0.863911,0.149172,0.116008,0.017650,1.033065,-0.105945,-0.077797,-0.464975,-0.033881,-0.140073,0.628522,-0.287269,-0.077894,-0.224905,0.045703,0.049293,-0.129016,0.239008,-0.227283,1.193378,0.023060,-0.350719,-0.097911,0.113733,-0.264832,0.204675,1.241365,0.118257,-0.287832,0.113538
1.049700,1.327493,0.768898,0.000171,0.006072,0.490653,0.871334,0.031329,0.095951,0.052314,1.147712,-0.206790,-0.048006,-0.384577,-0.014078,-0.118171,0.590890,-0.320666,-0.091228,-0.178520,0.029274,0.050317,-0.120003,0.221541,-0.231879,1.234211,0.024515,-0.320803,-0.128473,0.102423,-0.262453,0.210480,1.222029,0.130762,-0.300005,0.115710
1.077016,1.357261,0.777413,0.008036,0.011387,0.476238,0.879206,-0.082744,0.072783,0.101619,1.175485,-0.270680,-0.025883,-0.305672,-0.002902,-0.083419,0.542820,-0.339096,-0.085855,-0.130574,0.003331,0.047503,-0.097770,0.214783,-0.242184,1.241545,0.036025,-0.302107,-0.143490,0.089106,-0.262360,0.230245,1.190185,0.125837,-0.307668,0.105502
1.105900,1.387858,0.784962,0.014844,0.009665,0.460166,0.887656,-0.169348,0.065249,0.153786,1.120646,-0.317720,-0.001866,-0.196654,0.013552,-0.050961,0.462821,-0.353315,-0.081651,-0.081389,-0.012917,0.056785,-0.063667,0.207703,-0.236687,1.239392,0.029690,-0.290843,-0.145596,0.081516,-0.267527,0.246009,1.142845,0.122702,-0.317901,0.102817
1.133700,1.418351,0.789600,0.018704,0.006981,0.442376,0.896608,-0.237820,0.059656,0.200580,0.995261,-0.342167,-0.006137,-0.092059,0.028437,-0.022414,0.386427,-0.353316,-0.068551,-0.034505,-0.024701,0.066529,-0.027548,0.202826,-0.228997,1.238596,0.001750,-0.286864,-0.142895,0.064962,-0.272579,0.262883,1.100763,0.125663,-0.325566,0.089050
1.160068,1.448462,0.790078,0.017730,0.005252,0.425959,0.904553,-0.298079,0.072165,0.247496,0.823310,-0.338328,-0.011073,0.001210,0.040818,-0.000361,0.317075,-0.359039,-0.049659,0.004306,-0.026923,0.073007,0.005930,0.206085,-0.227729,1.234168,-0.009391,-0.283128,-0.159210,0.046007,-0.283334,0.271595,1.055065,0.131742,-0.329302,0.084638
1.186304,1.479634,0.787504,0.018902,-0.003425,0.407672,0.912926,-0.313157,0.086913,0.295051,0.599120,-0.320939,-0.036571,0.111636,0.048458,0.021450,0.248586,-0.368126,-0.027944,0.048135,-0.023600,0.097565,0.032734,0.209681,-0.226576,1.231756,-0.026315,-0.279809,-0.162258,0.024465,-0.292839,0.277602,1.018784,0.168462,-0.337070,0.074190
1.211757,1.510037,0.781247,0.012705,-0.008340,0.392045,0.919820,-0.347923,0.109020,0.300397,0.384294,-0.283699,-0.041427,0.202121,0.061103,0.032608,0.190925,-0.374509,-0.008653,0.081067,-0.008012,0.105697,0.058395,0.210063,-0.232451,1.226252,-0.017331,-0.278141,-0.161084,0.002150,-0.311877,0.285467,0.984752,0.163146,-0.339854,0.071387
1.236988,1.540827,0.772935,0.008020,-0.008989,0.376930,0.926163,-0.382625,0.117646,0.275504,0.183947,-0.262507,-0.040373,0.273097,0.062352,0.050790,0.158256,-0.390800,0.014222,0.110177,0.000659,0.110216,0.073071,0.208526,-0.237251,1.229672,-0.016840,-0.276574,-0.167025,-0.023304,-0.327340,0.292167,0.961057,0.180244,-0.342887,0.062888
1.263213,1.572965,0.763262,0.005294,-0.008237,0.364538,0.931137,-0.411931,0.125700,0.252746,0.069772,-0.247810,-0.053852,0.325711,0.057383,0.073087,0.170892,-0.412092,0.038308,0.130658,0.001924,0.114154,0.089055,0.211830,-0.235409,1.229136,-0.014347,-0.277199,-0.155118,-0.049096,-0.337711,0.291734,0.952078,0.187107,-0.344828,0.046246
1.289993,1.605979,0.754183,0.007214,-0.006693,0.352094,0.935913,-0.442241,0.136245,0.234831,0.105176,-0.267571,-0.039618,0.363235,0.041873,0.111425,0.222176,-0.426176,0.056590,0.152711,-0.008850,0.117907,0.099496,0.213845,-0.225467,1.231483,-0.020994,-0.274392,-0.173277,-0.066838,-0.341486,0.283323,0.956961,0.184590,-0.344528,0.039998
1.318248,1.642823,0.745877,0.014449,-0.002490,0.342307,0.939474,-0.468613,0.127386,0.225033,0.251289,-0.295149,-0.026666,0.396330,0.010903,0.149595,0.289441,-0.411145,0.092810,0.172661,-0.035173,0.116416,0.104805,0.220696,-0.217269,1.242169,-0.017924,-0.287492,-0.183613,-0.067152,-0.336046,0.264776,0.972019,0.171884,-0.352153,0.008225
1.347084,1.682691,0.741432,0.020619,0.008519,0.340055,0.940141,-0.494712,0.093665,0.201173,0.369799,-0.224565,-0.013153,0.389410,-0.018524,0.167752,0.404346,-0.347416,0.112417,0.176505,-0.063163,0.087729,0.110657,0.222540,-0.212462,1.262319,-0.005230,-0.301917,-0.194753,-0.042248,-0.327320,0.252239,0.992068,0.158209,-0.367196,-0.000530
1.375258,1.722480,0.741996,0.028422,0.023381,0.349012,0.936395,-0.517734,0.051249,0.201443,0.495612,-0.205056,0.020495,0.323039,-0.048388,0.135044,0.597731,-0.182298,0.145758,0.158595,-0.099146,0.057536,0.094618,0.225518,-0.213092,1.293237,0.005848,-0.304888,-0.189379,-0.016378,-0.311047,0.236805,1.026243,0.155876,-0.362622,-0.007070
1.402618,1.758640,0.745484,0.033883,0.027365,0.363173,0.930703,-0.492069,-0.000005,0.172879,0.554535,-0.228497,0.069507,0.232473,-0.048964,0.111234,0.823799,-0.005939,0.153303,0.127540,-0.118896,0.054695,0.065727,0.234182,-0.214878,1.309468,0.002890,-0.306169,-0.189979,0.004003,-0.297424,0.241206,1.062002,0.162135,-0.354935,0.005758
1.426275,1.792590,0.751994,0.031494,0.030937,0.370490,0.927787,-0.444079,-0.024404,0.160627,0.564033,-0.268296,0.102658,0.092928,-0.099542,0.030999,1.045436,0.036753,0.108910,0.096283,-0.119756,0.055481,0.028512,0.237670,-0.215572,1.307780,0.004073,-0.297605,-0.181584,0.013907,-0.294306,0.260565,1.081376,0.152460,-0.337245,0.029951
1.450109,1.824148,0.761182,0.026889,0.028812,0.381682,0.923453,-0.365714,-0.041613,0.137222,0.523543,-0.295774,0.108225,-0.036665,-0.112109,-0.016880,1.174137,-0.081281,0.049720,0.049492,-0.106196,0.061007,-0.002575,0.244775,-0.227516,1.289130,0.013267,-0.298557,-0.175406,0.025843,-0.296749,0.282057,1.096720,0.128022,-0.338046,0.063254
1.475818,1.854518,0.770549,0.020038,0.027926,0.399108,0.916259,-0.281906,-0.052529,0.103482,0.458738,-0.313754,0.103537,-0.159439,-0.091921,-0.054477,1.209207,-0.167840,0.029269,-0.008833,-0.085368,0.058522,-0.031573,0.252412,-0.239788,1.256399,0.017174,-0.301357,-0.163945,0.051183,-0.297714,0.278755,1.100996,0.137816,-0.323191,0.094310
1.502046,1.884669,0.778428,0.016165,0.024672,0.417195,0.908338,-0.187267,-0.059551,0.071658,0.386205,-0.323420,0.092384,-0.263292,-0.059539,-0.072533,1.171196,-0.230702,0.027450,-0.068861,-0.066401,0.061217,-0.054667,0.261028,-0.252101,1.214228,0.024800,-0.302788,-0.141119,0.080074,-0.302375,0.271832,1.120163,0.155970,-0.320408,0.107740
1.528582,1.914413,0.783540,0.014541,0.020811,0.437070,0.899069,-0.086319,-0.063599,0.041571,0.306344,-0.323560,0.083076,-0.340695,-0.044220,-0.100239,1.053116,-0.281859,0.038845,-0.130892,-0.050219,0.068647,-0.075238,0.270271,-0.247158,1.162002,0.016814,-0.308005,-0.134929,0.115418,-0.310908,0.252933,1.130257,0.163242,-0.313341,0.116926
1.556620,1.943715,0.785072,0.016111,0.016789,0.455447,0.889959,0.022363,-0.060302,0.030706,0.218266,-0.324567,0.060337,-0.392102,-0.053512,-0.135941,0.887333,-0.295281,0.063120,-0.191641,-0.043406,0.077722,-0.096275,0.277319,-0.229583,1.122562,-0.012288,-0.333214,-0.128126,0.143173,-0.318334,0.239799,1.155584,0.161120,-0.314263,0.117168
1.584837,1.972593,0.782241,0.022041,0.014291,0.470302,0.882114,0.130714,-0.060527,0.021275,0.134919,-0.325788,0.040246,-0.420322,-0.088056,-0.191545,0.684722,-0.285891,0.082010,-0.244787,-0.045211,0.090643,-0.119481,0.288162,-0.225777,1.069368,-0.022973,-0.343401,-0.116364,0.164638,-0.328074,0.223786,1.177291,0.168190,-0.303864,0.119688
1.613638,2.000713,0.775104,0.030064,0.017814,0.481593,0.875698,0.217792,-0.064784,0.013856,0.076838,-0.335363,0.016737,-0.451801,-0.121116,-0.220161,0.469158,-0.254153,0.099373,-0.283682,-0.058509,0.087656,-0.145680,0.301165,-0.230641,1.022634,-0.024653,-0.357706,-0.115890,0.189115,-0.335753,0.209352,1.202031,0.156135,-0.295738,0.125980
1.642711,2.029659,0.764976,0.039447,0.025625,0.487186,0.872030,0.288741,-0.076120,0.013605,0.044838,-0.358169,-0.008191,-0.476914,-0.156306,-0.272213,0.253562,-0.232316,0.118167,-0.309575,-0.076385,0.074786,-0.168659,0.308535,-0.220745,0.986193,-0.033420,-0.367862,-0.116084,0.212928,-0.341884,0.193986,1.227938,0.140918,-0.288400,0.135592
1.673531,2.057552,0.753147,0.046032,0.034299,0.484999,0.872628,0.340855,-0.078719,0.008011,0.048142,-0.387735,-0.029281,-0.508683,-0.167776,-0.314181,0.106796,-0.232020,0.140236,-0.316036,-0.090792,0.058599,-0.186740,0.315760,-0.204990,0.955808,-0.043791,-0.373637,-0.113175,0.234962,-0.344276,0.176597,1.249949,0.127581,-0.284610,0.136943
1.705282,2.085671,0.741903,0.050877,0.043372,0.474230,0.877859,0.370250,-0.082497,-0.007127,0.100289,-0.417417,-0.043034,-0.544225,-0.170536,-0.356883,0.106752,-0.249152,0.119667,-0.306683,-0.099789,0.042042,-0.198393,0.317160,-0.188374,0.944996,-0.044379,-0.377847,-0.107882,0.249747,-0.349184,0.175491,1.270727,0.117757,-0.282456,0.142484
1.739561,2.115082,0.732442,0.054954,0.042556,0.458543,0.885950,0.400342,-0.079287,-0.031520,0.196219,-0.419818,-0.075451,-0.558593,-0.165491,-0.394247,0.249871,-0.285930,0.081514,-0.293457,-0.099657,0.049999,-0.199657,0.312631,-0.160355,0.946109,-0.057326,-0.374075,-0.102831,0.242428,-0.354411,0.183113,1.297659,0.117180,-0.275974,0.146937
1.776888,2.146223,0.727541,0.049288,0.042169,0.440886,0.895216,0.390082,-0.064355,-0.060753,0.349979,-0.353560,-0.142402,-0.587637,-0.137244,-0.371201,0.412637,-0.237714,0.000945,-0.280692,-0.078241,0.037816,-0.174886,0.296917,-0.138773,0.971222,-0.059755,-0.361855,-0.075912,0.249291,-0.357823,0.175611,1.302669,0.116489,-0.271153,0.141696
1.816736,2.175257,0.727838,0.045078,0.037275,0.412867,0.908911,0.332078,-0.072191,-0.103871,0.591996,-0.208516,-0.217040,-0.607353,-0.060452,-0.265328,0.557074,-0.236338,-0.043411,-0.252614,-0.059922,0.039990,-0.156818,0.274522,-0.115826,1.033608,-0.080601,-0.357171,-0.080676,0.232765,-0.358130,0.190437,1.314145,0.100076,-0.266660,0.142933
1.854368,2.200047,0.729798,0.049911,0.031183,0.379486,0.923324,0.238495,-0.097901,-0.120155,0.857805,-0.080215,-0.238708,-0.565195,0.003669,-0.213013,0.625760,-0.277546,-0.101253,-0.229517,-0.066056,0.051970,-0.134559,0.271643,-0.106544,1.107784,-0.102897,-0.349968,-0.092246,0.192354,-0.353817,0.219074,1.314236,0.100907,-0.275096,0.144213
1.890944,2.218920,0.734331,0.057436,0.039702,0.351934,0.933417,0.076618,-0.035666,-0.026920,1.113423,-0.145881,-0.176565,-0.522743,0.037360,-0.172800,0.638363,-0.316185,-0.150062,-0.211003,-0.090844,0.040551,-0.122618,0.270820,-0.130202,1.178879,-0.082278,-0.327074,-0.086998,0.166813,-0.335711,0.236527,1.276656,0.112552,-0.291403,0.146650
1.927947,2.235934,0.742499,0.068026,0.046522,0.314285,0.945745,-0.066714,0.023107,0.043917,1.258425,-0.217103,-0.096697,-0.455867,0.080774,-0.096718,0.608109,-0.312506,-0.163442,-0.175864,-0.124344,0.027543,-0.098773,0.276022,-0.154511,1.237590,-0.048328,-0.307144,-0.110226,0.145710,-0.318531,0.255135,1.220259,0.105421,-0.307749,0.150683
1.965630,2.253066,0.752677,0.076952,0.047353,0.268985,0.958897,-0.179487,0.052963,0.075087,1.301323,-0.269715,-0.045240,-0.352749,0.119074,-0.030036,0.538621,-0.308128,-0.157574,-0.130864,-0.152659,0.026802,-0.058139,0.275206,-0.163497,1.268302,-0.030833,-0.295302,-0.126398,0.126692,-0.305153,0.276465,1.145134,0.089373,-0.324210,0.139537
2.002669,2.268624,0.763556,0.085815,0.045189,0.219851,0.970700,-0.271953,0.066321,0.094795,1.259980,-0.312596,0.000000,-0.227245,0.137205,0.024113,0.437078,-0.289600,-0.141631,-0.083431,-0.180356,0.034084,-0.013054,0.271565,-0.168814,1.286868,-0.010544,-0.284581,-0.139285,0.099569,-0.294623,0.294076,1.082562,0.074882,-0.335791,0.138623
2.038703,2.284094,0.771741,0.094285,0.042643,0.166980,0.980515,-0.336746,0.069995,0.121585,1.138866,-0.343740,0.034453,-0.111188,0.137626,0.088752,0.358805,-0.269743,-0.107005,-0.027732,-0.204276,0.044580,0.026844,0.268106,-0.171988,1.301813,-0.012333,-0.279788,-0.167445,0.072974,-0.282585,0.300208,1.029586,0.094400,-0.341034,0.131019
2.073598,2.300318,0.777136,0.097753,0.040245,0.114421,0.987792,-0.384561,0.061927,0.138222,0.962748,-0.345926,0.036890,-0.006119,0.130323,0.155459,0.287427,-0.250806,-0.068590,0.024410,-0.214748,0.054002,0.071285,0.257530,-0.175426,1.297777,-0.011491,-0.273211,-0.176066,0.049602,-0.277682,0.313206,0.977204,0.110411,-0.344268,0.124005
2.108847,2.316756,0.778460,0.094777,0.037123,0.067071,0.992543,-0.412824,0.074781,0.167807,0.752821,-0.311491,0.015053,0.091934,0.117690,0.203975,0.225076,-0.237760,-0.034217,0.066752,-0.207739,0.065366,0.107469,0.247548,-0.179063,1.293263,-0.017806,-0.281093,-0.196362,0.024719,-0.283042,0.324251,0.925271,0.117972,-0.348047,0.124203
2.144874,2.332795,0.775088,0.086741,0.031412,0.028534,0.995327,-0.433079,0.072868,0.152497,0.532675,-0.297587,-0.008764,0.195672,0.108240,0.241541,0.161875,-0.235663,-0.003130,0.091968,-0.183769,0.078645,0.143198,0.226862,-0.181548,1.286220,-0.045933,-0.283725,-0.193478,0.002220,-0.300001,0.341121,0.871986,0.122679,-0.351017,0.121647
2.181188,2.347640,0.766789,0.080437,0.029017,-0.004661,0.996326,-0.458602,0.066996,0.119110,0.325469,-0.286846,-0.023128,0.280968,0.090274,0.278755,0.120347,-0.234834,0.051328,0.111993,-0.162423,0.090693,0.167155,0.213761,-0.193133,1.270817,-0.056321,-0.274967,-0.201076,-0.015953,-0.324228,0.353807,0.809572,0.146072,-0.345906,0.129349
2.218173,2.361169,0.756490,0.075321,0.028666,-0.028601,0.996337,-0.485579,0.072007,0.115839,0.173856,-0.280180,-0.026425,0.342519,0.077229,0.347746,0.115324,-0.248461,0.066843,0.126516,-0.147105,0.098401,0.174236,0.210735,-0.215302,1.264603,-0.049842,-0.268215,-0.209727,-0.029485,-0.345339,0.362189,0.761693,0.145799,-0.344902,0.115187
2.257176,2.374147,0.746012,0.069055,0.026453,-0.049516,0.996032,-0.499110,0.085740,0.155836,0.109339,-0.278528,-0.034868,0.395951,0.068069,0.403894,0.141596,-0.254558,0.081604,0.142514,-0.134739,0.111986,0.170984,0.219303,-0.222644,1.248554,-0.035520,-0.278918,-0.201745,-0.044879,-0.357644,0.363315,0.738599,0.142051,-0.346843,0.104227
2.300035,2.385299,0.737444,0.067040,0.028007,-0.064431,0.995274,-0.515903,0.088380,0.208667,0.158331,-0.292707,-0.016118,0.434398,0.050824,0.432290,0.184063,-0.237521,0.102458,0.152131,-0.136703,0.107016,0.162548,0.231122,-0.221543,1.250520,-0.022596,-0.282333,-0.198545,-0.041620,-0.355124,0.356330,0.747907,0.138396,-0.351667,0.089743
2.347167,2.395860,0.730780,0.067427,0.034285,-0.072490,0.994497,-0.541577,0.063909,0.204183,0.279824,-0.290275,-0.002471,0.452652,0.034710,0.438333,0.249121,-0.178562,0.142161,0.159672,-0.148873,0.087635,0.136539,0.247321,-0.226203,1.271851,-0.010455,-0.286268,-0.197694,-0.025294,-0.339775,0.340096,0.789870,0.122094,-0.354845,0.053904
2.397585,2.404655,0.728914,0.074082,0.046008,-0.073604,0.993467,-0.577602,0.016464,0.131899,0.391632,-0.187241,0.020967,0.424089,0.027493,0.428062,0.366254,-0.026679,0.218524,0.155024,-0.174955,0.039627,0.117736,0.259721,-0.226883,1.300931,0.011558,-0.296083,-0.192499,0.011649,-0.321092,0.323348,0.852063,0.095081,-0.357558,0.035320
2.448176,2.405219,0.730190,0.067494,0.051238,-0.063166,0.994399,-0.600194,0.002854,0.096489,0.554829,-0.224782,0.034891,0.354816,0.090181,0.362808,0.561975,0.165516,0.260816,0.135019,-0.182421,-0.001961,0.073505,0.273411,-0.259841,1.357356,-0.012381,-0.334040,-0.176290,0.068221,-0.295918,0.293359,0.909878,0.133729,-0.342774,0.049640
2.492926,2.419147,0.737679,0.065661,0.050192,-0.060560,0.994737,-0.559407,-0.036328,0.085354,0.604035,-0.273045,0.098358,0.196759,0.038085,0.248231,0.842657,0.192334,0.253021,0.108676,-0.177489,-0.006600,0.040132,0.280729,-0.269264,1.352818,-0.022955,-0.326117,-0.177423,0.075077,-0.287723,0.296797,0.989156,0.141406,-0.320615,0.059456
2.536209,2.427871,0.747476,0.052590,0.043983,-0.061743,0.995735,-0.472158,-0.035386,0.080513,0.599147,-0.330932,0.124233,0.036088,-0.010078,0.135325,1.045412,0.015928,0.131716,0.081221,-0.146378,0.001050,0.001254,0.288856,-0.280975,1.334069,-0.004458,-0.329757,-0.165412,0.075698,-0.286567,0.318829,1.052052,0.141376,-0.308747,0.070497
2.577767,2.435251,0.758942,0.040646,0.037792,-0.059587,0.996679,-0.360545,-0.035886,0.071414,0.533129,-0.350318,0.130201,-0.112529,-0.064494,0.029867,1.148590,-0.139458,0.051771,0.041097,-0.115594,0.015205,-0.038804,0.299353,-0.259196,1.290063,0.019929,-0.305627,-0.157705,0.066623,-0.287984,0.336305,1.111158,0.115670,-0.323423,0.110177
2.620892,2.440538,0.768946,0.027464,0.032565,-0.051584,0.997760,-0.249889,-0.034534,0.045582,0.463167,-0.364416,0.112705,-0.231214,-0.090932,-0.067854,1.143313,-0.245906,0.004157,-0.001479,-0.079658,0.023310,-0.078503,0.308706,-0.249441,1.253761,0.007509,-0.302970,-0.147572,0.086305,-0.298336,0.324451,1.135615,0.143126,-0.317118,0.130179
2.663381,2.444563,0.776588,0.019554,0.024675,-0.036560,0.998835,-0.124698,-0.040217,0.019001,0.367189,-0.359979,0.094362,-0.313203,-0.112274,-0.152791,1.049892,-0.311974,-0.009561,-0.054469,-0.053229,0.034846,-0.113966,0.315761,-0.243275,1.216537,-0.002292,-0.306199,-0.132670,0.112904,-0.316708,0.306745,1.154301,0.132598,-0.314921,0.131211
2.704924,2.447633,0.778964,0.014588,0.021397,-0.019089,0.999482,-0.021024,-0.044386,0.001104,0.287607,-0.356304,0.068735,-0.382304,-0.131348,-0.230113,0.898488,-0.319130,0.003474,-0.108048,-0.033370,0.043731,-0.155760,0.323212,-0.225318,1.180534,-0.027149,-0.319090,-0.128560,0.136256,-0.332436,0.283817,1.166889,0.140746,-0.308627,0.140141
2.746688,2.449060,0.777821,0.013997,0.013208,0.001461,0.999814,0.087762,-0.049345,-0.035020,0.221836,-0.362915,0.051042,-0.421481,-0.136582,-0.272854,0.689129,-0.318263,0.034450,-0.162282,-0.026650,0.064919,-0.202362,0.336581,-0.222289,1.139976,-0.043088,-0.328549,-0.120121,0.157053,-0.347941,0.263080,1.175410,0.150652,-0.304079,0.139277
2.788162,2.449785,0.772094,0.018709,0.007850,0.021574,0.999561,0.188320,-0.059893,-0.078146,0.159977,-0.364844,0.036501,-0.454923,-0.144284,-0.278174,0.448200,-0.280121,0.081482,-0.208210,-0.031445,0.076789,-0.252729,0.351019,-0.233532,1.107926,-0.043810,-0.345044,-0.102181,0.176390,-0.357457,0.241329,1.188982,0.153006,-0.299649,0.140132
2.830608,2.450440,0.763410,0.024507,0.004115,0.044872,0.998684,0.269979,-0.064678,-0.109264,0.133500,-0.382281,0.020627,-0.488259,-0.154901,-0.238459,0.232430,-0.247669,0.119137,-0.254692,-0.041505,0.086180,-0.298796,0.359920,-0.242555,1.079435,-0.039730,-0.357387,-0.067716,0.193085,-0.361751,0.218095,1.204499,0.143928,-0.293168,0.137314
2.874710,2.450514,0.752906,0.024878,0.002236,0.060063,0.997882,0.343333,-0.054675,-0.131917,0.127219,-0.397341,-0.005436,-0.528662,-0.156615,-0.173139,0.113308,-0.266283,0.118382,-0.281935,-0.041587,0.093608,-0.336028,0.373996,-0.239911,1.047091,-0.027705,-0.365484,-0.070055,0.212592,-0.366467,0.194708,1.211055,0.132385,-0.287894,0.148589
2.919112,2.450312,0.742549,0.021512,-0.000967,0.074635,0.996978,0.396489,-0.032939,-0.160100,0.167357,-0.422239,-0.017430,-0.559890,-0.166365,-0.149946,0.144908,-0.275951,0.121793,-0.306559,-0.031839,0.100551,-0.350645,0.375092,-0.236086,1.016492,-0.036067,-0.369259,-0.054607,0.233015,-0.372223,0.181728,1.214488,0.134299,-0.279872,0.150121
2.967324,2.448974,0.734324,0.011386,-0.008888,0.089084,0.995919,0.441076,0.004305,-0.201227,0.252074,-0.422215,-0.045813,-0.565736,-0.162638,-0.144527,0.290297,-0.305496,0.098937,-0.333475,-0.008958,0.119366,-0.356366,0.369453,-0.223358,0.995707,-0.047480,-0.372227,-0.045254,0.234857,-0.378983,0.175832,1.231728,0.144991,-0.272261,0.157648
3.019228,2.446778,0.728637,0.004749,-0.006325,0.092546,0.995677,0.447648,0.026704,-0.197310,0.370743,-0.370113,-0.072709,-0.568564,-0.154208,-0.167564,0.418813,-0.246706,0.066569,-0.337462,0.013678,0.102511,-0.331960,0.348098,-0.206384,0.986583,-0.045758,-0.374125,-0.038880,0.242687,-0.382353,0.169416,1.257112,0.140208,-0.270157,0.153261
3.071012,2.442768,0.728409,-0.004088,0.000574,0.084112,0.996448,0.401437,0.043465,-0.159569,0.553305,-0.237636,-0.101313,-0.588086,-0.102213,-0.122894,0.542966,-0.197234,0.042118,-0.312341,0.040873,0.074114,-0.298786,0.315826,-0.195848,1.004005,-0.035758,-0.370923,-0.042327,0.243998,-0.378783,0.166859,1.283577,0.121601,-0.266108,0.148679
3.120855,2.439990,0.731540,-0.011095,-0.001900,0.068746,0.997571,0.325655,0.063240,-0.086099,0.783136,-0.088317,-0.118085,-0.549358,-0.056328,-0.119582,0.610602,-0.201726,-0.009484,-0.276410,0.059776,0.071300,-0.259099,0.288157,-0.192963,1.033189,-0.038641,-0.366172,-0.055743,0.220651,-0.375734,0.176478,1.312896,0.121154,-0.263139,0.143360
3.165229,2.435176,0.737117,-0.006229,-0.003514,0.057860,0.998299,0.208127,0.093272,-0.000281,1.008341,-0.076146,-0.078955,-0.504394,-0.032769,-0.096918,0.655955,-0.255602,-0.066867,-0.235034,0.045369,0.073333,-0.231002,0.267359,-0.203221,1.067117,-0.044317,-0.362373,-0.078283,0.198205,-0.359747,0.185559,1.300719,0.116807,-0.265689,0.133576
3.207389,2.432433,0.746851,-0.002082,-0.002659,0.049967,0.998745,0.072889,0.083499,0.028671,1.153500,-0.189552,-0.044080,-0.430346,-0.020233,-0.088456,0.635338,-0.291623,-0.093691,-0.189747,0.036663,0.070757,-0.209956,0.245479,-0.223558,1.119992,-0.020036,-0.346258,-0.085636,0.178767,-0.343944,0.188584,1.271565,0.120849,-0.280910,0.116255
3.249125,2.430680,0.758146,0.007417,0.001552,0.040309,0.999159,-0.062698,0.059422,0.073939,1.195931,-0.251681,-0.021919,-0.350586,-0.019106,-0.066200,0.584499,-0.312396,-0.098097,-0.146354,0.012607,0.059162,-0.174836,0.229539,-0.234276,1.173137,-0.000347,-0.336083,-0.091402,0.153648,-0.325733,0.197243,1.228963,0.119118,-0.300060,0.095189
3.291701,2.429165,0.768611,0.014692,0.000030,0.025362,0.999570,-0.161632,0.044000,0.130188,1.139429,-0.304691,-0.003274,-0.248046,-0.013693,-0.041559,0.509187,-0.326928,-0.089065,-0.092141,-0.006700,0.060223,-0.132441,0.222387,-0.256336,1.220727,0.035192,-0.319188,-0.105803,0.132274,-0.313490,0.206111,1.169470,0.126076,-0.318078,0.076572
3.335676,2.426884,0.776824,0.017035,-0.006974,0.007425,0.999803,-0.219804,0.048185,0.188522,1.002194,-0.325679,-0.001753,-0.122255,0.001184,-0.012460,0.411097,-0.326857,-0.076819,-0.037484,-0.018552,0.075820,-0.080730,0.219463,-0.263435,1.256916,0.026997,-0.308889,-0.122164,0.113075,-0.307348,0.227467,1.091351,0.144043,-0.333674,0.061293
3.377404,2.425949,0.779676,0.017323,-0.011171,-0.012330,0.999712,-0.262395,0.061770,0.257730,0.803272,-0.332378,-0.010009,-0.010934,0.008671,0.006478,0.317846,-0.321892,-0.039703,0.015884,-0.025879,0.091493,-0.030301,0.224058,-0.265374,1.282635,0.020100,-0.298758,-0.143893,0.082358,-0.307435,0.244433,1.016353,0.153322,-0.345981,0.056722
3.417691,2.425970,0.778177,0.010452,-0.013461,-0.029396,0.999423,-0.296354,0.086827,0.316405,0.569374,-0.321993,-0.024474,0.086888,0.024819,0.023020,0.246173,-0.321784,-0.014380,0.057481,-0.016011,0.105643,0.021043,0.227515,-0.279570,1.296040,0.011235,-0.288110,-0.149590,0.048733,-0.313379,0.263507,0.934309,0.183074,-0.352848,0.061696
3.458066,2.427060,0.772354,0.000689,-0.014474,-0.047889,0.998748,-0.321992,0.108767,0.346470,0.325512,-0.297083,-0.045655,0.176489,0.039991,0.039344,0.186216,-0.334550,0.010526,0.097014,0.000776,0.118306,0.070398,0.232548,-0.285943,1.306504,0.014473,-0.283500,-0.158319,0.009551,-0.330799,0.283578,0.863035,0.190364,-0.360435,0.057515
3.498472,2.428292,0.763784,-0.006414,-0.013052,-0.064337,0.997822,-0.356924,0.120112,0.343255,0.126611,-0.276461,-0.049265,0.248914,0.045080,0.056754,0.152966,-0.353791,0.031597,0.130882,0.012441,0.124388,0.114584,0.232938,-0.281476,1.317161,0.006201,-0.272406,-0.158412,-0.032184,-0.347800,0.295518,0.807912,0.207146,-0.363760,0.052773
3.540780,2.429357,0.753646,-0.011218,-0.013109,-0.079927,0.996651,-0.391249,0.133011,0.321201,0.035674,-0.260496,-0.068780,0.309792,0.042956,0.087342,0.158042,-0.384315,0.046070,0.162818,0.016400,0.133708,0.153510,0.238907,-0.276683,1.322508,0.010078,-0.262249,-0.159105,-0.069672,-0.361576,0.300794,0.766118,0.213002,-0.367177,0.038113
3.583401,2.429969,0.744378,-0.010039,-0.013946,-0.091552,0.995652,-0.427492,0.142737,0.295647,0.084228,-0.275455,-0.055243,0.356451,0.028196,0.128700,0.195067,-0.400398,0.053957,0.191713,0.004053,0.141289,0.179306,0.244622,-0.267924,1.341505,0.007479,-0.259726,-0.155511,-0.091397,-0.363574,0.291987,0.744241,0.212631,-0.374889,0.018346
3.629975,2.431913,0.736402,-0.010393,-0.008734,-0.099599,0.994935,-0.471925,0.162826,0.295788,0.244997,-0.333739,-0.056292,0.383481,0.020554,0.174250,0.253636,-0.395094,0.113843,0.222203,-0.010230,0.121649,0.165952,0.245988,-0.267879,1.424655,0.018133,-0.325544,-0.165445,-0.064039,-0.357024,0.260975,0.715147,0.233290,-0.405173,-0.020900
3.679744,2.436637,0.731054,-0.003000,0.002451,-0.102922,0.994682,-0.496992,0.133170,0.268889,0.356180,-0.257050,-0.022520,0.374848,-0.009843,0.178246,0.357130,-0.329801,0.151414,0.237259,-0.034811,0.078267,0.184461,0.244018,-0.263228,1.452951,0.047474,-0.319548,-0.153321,-0.030582,-0.347263,0.246083,0.727959,0.215563,-0.404540,-0.039517
3.730603,2.442836,0.730663,0.015730,0.019258,-0.091981,0.995450,-0.522397,0.066573,0.241135,0.440689,-0.194489,0.044087,0.314473,-0.059514,0.142207,0.520759,-0.194181,0.187619,0.218841,-0.084929,0.022159,0.196943,0.244672,-0.268235,1.470258,0.043513,-0.314417,-0.149593,0.007237,-0.329312,0.240364,0.766417,0.200439,-0.393700,-0.051579
3.778043,2.447373,0.733552,0.025069,0.018199,-0.071729,0.996943,-0.505575,0.007826,0.225980,0.534313,-0.234005,0.088247,0.257388,-0.073198,0.111406,0.716098,0.006707,0.200024,0.180350,-0.111895,0.011986,0.184725,0.247141,-0.286089,1.475312,0.011273,-0.315787,-0.154841,0.032027,-0.306029,0.231703,0.832145,0.191716,-0.382829,-0.041681
3.821806,2.453563,0.739514,0.022934,0.018007,-0.057182,0.997938,-0.452640,-0.028567,0.199538,0.552662,-0.281085,0.120106,0.144542,-0.103606,0.049918,0.938612,0.078935,0.157570,0.147158,-0.107070,0.011627,0.150018,0.240598,-0.303991,1.463524,-0.000227,-0.308756,-0.155625,0.040886,-0.292174,0.244237,0.910826,0.203407,-0.370534,-0.038185
3.862246,2.460298,0.748191,0.017613,0.015387,-0.047647,0.998590,-0.370736,-0.052370,0.177352,0.519811,-0.309420,0.134935,0.017821,-0.141468,-0.004710,1.104563,0.000196,0.091656,0.118423,-0.088370,0.019702,0.097954,0.232241,-0.314988,1.437588,-0.010142,-0.308301,-0.155619,0.041220,-0.286961,0.262217,0.992458,0.194340,-0.341530,0.002527
3.901980,2.465968,0.757897,0.009163,0.015968,-0.030002,0.999380,-0.284399,-0.068398,0.148656,0.458154,-0.316390,0.131586,-0.105044,-0.153703,-0.053170,1.180213,-0.078302,0.041883,0.073954,-0.060028,0.014492,0.044890,0.222012,-0.302302,1.398061,-0.001157,-0.316330,-0.141969,0.053418,-0.286615,0.276725,1.064598,0.178172,-0.323728,0.051959
3.942082,2.469161,0.766509,0.001628,0.009045,-0.005322,0.999944,-0.182155,-0.082031,0.101727,0.394602,-0.307025,0.114499,-0.187522,-0.151338,-0.105702,1.170341,-0.150610,0.021458,0.011417,-0.033612,0.033047,0.002040,0.222858,-0.263485,1.315910,0.024423,-0.295491,-0.146460,0.058980,-0.286424,0.295194,1.130385,0.149366,-0.311509,0.112818
3.980573,2.472032,0.772706,-0.003089,0.004053,0.020819,0.999770,-0.085077,-0.092942,0.053819,0.328939,-0.301914,0.095449,-0.260027,-0.153399,-0.156207,1.086239,-0.198042,0.023245,-0.044957,-0.011908,0.046610,-0.042549,0.226017,-0.254670,1.234438,0.012810,-0.310432,-0.126879,0.089359,-0.293295,0.292644,1.160958,0.132712,-0.302262,0.130872
4.019309,2.473749,0.775689,-0.006785,-0.001265,0.049321,0.998759,0.008351,-0.095814,-0.000686,0.272865,-0.301583,0.068416,-0.310974,-0.147072,-0.191531,0.936441,-0.236531,0.026021,-0.103427,0.005546,0.062338,-0.087137,0.234346,-0.247682,1.149246,0.002231,-0.326199,-0.115025,0.124525,-0.298466,0.284981,1.182110,0.134443,-0.292253,0.139910
4.058315,2.475369,0.774997,-0.006302,-0.007716,0.073673,0.997233,0.105892,-0.096814,-0.050815,0.217702,-0.302146,0.046449,-0.337748,-0.150664,-0.227000,0.731161,-0.244102,0.049646,-0.150463,0.011918,0.079951,-0.133698,0.247214,-0.246513,1.066285,-0.025096,-0.345641,-0.099925,0.155746,-0.301934,0.276145,1.206255,0.136373,-0.287739,0.139548
4.097646,2.475940,0.770725,-0.001084,-0.012395,0.099010,0.995009,0.194125,-0.099269,-0.091034,0.174703,-0.314269,0.024068,-0.351330,-0.155753,-0.241538,0.490665,-0.243064,0.079113,-0.196359,0.008033,0.088409,-0.179833,0.262859,-0.249457,0.998241,-0.037460,-0.366329,-0.083524,0.187409,-0.302320,0.259788,1.227722,0.130473,-0.285446,0.143173
4.137339,2.476572,0.762911,0.006836,-0.012955,0.115034,0.993254,0.269937,-0.103233,-0.120862,0.145981,-0.337081,0.009611,-0.372046,-0.163361,-0.237900,0.251850,-0.244620,0.109658,-0.227741,-0.007247,0.087477,-0.216911,0.283871,-0.244199,0.930650,-0.030422,-0.385607,-0.059672,0.212192,-0.298514,0.249139,1.249731,0.119815,-0.280482,0.147510
4.177765,2.476874,0.752877,0.014515,-0.009635,0.123921,0.992139,0.329500,-0.105137,-0.152893,0.135616,-0.362949,0.000528,-0.409194,-0.173359,-0.255099,0.080583,-0.252031,0.153657,-0.243898,-0.021139,0.079506,-0.250637,0.304108,-0.235218,0.874621,-0.028083,-0.399042,-0.050948,0.232736,-0.296543,0.237561,1.264537,0.093566,-0.271523,0.158033
4.219292,2.476456,0.742832,0.015528,-0.006067,0.127904,0.991646,0.377652,-0.091747,-0.178113,0.151273,-0.383292,-0.021712,-0.444519,-0.163961,-0.260792,0.022302,-0.264958,0.147310,-0.250621,-0.022165,0.067799,-0.266684,0.318621,-0.221793,0.832895,-0.032875,-0.408446,-0.036144,0.253114,-0.293296,0.228519,1.280344,0.091522,-0.264743,0.160392
4.261975,2.476078,0.733727,0.016613,-0.008508,0.134014,0.990804,0.420042,-0.077169,-0.199830,0.204447,-0.396461,-0.044531,-0.466905,-0.164630,-0.278695,0.109857,-0.284282,0.134900,-0.264411,-0.024147,0.070294,-0.275586,0.328242,-0.206260,0.809053,-0.038807,-0.411001,-0.019338,0.255997,-0.293710,0.230187,1.297147,0.089934,-0.262354,0.160127
4.308144,2.475912,0.726107,0.016705,-0.011216,0.133355,0.990864,0.455655,-0.065672,-0.216045,0.281041,-0.374601,-0.067515,-0.479482,-0.152038,-0.267012,0.249889,-0.285115,0.103982,-0.269871,-0.020174,0.067521,-0.265651,0.325723,-0.186198,0.811051,-0.042392,-0.402650,-0.007863,0.249076,-0.296176,0.227983,1.321992,0.084020,-0.258047,0.160329
4.355227,2.475027,0.722626,0.010443,0.001314,0.128155,0.991698,0.425047,-0.051076,-0.207720,0.404575,-0.299040,-0.110110,-0.529381,-0.121275,-0.214000,0.380791,-0.193282,0.047305,-0.259681,-0.000247,0.021455,-0.237140,0.309189,-0.181305,0.846116,-0.032946,-0.401088,0.004226,0.257894,-0.294749,0.223692,1.334567,0.075736,-0.255737,0.157665
4.403812,2.474153,0.723446,-0.002805,-0.004301,0.117709,0.993035,0.398370,-0.033326,-0.199298,0.577958,-0.156306,-0.179808,-0.510421,-0.065167,-0.194342,0.486380,-0.167129,0.018957,-0.238211,0.034149,0.020840,-0.208398,0.288029,-0.175666,0.908733,-0.035537,-0.392073,-0.006862,0.248547,-0.297783,0.218347,1.346164,0.072276,-0.253480,0.146538
4.447362,2.472683,0.725992,-0.004094,-0.009553,0.101116,0.994820,0.321256,-0.037836,-0.161928,0.795173,-0.022909,-0.195988,-0.473476,-0.020828,-0.167144,0.549859,-0.210958,-0.036338,-0.203567,0.037830,0.024342,-0.181254,0.272487,-0.184896,0.989740,-0.045754,-0.373569,-0.031254,0.227450,-0.295319,0.224232,1.336642,0.079558,-0.253370,0.137583
4.486723,2.469505,0.731393,0.001418,-0.009925,0.092930,0.995622,0.194822,0.019311,-0.054548,1.012428,-0.024348,-0.142751,-0.425391,-0.007000,-0.155165,0.574920,-0.256548,-0.078637,-0.174400,0.022603,0.029972,-0.176437,0.257519,-0.210644,1.085739,-0.049299,-0.344729,-0.062970,0.197665,-0.283209,0.227003,1.301148,0.095640,-0.260843,0.126743
4.524309,2.466647,0.739778,0.009793,-0.007925,0.077879,0.996883,0.071978,0.066283,0.039968,1.142715,-0.142736,-0.063163,-0.362743,0.006082,-0.131864,0.549013,-0.269617,-0.095084,-0.130513,-0.000224,0.025786,-0.167062,0.248137,-0.239336,1.183520,-0.016076,-0.320884,-0.103887,0.165205,-0.271382,0.231247,1.257309,0.113572,-0.279154,0.121241
4.562108,2.465012,0.748743,0.018379,-0.006910,0.059613,0.998028,-0.030692,0.077421,0.093351,1.174673,-0.231345,-0.015428,-0.293618,0.020769,-0.093320,0.512608,-0.282023,-0.092653,-0.089092,-0.024348,0.025698,-0.139916,0.240892,-0.261227,1.261673,0.018195,-0.295374,-0.138147,0.129120,-0.267405,0.243940,1.189377,0.117539,-0.297698,0.116512
4.598667,2.463826,0.757507,0.025764,-0.013137,0.035008,0.998969,-0.099136,0.073561,0.140574,1.118641,-0.288479,0.009547,-0.198135,0.030818,-0.061383,0.452432,-0.288043,-0.067676,-0.041514,-0.044038,0.042643,-0.090528,0.238302,-0.279130,1.304859,0.038523,-0.274435,-0.161998,0.096401,-0.270645,0.252370,1.099679,0.132552,-0.314917,0.106748
4.634903,2.463723,0.764465,0.029128,-0.019352,0.013851,0.999292,-0.152245,0.066844,0.172662,0.992527,-0.328442,0.030758,-0.103856,0.039739,-0.030064,0.393155,-0.281717,-0.046697,-0.003057,-0.056781,0.060815,-0.032546,0.236457,-0.289310,1.331901,0.048862,-0.268062,-0.180151,0.066280,-0.276485,0.254098,1.003752,0.142088,-0.334528,0.090120
4.671038,2.464055,0.768437,0.028829,-0.024292,-0.001757,0.999288,-0.189308,0.067337,0.202740,0.808461,-0.340922,0.035365,-0.012851,0.049584,0.002303,0.333511,-0.277813,-0.022457,0.021245,-0.059380,0.075388,0.028531,0.233395,-0.302068,1.343976,0.045131,-0.260822,-0.192127,0.042878,-0.284712,0.253636,0.901565,0.172895,-0.352453,0.074968
4.706283,2.465319,0.768465,0.024251,-0.027224,-0.019453,0.999146,-0.217607,0.070485,0.231642,0.597342,-0.321644,0.022512,0.069013,0.063732,0.033122,0.282702,-0.276137,-0.006434,0.052743,-0.051535,0.084976,0.088033,0.230539,-0.314332,1.343874,0.044704,-0.258582,-0.203245,0.021588,-0.298940,0.258096,0.809839,0.186204,-0.372478,0.044303
4.741240,2.467545,0.764915,0.016066,-0.031128,-0.038904,0.998629,-0.234676,0.065494,0.222880,0.368734,-0.283111,-0.008376,0.153910,0.077754,0.059481,0.230039,-0.289496,0.008068,0.084477,-0.033289,0.095872,0.148072,0.226817,-0.330890,1.334898,0.047153,-0.260364,-0.209499,0.000416,-0.319263,0.259247,0.729006,0.215771,-0.378380,0.034678
4.777666,2.469211,0.758032,0.005636,-0.024686,-0.054107,0.998214,-0.277277,0.078425,0.233875,0.177852,-0.278653,-0.050161,0.216132,0.098319,0.092340,0.183485,-0.312016,0.037827,0.117195,-0.008576,0.075882,0.182362,0.215117,-0.361506,1.370733,0.055853,-0.313209,-0.225187,0.013129,-0.337631,0.233931,0.634476,0.254282,-0.411574,0.011720
4.812992,2.471194,0.748635,-0.001697,-0.018296,-0.064485,0.997749,-0.321069,0.088619,0.259497,0.045851,-0.271598,-0.077999,0.269260,0.103203,0.107482,0.158499,-0.342132,0.070589,0.135951,0.008536,0.068745,0.213649,0.207186,-0.368223,1.373357,0.058350,-0.320820,-0.234808,-0.002433,-0.360242,0.227106,0.579791,0.268618,-0.417386,0.000653
4.849948,2.472838,0.739352,-0.006073,-0.016049,-0.069015,0.997468,-0.351384,0.099501,0.311469,0.019692,-0.267888,-0.090905,0.321341,0.105669,0.131839,0.158491,-0.370091,0.080357,0.150950,0.015081,0.063206,0.231387,0.205293,-0.372873,1.383263,0.058596,-0.316433,-0.244410,-0.013345,-0.367262,0.220611,0.560480,0.255615,-0.417402,-0.019136
4.885487,2.474777,0.731010,-0.009526,-0.015056,-0.078812,0.996730,-0.378576,0.118877,0.347761,0.104327,-0.284595,-0.074325,0.355110,0.103509,0.151554,0.197543,-0.386853,0.101743,0.183326,0.022454,0.063190,0.222579,0.197933,-0.347623,1.406218,0.084325,-0.309380,-0.245077,-0.014457,-0.366087,0.198828,0.565207,0.238397,-0.414578,-0.035455
4.924905,2.477143,0.724121,-0.003376,-0.013372,-0.084299,0.996345,-0.389905,0.102098,0.342668,0.205834,-0.265944,-0.042665,0.377199,0.077589,0.158127,0.266654,-0.384247,0.134560,0.212560,0.005067,0.050730,0.211416,0.199407,-0.345994,1.427390,0.096649,-0.304790,-0.246514,0.002750,-0.349717,0.186150,0.604553,0.237548,-0.414593,-0.057275
4.966292,2.480390,0.722897,0.011419,-0.002450,-0.081041,0.996642,-0.423648,0.062139,0.309092,0.306962,-0.201199,0.016799,0.344262,0.038316,0.147423,0.398371,-0.335913,0.159966,0.223589,-0.035816,0.005218,0.208045,0.205126,-0.340929,1.439221,0.099017,-0.298846,-0.229796,0.025687,-0.324413,0.190782,0.684359,0.225804,-0.404076,-0.079565
5.008752,2.482752,0.724816,0.025348,-0.003586,-0.068675,0.997311,-0.427792,-0.000259,0.252911,0.419276,-0.196342,0.048615,0.317943,0.011337,0.129511,0.553467,-0.184569,0.201956,0.214351,-0.072586,-0.007089,0.183772,0.209611,-0.326344,1.447961,0.092447,-0.300962,-0.208868,0.037555,-0.292403,0.190157,0.800658,0.209188,-0.389864,-0.075035
