0.000000,0.000000,0.785547,-0.007234,0.007036,0.956037,0.293072,0.067986,-0.019212,0.142281,0.010038,-0.221793,-0.004531,0.002307,-0.004806,-0.087647,0.059963,-0.186158,0.051255,-0.039007,0.013721,-0.040668,-0.078075,0.194670,-0.428737,1.215284,0.170678,-0.251990,-0.178463,-0.023670,-0.212007,0.372817,1.176932,0.011771,-0.224268,0.078462
-0.000093,-0.000179,0.785546,-0.006683,0.007037,0.956985,0.289974,0.063888,-0.020318,0.135159,0.018246,-0.226347,0.000181,-0.000031,-0.006082,-0.088778,0.068991,-0.195408,0.045991,-0.051826,0.018022,-0.051147,-0.094600,0.171585,-0.419655,1.275944,0.169196,-0.291494,-0.170990,-0.044609,-0.207488,0.380486,1.233826,0.039041,-0.274324,0.096713
-0.000486,0.000647,0.785406,-0.004892,0.006144,0.957195,0.289337,0.069045,-0.018622,0.134317,0.020248,-0.232637,0.007901,0.004673,-0.004554,-0.089705,0.071545,-0.208745,0.034943,-0.057495,0.016795,-0.065640,-0.079361,0.169395,-0.405199,1.280050,0.137569,-0.298041,-0.171868,-0.036460,-0.204605,0.384546,1.246098,0.058187,-0.288586,0.115485
-0.000794,0.000430,0.785429,-0.005362,0.006114,0.957259,0.289119,0.066805,-0.018667,0.132906,0.022311,-0.232855,0.009673,0.003193,-0.005286,-0.092155,0.073121,-0.207636,0.035002,-0.057791,0.017843,-0.067003,-0.078545,0.167232,-0.403654,1.281490,0.139843,-0.297760,-0.170992,-0.036728,-0.205109,0.384459,1.250011,0.059648,-0.291506,0.115512
-0.001061,0.000176,0.785647,-0.005092,0.006798,0.957381,0.288702,0.066503,-0.021523,0.130018,0.022448,-0.233424,0.016586,0.003060,-0.007056,-0.089303,0.073939,-0.208065,0.035237,-0.056144,0.016285,-0.066978,-0.079212,0.166723,-0.405251,1.280749,0.141616,-0.294673,-0.171293,-0.033201,-0.206362,0.382290,1.244426,0.057508,-0.289127,0.114442
-0.001345,-0.000432,0.785474,-0.005221,0.005897,0.957794,0.287347,0.065259,-0.020305,0.129926,0.025908,-0.235032,0.010159,0.003128,-0.007125,-0.093215,0.075010,-0.211345,0.034023,-0.058239,0.017959,-0.066121,-0.077398,0.166682,-0.404264,1.278413,0.142252,-0.297034,-0.174401,-0.032990,-0.206900,0.380892,1.244659,0.056888,-0.288181,0.112071
-0.001824,-0.001193,0.785612,-0.004838,0.006406,0.958120,0.286255,0.062689,-0.023591,0.125068,0.029874,-0.236494,0.016631,0.002901,-0.009706,-0.092559,0.077261,-0.210181,0.037061,-0.059546,0.016426,-0.065582,-0.078209,0.165487,-0.402140,1.279708,0.142216,-0.296944,-0.173807,-0.035249,-0.206159,0.378544,1.249701,0.056527,-0.291489,0.114895
-0.002214,-0.002288,0.785690,-0.005189,0.005563,0.958521,0.284922,0.057830,-0.022857,0.123173,0.039350,-0.239062,0.011732,0.001067,-0.009994,-0.094879,0.080006,-0.209718,0.038036,-0.060814,0.017951,-0.064368,-0.081122,0.164071,-0.402604,1.282671,0.140547,-0.296182,-0.172462,-0.033504,-0.207410,0.379855,1.244875,0.056188,-0.289755,0.108081
-0.002140,-0.003779,0.785886,-0.004769,0.005910,0.958389,0.285365,0.051902,-0.025255,0.123272,0.049663,-0.241952,0.019946,-0.004097,-0.012892,-0.091183,0.088795,-0.211511,0.035367,-0.060326,0.016785,-0.063493,-0.082535,0.163983,-0.407660,1.282896,0.141528,-0.293792,-0.169391,-0.034890,-0.207402,0.382251,1.246414,0.063770,-0.288705,0.103133
-0.002311,-0.005819,0.785917,-0.005415,0.005235,0.958497,0.285002,0.040852,-0.024786,0.123519,0.067142,-0.247473,0.020531,-0.014224,-0.014282,-0.088912,0.103450,-0.215052,0.033247,-0.063507,0.018886,-0.062477,-0.085430,0.163106,-0.403125,1.286301,0.138696,-0.299832,-0.174566,-0.036560,-0.209767,0.380425,1.244762,0.064201,-0.293253,0.111128
-0.001836,-0.008421,0.786572,-0.003258,0.004037,0.958756,0.284183,0.028399,-0.026299,0.120261,0.099198,-0.256017,0.027556,-0.021842,-0.016648,-0.086369,0.126062,-0.217708,0.030584,-0.069717,0.019292,-0.051948,-0.086698,0.164300,-0.406266,1.280542,0.132348,-0.296391,-0.173172,-0.042259,-0.211059,0.381603,1.242956,0.066307,-0.286279,0.111888
-0.000683,-0.012085,0.786621,-0.002738,0.002713,0.958745,0.284242,0.004388,-0.025516,0.119518,0.142937,-0.265043,0.030763,-0.037481,-0.018456,-0.085035,0.152405,-0.219415,0.026856,-0.075682,0.018978,-0.039043,-0.093870,0.164406,-0.404169,1.277525,0.119248,-0.296176,-0.168011,-0.049814,-0.212611,0.381791,1.237020,0.068870,-0.289446,0.109376
0.001758,-0.016423,0.786731,-0.004117,0.002628,0.958017,0.286669,-0.028270,-0.025309,0.123196,0.187228,-0.277725,0.043281,-0.067954,-0.021271,-0.079094,0.191716,-0.226720,0.021538,-0.078109,0.015978,-0.027476,-0.103961,0.172106,-0.403986,1.268394,0.119547,-0.295913,-0.177716,-0.058118,-0.213577,0.380713,1.226133,0.068404,-0.293851,0.106436
0.005252,-0.021783,0.786750,-0.006207,0.002036,0.956721,0.290934,-0.063034,-0.022655,0.130244,0.233911,-0.282028,0.045640,-0.105495,-0.022078,-0.071511,0.237955,-0.225838,0.018801,-0.076822,0.012564,-0.010862,-0.112286,0.178894,-0.393504,1.253503,0.101257,-0.295336,-0.165365,-0.067525,-0.214832,0.383157,1.208352,0.071396,-0.296688,0.098995
0.010142,-0.027783,0.786636,-0.011415,0.003069,0.954787,0.297055,-0.103934,-0.018878,0.138733,0.271542,-0.281121,0.044246,-0.158960,-0.023695,-0.066748,0.292772,-0.219267,0.023581,-0.071658,0.006813,0.001106,-0.116418,0.188456,-0.382454,1.228563,0.085092,-0.298215,-0.150296,-0.078787,-0.213497,0.375474,1.186404,0.089540,-0.304782,0.098923
0.015826,-0.034398,0.787231,-0.016285,0.002811,0.952249,0.304874,-0.138965,-0.012535,0.147304,0.298604,-0.272026,0.044618,-0.203366,-0.022305,-0.061488,0.329640,-0.204077,0.028933,-0.064883,0.003748,0.017084,-0.111947,0.199026,-0.368820,1.194221,0.051006,-0.301641,-0.125295,-0.092117,-0.215275,0.376739,1.151819,0.107652,-0.315607,0.090683
0.021110,-0.040335,0.787509,-0.020397,0.001054,0.950434,0.310254,-0.163728,-0.003182,0.157660,0.311695,-0.263937,0.041694,-0.228358,-0.021166,-0.069179,0.346098,-0.219957,0.040065,-0.063850,0.002818,0.031541,-0.098328,0.210977,-0.355269,1.159920,0.015018,-0.304031,-0.113973,-0.106916,-0.215172,0.372352,1.114507,0.132074,-0.325734,0.081606
0.026361,-0.045307,0.787705,-0.022637,-0.001337,0.950250,0.310663,-0.180930,0.003964,0.160051,0.317948,-0.256049,0.035899,-0.230210,-0.019822,-0.079417,0.351543,-0.261156,0.048035,-0.068616,0.002796,0.041639,-0.079562,0.222824,-0.354716,1.137112,-0.006821,-0.314068,-0.087626,-0.121631,-0.215091,0.372685,1.080546,0.139749,-0.333187,0.059486
0.032340,-0.050616,0.788065,-0.025693,-0.003264,0.949506,0.312678,-0.201546,0.011032,0.165859,0.325027,-0.245884,0.041371,-0.230236,-0.025667,-0.101529,0.403881,-0.304164,0.033622,-0.062447,0.002859,0.044598,-0.063194,0.233134,-0.356685,1.125769,-0.016967,-0.308464,-0.091076,-0.135912,-0.216852,0.367085,1.041170,0.147087,-0.338752,0.063542
0.037600,-0.055579,0.787998,-0.026627,-0.005500,0.948645,0.315173,-0.211341,0.019391,0.174609,0.322032,-0.239177,0.036633,-0.207536,-0.036987,-0.128325,0.478121,-0.328583,0.022722,-0.047893,0.001637,0.045945,-0.044958,0.241760,-0.349992,1.120234,-0.021797,-0.302333,-0.091932,-0.152498,-0.218979,0.365221,1.016279,0.146016,-0.343783,0.049066
0.043675,-0.060879,0.788080,-0.026416,-0.007129,0.948449,0.315747,-0.223696,0.024298,0.182070,0.324218,-0.226501,0.032097,-0.178776,-0.048180,-0.145559,0.576281,-0.350621,0.007516,-0.031241,-0.000326,0.047217,-0.028724,0.248879,-0.343165,1.125689,-0.019697,-0.302716,-0.091652,-0.172602,-0.223102,0.364284,1.002041,0.130562,-0.351347,0.025715
0.050527,-0.066352,0.787785,-0.025867,-0.007349,0.948250,0.316384,-0.235511,0.025003,0.185752,0.324302,-0.213825,0.034438,-0.140958,-0.046893,-0.137631,0.662164,-0.347546,0.007676,-0.011185,-0.003019,0.046528,-0.008709,0.253525,-0.331631,1.130207,-0.016534,-0.293028,-0.097756,-0.189755,-0.223455,0.369097,0.980464,0.143171,-0.351677,0.034648
0.058421,-0.071874,0.787114,-0.025398,-0.006063,0.947721,0.318031,-0.249244,0.024481,0.189631,0.322454,-0.196464,0.037416,-0.095113,-0.046133,-0.125558,0.723692,-0.313351,0.024887,0.014225,-0.006433,0.039137,0.013620,0.254356,-0.319592,1.146173,-0.027408,-0.291972,-0.093663,-0.204341,-0.227118,0.375744,0.971794,0.160315,-0.355724,0.036813
0.067030,-0.077192,0.785876,-0.022000,-0.003226,0.946602,0.321637,-0.259801,0.020127,0.195208,0.324815,-0.184413,0.038916,-0.040255,-0.040900,-0.099598,0.758285,-0.283032,0.049753,0.044468,-0.014273,0.032383,0.045505,0.255324,-0.304831,1.152913,-0.035144,-0.292742,-0.091395,-0.216959,-0.232599,0.380125,0.973442,0.145405,-0.355783,0.023837
0.076849,-0.083726,0.783633,-0.020227,0.000838,0.945476,0.325061,-0.275369,0.014473,0.202975,0.323354,-0.169622,0.040794,0.010050,-0.034253,-0.072960,0.766999,-0.244298,0.079907,0.071087,-0.021726,0.022294,0.071756,0.255942,-0.291615,1.166505,-0.034110,-0.301354,-0.108450,-0.237793,-0.235838,0.381601,0.987210,0.122632,-0.355596,0.018979
0.088136,-0.090677,0.780747,-0.018496,0.006499,0.943472,0.330872,-0.291145,0.009253,0.217716,0.317473,-0.155478,0.043656,0.054008,-0.028400,-0.038023,0.749934,-0.204681,0.106990,0.104165,-0.029228,0.007218,0.100853,0.255415,-0.283257,1.172898,-0.035158,-0.297366,-0.122824,-0.246789,-0.241145,0.379630,0.997599,0.116119,-0.349572,0.021477
0.101488,-0.098483,0.777055,-0.016147,0.010688,0.941467,0.336550,-0.313648,0.007335,0.227231,0.320659,-0.144803,0.050832,0.093205,-0.025627,-0.009284,0.707544,-0.180931,0.128516,0.134423,-0.034155,-0.000582,0.120081,0.255367,-0.275289,1.183674,-0.023029,-0.298123,-0.140503,-0.259596,-0.248102,0.382575,1.012028,0.098266,-0.350002,0.017276
0.116842,-0.107422,0.772444,-0.011117,0.012209,0.939483,0.342196,-0.330285,0.013372,0.245527,0.325728,-0.133390,0.043651,0.129655,-0.024835,0.015178,0.640263,-0.203785,0.138492,0.158046,-0.033737,-0.000937,0.137991,0.253971,-0.265242,1.192713,-0.023665,-0.298658,-0.150867,-0.271096,-0.253219,0.382971,1.024242,0.087015,-0.348110,0.012441
0.134751,-0.117130,0.767539,-0.004041,0.011547,0.938483,0.345110,-0.354566,0.021643,0.250637,0.344854,-0.121568,0.042527,0.160360,-0.011847,0.054952,0.559540,-0.263003,0.138183,0.168476,-0.026415,0.005812,0.151050,0.247219,-0.265728,1.204980,-0.022464,-0.294699,-0.149744,-0.284969,-0.260805,0.387551,1.039391,0.077885,-0.338741,0.005590
0.155321,-0.127891,0.763086,0.005064,0.006032,0.937009,0.349217,-0.373270,0.040091,0.249764,0.359811,-0.096409,0.029426,0.177374,-0.001999,0.060220,0.528443,-0.331184,0.108922,0.175593,-0.010388,0.023028,0.153683,0.240023,-0.265234,1.216706,-0.033033,-0.289657,-0.149887,-0.298475,-0.265465,0.389865,1.049049,0.084236,-0.336882,0.004704
0.178588,-0.140123,0.760391,0.015904,-0.004262,0.935361,0.353312,-0.379683,0.067742,0.247537,0.354941,-0.044838,0.003942,0.189768,0.016296,0.046516,0.496180,-0.393223,0.066868,0.177511,0.015848,0.049104,0.144334,0.231899,-0.269669,1.231558,-0.044364,-0.279984,-0.155262,-0.309814,-0.268058,0.387992,1.059515,0.088774,-0.334815,0.007164
0.204387,-0.153908,0.759918,0.024406,-0.016289,0.933962,0.356165,-0.378457,0.095884,0.235938,0.314767,0.036389,-0.034007,0.191101,0.040394,0.016484,0.468907,-0.414933,0.026581,0.172771,0.047477,0.076724,0.118802,0.220728,-0.273728,1.247426,-0.065891,-0.272710,-0.150420,-0.319779,-0.269421,0.385569,1.073940,0.095296,-0.339494,0.007591
0.230549,-0.168422,0.760753,0.028885,-0.025453,0.934679,0.353401,-0.372570,0.112130,0.208998,0.240148,0.141572,-0.081008,0.183571,0.060508,-0.023392,0.430227,-0.432334,-0.000116,0.156261,0.072553,0.095187,0.094372,0.215571,-0.284021,1.248609,-0.067420,-0.270834,-0.142455,-0.311425,-0.272933,0.392264,1.076628,0.104855,-0.337234,0.014312
0.254929,-0.183349,0.762547,0.032786,-0.026182,0.935339,0.351255,-0.354846,0.113340,0.180816,0.174075,0.155069,-0.106150,0.159770,0.061804,-0.043684,0.412015,-0.441005,-0.012984,0.138196,0.076997,0.107886,0.075701,0.213620,-0.285228,1.232350,-0.080894,-0.271441,-0.125929,-0.287457,-0.274917,0.397392,1.075592,0.109135,-0.337309,0.015091
0.277412,-0.197558,0.766224,0.038839,-0.019876,0.935704,0.350079,-0.327961,0.106583,0.174645,0.196533,0.001808,-0.089477,0.128517,0.046343,-0.057408,0.410777,-0.441917,-0.016395,0.118761,0.063046,0.123521,0.051994,0.215405,-0.283591,1.210327,-0.097927,-0.277413,-0.111441,-0.256174,-0.275612,0.402353,1.077669,0.124984,-0.338031,0.020634
0.298253,-0.212199,0.772131,0.042171,-0.011048,0.937563,0.345074,-0.296436,0.108190,0.224208,0.301130,-0.150382,-0.062001,0.090257,0.025070,-0.070432,0.410027,-0.424771,-0.012322,0.090186,0.044817,0.129439,0.021316,0.213790,-0.282789,1.191228,-0.101886,-0.278424,-0.100530,-0.217902,-0.282774,0.410191,1.088423,0.114022,-0.333184,0.028108
0.317785,-0.226055,0.778352,0.042685,-0.003787,0.940294,0.337655,-0.258360,0.123939,0.279385,0.455057,-0.265563,-0.044557,0.053528,0.006724,-0.087232,0.403742,-0.391550,-0.010652,0.057379,0.030951,0.124032,-0.013430,0.215749,-0.287195,1.174086,-0.098179,-0.286215,-0.100863,-0.164184,-0.285544,0.411709,1.102256,0.117375,-0.333485,0.032230
0.335987,-0.240095,0.784400,0.038674,0.005550,0.943382,0.329400,-0.206942,0.133298,0.314468,0.593134,-0.330280,-0.028345,0.013369,-0.012981,-0.098398,0.382786,-0.347909,-0.006736,0.023101,0.015409,0.100664,-0.037934,0.220302,-0.288890,1.147466,-0.069179,-0.296265,-0.099786,-0.102426,-0.293108,0.418187,1.125994,0.060952,-0.328384,0.035059
0.353681,-0.254204,0.788892,0.036110,0.012741,0.945090,0.324558,-0.137896,0.133258,0.318272,0.705625,-0.359245,-0.013386,-0.018257,-0.030587,-0.112702,0.355218,-0.308032,-0.006266,-0.008182,0.004582,0.078290,-0.051835,0.227002,-0.292342,1.107392,-0.060080,-0.314370,-0.115229,-0.041020,-0.301215,0.410186,1.155468,0.057663,-0.319392,0.062246
0.371480,-0.268837,0.790447,0.028884,0.017155,0.946547,0.320812,-0.071018,0.128735,0.299522,0.782878,-0.345591,-0.011429,-0.064104,-0.038419,-0.121775,0.338222,-0.273463,-0.008478,-0.039465,0.001951,0.048131,-0.065695,0.236991,-0.299459,1.068340,-0.031968,-0.340895,-0.122717,0.017819,-0.309854,0.392131,1.192662,0.060946,-0.314979,0.092743
0.389015,-0.284607,0.789688,0.022262,0.019244,0.947400,0.318696,0.008433,0.116057,0.270077,0.809020,-0.317181,-0.020079,-0.114536,-0.042508,-0.125913,0.336638,-0.251749,-0.014934,-0.070209,0.004537,0.021160,-0.078596,0.243531,-0.290610,1.028223,-0.022640,-0.344184,-0.119790,0.070411,-0.320372,0.376055,1.235977,0.040759,-0.308922,0.101090
0.407400,-0.301665,0.785996,0.015198,0.019194,0.948714,0.315187,0.085950,0.099444,0.229827,0.802559,-0.290360,-0.036298,-0.175171,-0.043670,-0.127954,0.355181,-0.238194,-0.023349,-0.106296,0.010679,-0.001069,-0.090955,0.253804,-0.280765,0.990054,-0.009176,-0.354851,-0.105156,0.113718,-0.331476,0.350810,1.270917,0.027917,-0.292874,0.105406
0.425912,-0.320486,0.780085,0.008699,0.017964,0.950649,0.309626,0.162253,0.075107,0.176075,0.760791,-0.285648,-0.054850,-0.250567,-0.047062,-0.130008,0.401815,-0.233205,-0.026395,-0.143715,0.020515,-0.017273,-0.104983,0.257429,-0.268010,0.960525,-0.001228,-0.355613,-0.090038,0.150854,-0.344400,0.321947,1.305207,0.021936,-0.282896,0.103019
0.446876,-0.341106,0.771821,0.001356,0.014711,0.952820,0.303176,0.222393,0.048710,0.102378,0.703649,-0.283561,-0.080845,-0.339457,-0.050952,-0.137306,0.465907,-0.221838,-0.022570,-0.184414,0.031951,-0.025763,-0.122630,0.270478,-0.261813,0.934623,0.010594,-0.351969,-0.070587,0.171867,-0.354383,0.289250,1.335150,0.027390,-0.267284,0.093101
0.468718,-0.363488,0.762742,-0.002469,0.010921,0.954372,0.298411,0.275101,0.019814,0.023570,0.638762,-0.297025,-0.098161,-0.416316,-0.053773,-0.137729,0.511384,-0.196497,-0.017645,-0.218718,0.039098,-0.023870,-0.129972,0.276334,-0.243407,0.911541,0.004635,-0.362086,-0.049088,0.189532,-0.359319,0.260273,1.351210,0.035136,-0.264588,0.080722
0.492847,-0.387729,0.754727,-0.002132,0.011576,0.956046,0.292982,0.304627,-0.003962,-0.028643,0.583974,-0.331812,-0.080653,-0.481959,-0.070878,-0.135485,0.535876,-0.161436,-0.008658,-0.245401,0.033600,-0.010988,-0.152391,0.277983,-0.235388,0.904050,-0.010557,-0.359882,-0.025205,0.195450,-0.358545,0.241535,1.355172,0.049185,-0.261033,0.072583
0.518996,-0.414608,0.748228,-0.002390,0.011985,0.957948,0.286681,0.313265,-0.026277,-0.078333,0.508903,-0.375666,-0.087579,-0.528088,-0.091403,-0.143499,0.513907,-0.130868,0.013154,-0.261165,0.028676,0.008082,-0.185887,0.279311,-0.233541,0.910382,-0.012729,-0.368231,-0.013833,0.194337,-0.349808,0.225954,1.348596,0.058540,-0.265274,0.052572
0.546757,-0.442772,0.745767,0.002063,0.013756,0.959466,0.281481,0.296726,-0.049835,-0.097334,0.470901,-0.452186,-0.063175,-0.545973,-0.105025,-0.131640,0.449333,-0.155809,0.042782,-0.269864,0.017034,0.034666,-0.221026,0.284931,-0.239527,0.935728,0.012883,-0.364437,-0.011429,0.183403,-0.335050,0.231846,1.334919,0.073009,-0.270679,0.042451
0.575852,-0.471104,0.747412,0.006521,0.014977,0.960374,0.278236,0.267776,-0.059138,-0.059461,0.437285,-0.496737,-0.052473,-0.540210,-0.119932,-0.134416,0.353878,-0.227044,0.046562,-0.271426,0.001793,0.065082,-0.250221,0.285178,-0.242609,0.969805,0.017404,-0.362282,-0.012245,0.157300,-0.315344,0.244589,1.318040,0.084867,-0.284719,0.051159
0.604305,-0.498300,0.750757,0.012174,0.018794,0.959153,0.282001,0.242447,-0.076700,-0.013438,0.394470,-0.511175,-0.043118,-0.504609,-0.144192,-0.188493,0.237673,-0.259022,0.067340,-0.260752,-0.019124,0.092957,-0.261430,0.281233,-0.234672,1.011888,-0.004609,-0.361126,-0.010133,0.120821,-0.298396,0.262367,1.290251,0.064273,-0.309806,0.033559
0.630828,-0.523701,0.754908,0.014642,0.024645,0.956232,0.291202,0.204806,-0.099070,0.022172,0.365414,-0.514415,-0.010344,-0.482776,-0.164012,-0.220470,0.224552,-0.231941,0.073088,-0.230134,-0.039294,0.108690,-0.263551,0.285538,-0.250308,1.051738,0.000999,-0.356168,-0.045804,0.096166,-0.281791,0.266530,1.239174,0.071136,-0.316288,0.053212
0.654908,-0.546333,0.761673,0.015001,0.023544,0.955137,0.294847,0.158168,-0.105537,0.039092,0.358853,-0.497490,0.017443,-0.457480,-0.166703,-0.203234,0.287611,-0.210898,0.066772,-0.207261,-0.040316,0.120007,-0.244277,0.279405,-0.270051,1.093877,0.005828,-0.346935,-0.058874,0.081858,-0.273552,0.274079,1.177269,0.090257,-0.327806,0.065027
0.677475,-0.567188,0.771112,0.011921,0.017978,0.953180,0.301633,0.110323,-0.094365,0.063272,0.350768,-0.456176,0.025718,-0.429835,-0.152356,-0.182467,0.365693,-0.212990,0.061303,-0.182078,-0.026698,0.119075,-0.208452,0.274569,-0.294288,1.143899,0.029745,-0.336025,-0.061989,0.057665,-0.268133,0.287943,1.138362,0.103950,-0.339399,0.057964
0.698676,-0.586069,0.781332,0.007469,0.010858,0.950399,0.310755,0.071872,-0.075722,0.084965,0.327893,-0.396882,0.021199,-0.390971,-0.127895,-0.153432,0.449497,-0.232047,0.056134,-0.154784,-0.006449,0.109607,-0.159152,0.262930,-0.314684,1.203114,0.035580,-0.313959,-0.089630,0.027287,-0.267214,0.308619,1.117471,0.120761,-0.343354,0.066729
0.719044,-0.603065,0.789869,0.003293,0.005375,0.947302,0.320279,0.040144,-0.059020,0.101514,0.297162,-0.334420,0.010553,-0.337994,-0.109233,-0.140663,0.532922,-0.256059,0.057037,-0.128596,0.008189,0.093224,-0.101264,0.258782,-0.330549,1.256461,0.044737,-0.300124,-0.122290,-0.004255,-0.270316,0.328795,1.096455,0.114234,-0.344593,0.078726
0.738488,-0.619071,0.796049,0.000987,0.000141,0.944513,0.328473,0.019532,-0.043391,0.122287,0.259042,-0.281704,0.005907,-0.268993,-0.103478,-0.142928,0.621221,-0.288339,0.049460,-0.103544,0.019939,0.076677,-0.036509,0.259920,-0.342568,1.291743,0.062064,-0.289313,-0.151725,-0.027334,-0.275932,0.341745,1.059446,0.093756,-0.343188,0.076001
0.758391,-0.634230,0.798463,-0.001440,-0.001968,0.941529,0.336923,-0.007217,-0.033808,0.138541,0.231504,-0.251691,0.008853,-0.189015,-0.115277,-0.162015,0.698836,-0.292362,0.049812,-0.075158,0.024715,0.058816,0.022938,0.265825,-0.351333,1.317394,0.080114,-0.283948,-0.182000,-0.050526,-0.283401,0.346137,1.022944,0.082754,-0.350237,0.060322
0.778749,-0.649640,0.797169,-0.004977,-0.001936,0.940047,0.341003,-0.046909,-0.027692,0.152092,0.219795,-0.236991,0.020887,-0.110288,-0.124207,-0.173024,0.764627,-0.295088,0.044574,-0.050155,0.025575,0.035101,0.083248,0.277340,-0.350629,1.326998,0.090410,-0.285407,-0.209879,-0.068923,-0.290798,0.348596,0.987506,0.086692,-0.364470,0.053566
0.800633,-0.665807,0.792898,-0.005641,0.003235,0.937687,0.347421,-0.099031,-0.032663,0.167383,0.234785,-0.233198,0.042074,-0.031189,-0.130489,-0.154706,0.802794,-0.256425,0.060578,-0.012026,0.014745,0.015644,0.134769,0.292579,-0.343507,1.324077,0.101813,-0.283669,-0.229409,-0.080236,-0.301778,0.341432,0.944336,0.089098,-0.369496,0.057196
0.824393,-0.682126,0.786012,-0.006385,0.012067,0.935489,0.353093,-0.169920,-0.039665,0.181026,0.277626,-0.233753,0.065037,0.038478,-0.111485,-0.094943,0.806823,-0.197443,0.094437,0.032675,-0.004736,-0.006037,0.174557,0.311390,-0.324047,1.320259,0.103917,-0.285288,-0.240980,-0.086604,-0.311722,0.327114,0.906871,0.079507,-0.372953,0.029309
0.850908,-0.699646,0.777380,-0.008372,0.020849,0.933665,0.357442,-0.262373,-0.040636,0.193829,0.346800,-0.237609,0.083875,0.093597,-0.070090,-0.006686,0.790982,-0.167122,0.126361,0.079390,-0.026028,-0.019649,0.196917,0.334295,-0.289715,1.306275,0.096236,-0.290486,-0.238459,-0.097170,-0.320574,0.307263,0.875817,0.077423,-0.381798,0.017927
0.878517,-0.717798,0.767846,-0.007739,0.026960,0.933131,0.358441,-0.352348,-0.036391,0.206964,0.419530,-0.230574,0.092784,0.153447,-0.036915,0.064492,0.741359,-0.130210,0.154216,0.119491,-0.043209,-0.018320,0.203384,0.353049,-0.243406,1.293467,0.064477,-0.295275,-0.228171,-0.113989,-0.331349,0.287228,0.856757,0.073955,-0.386292,-0.003063
0.908396,-0.737226,0.758536,-0.004115,0.029888,0.932391,0.360191,-0.419864,-0.027709,0.216639,0.454815,-0.203369,0.093669,0.204584,-0.002486,0.142595,0.672556,-0.136388,0.173294,0.153502,-0.051367,-0.003750,0.203452,0.360768,-0.192241,1.274904,0.017905,-0.287699,-0.204812,-0.134272,-0.346494,0.279771,0.845770,0.054635,-0.389839,-0.030771
0.940577,-0.758244,0.751511,0.001504,0.026126,0.931471,0.362873,-0.460993,-0.007279,0.223328,0.450593,-0.184021,0.079957,0.239652,0.018353,0.190218,0.575099,-0.237396,0.143449,0.179248,-0.043257,0.021268,0.196231,0.359450,-0.158270,1.248907,-0.021144,-0.284393,-0.179205,-0.166474,-0.361059,0.281697,0.851009,0.056184,-0.387016,-0.040414
0.974664,-0.780685,0.747444,0.006124,0.016903,0.929822,0.367570,-0.477984,0.025014,0.230909,0.403652,-0.197124,0.051101,0.246698,0.033721,0.180246,0.512687,-0.343041,0.098803,0.199890,-0.020561,0.047032,0.179737,0.350834,-0.139999,1.224105,-0.047764,-0.279990,-0.148894,-0.207428,-0.374067,0.284710,0.870030,0.082389,-0.380076,-0.035430
1.008613,-0.804085,0.747064,0.012321,0.001427,0.928657,0.370732,-0.461903,0.061539,0.235815,0.317194,-0.241852,0.011923,0.253253,0.044185,0.103129,0.435827,-0.436325,0.062726,0.208208,0.017722,0.081289,0.160726,0.338807,-0.127203,1.189145,-0.066094,-0.281830,-0.126785,-0.242792,-0.390631,0.294550,0.892939,0.070867,-0.384255,-0.028463
1.042411,-0.827689,0.749137,0.018867,-0.015331,0.931188,0.363728,-0.421879,0.093988,0.265679,0.214440,-0.262717,-0.030299,0.256426,0.070895,0.036142,0.366247,-0.473653,0.021124,0.193696,0.061494,0.120590,0.124070,0.325647,-0.132093,1.156100,-0.083852,-0.282416,-0.119700,-0.275697,-0.410047,0.301429,0.916368,0.091147,-0.371422,-0.002921
1.073552,-0.850463,0.752372,0.020307,-0.019554,0.935726,0.351598,-0.405724,0.105476,0.294280,0.219564,-0.250841,-0.038406,0.219863,0.085021,0.010840,0.339781,-0.484639,-0.012288,0.165834,0.074739,0.139591,0.093997,0.320149,-0.139830,1.118426,-0.103178,-0.286319,-0.124439,-0.279448,-0.419777,0.313484,0.924466,0.103845,-0.373419,0.000978
1.101579,-0.871845,0.759057,0.024591,-0.015397,0.938159,0.344987,-0.387843,0.097740,0.272620,0.325303,-0.264037,-0.031918,0.177408,0.073818,-0.008100,0.329773,-0.471260,-0.033020,0.143044,0.066274,0.153755,0.078406,0.319804,-0.148186,1.074575,-0.108461,-0.297153,-0.120668,-0.261835,-0.427117,0.328446,0.919325,0.098394,-0.370598,0.012943
1.127323,-0.892286,0.768553,0.026289,-0.006109,0.940353,0.339129,-0.359947,0.079178,0.241444,0.456117,-0.288939,-0.022350,0.122064,0.049950,-0.026182,0.330701,-0.429983,-0.039060,0.123949,0.047751,0.150717,0.052082,0.319688,-0.165616,1.054186,-0.096946,-0.307240,-0.119802,-0.226581,-0.422820,0.325275,0.928320,0.096136,-0.374504,0.018838
1.150573,-0.911711,0.778105,0.024305,0.004959,0.943680,0.329927,-0.310330,0.065797,0.232944,0.566114,-0.311367,-0.012984,0.070040,0.023319,-0.039882,0.314842,-0.373915,-0.031096,0.097358,0.026471,0.130968,0.025495,0.321335,-0.182127,1.039053,-0.083782,-0.315978,-0.127762,-0.177783,-0.420055,0.328024,0.937498,0.086114,-0.375728,0.030395
1.172775,-0.931265,0.786148,0.020159,0.015423,0.947052,0.320077,-0.243499,0.069013,0.248811,0.659666,-0.334108,-0.010459,0.019117,-0.003890,-0.055810,0.292162,-0.314818,-0.013623,0.067377,0.008412,0.103472,0.010613,0.322379,-0.187533,1.006681,-0.079734,-0.329498,-0.139902,-0.124644,-0.420503,0.324274,0.946051,0.078714,-0.376124,0.052008
1.194712,-0.950791,0.790853,0.015963,0.022808,0.950199,0.310398,-0.166691,0.081180,0.261155,0.731670,-0.334746,-0.005123,-0.029671,-0.026504,-0.076721,0.273774,-0.266139,-0.008141,0.034034,-0.005257,0.076749,-0.000888,0.334795,-0.188956,0.964109,-0.061727,-0.338030,-0.151545,-0.071797,-0.420234,0.321301,0.948081,0.065215,-0.370072,0.069988
1.217053,-0.971117,0.790948,0.009227,0.027433,0.952219,0.304043,-0.087338,0.100729,0.265992,0.777956,-0.322564,0.000914,-0.094130,-0.042075,-0.090367,0.279234,-0.241448,-0.014527,-0.002545,-0.009232,0.048415,-0.007451,0.341665,-0.178323,0.913869,-0.064616,-0.349636,-0.169863,-0.030011,-0.426066,0.321408,0.949294,0.050223,-0.370346,0.086159
1.239950,-0.992458,0.786458,0.002771,0.027216,0.954663,0.296430,-0.007066,0.115200,0.239662,0.796221,-0.280916,-0.017387,-0.166549,-0.048393,-0.098923,0.309190,-0.240649,-0.026402,-0.045496,-0.002984,0.026976,-0.012938,0.352015,-0.167201,0.856695,-0.077016,-0.348778,-0.155379,0.002505,-0.430634,0.302989,0.951866,0.069532,-0.366691,0.108030
1.264126,-1.015855,0.778049,-0.004099,0.025946,0.956965,0.289011,0.060662,0.119132,0.192393,0.794080,-0.262849,-0.029236,-0.269884,-0.057086,-0.103352,0.394685,-0.251905,-0.035595,-0.089056,0.004841,0.013173,-0.027927,0.362518,-0.153452,0.810163,-0.073448,-0.351068,-0.125255,0.023642,-0.441113,0.288836,0.945498,0.062770,-0.365298,0.096849
1.289331,-1.040890,0.768058,-0.005862,0.021555,0.959928,0.279357,0.127389,0.112224,0.119669,0.774990,-0.268069,-0.038110,-0.373385,-0.067809,-0.106897,0.497944,-0.261824,-0.031802,-0.137854,0.014938,0.016883,-0.049601,0.373970,-0.142648,0.776313,-0.077575,-0.349522,-0.099576,0.028655,-0.447379,0.275302,0.949252,0.078327,-0.353622,0.099551
1.314195,-1.066711,0.757249,-0.004008,0.015586,0.962255,0.271672,0.196040,0.089377,0.031357,0.734102,-0.289310,-0.059262,-0.454837,-0.074885,-0.104252,0.567313,-0.256057,-0.024223,-0.185060,0.025378,0.033586,-0.073805,0.385196,-0.130612,0.759326,-0.076262,-0.348950,-0.070533,0.018613,-0.451680,0.264945,0.967627,0.081263,-0.346688,0.094765
1.340316,-1.093142,0.747228,-0.002624,0.009156,0.964661,0.263321,0.242734,0.068552,-0.050689,0.692698,-0.335376,-0.072693,-0.519102,-0.080393,-0.103183,0.596491,-0.237379,-0.018797,-0.220102,0.033572,0.044321,-0.098467,0.398670,-0.140509,0.755842,-0.065411,-0.348183,-0.041712,0.017605,-0.449663,0.243680,0.989033,0.088274,-0.337641,0.083173
1.368113,-1.121932,0.739784,-0.002697,0.002433,0.967113,0.254321,0.261351,0.054063,-0.110794,0.643801,-0.358544,-0.079195,-0.566374,-0.085989,-0.100391,0.578067,-0.228573,-0.001133,-0.245871,0.046747,0.059645,-0.138737,0.397775,-0.151455,0.772078,-0.051245,-0.344449,-0.022007,0.011903,-0.449769,0.218478,1.013243,0.081542,-0.331943,0.062868
1.397947,-1.152801,0.735439,0.001598,0.000922,0.968955,0.247232,0.254984,0.038539,-0.112194,0.594793,-0.456586,-0.072143,-0.593101,-0.106881,-0.098757,0.532932,-0.256776,0.015567,-0.262189,0.045536,0.087936,-0.185150,0.397040,-0.157354,0.794968,-0.051521,-0.348496,-0.013802,-0.003129,-0.441630,0.192108,1.029571,0.136290,-0.333528,0.063015
1.429954,-1.184080,0.734596,0.007872,0.001877,0.970167,0.242302,0.225224,0.035298,-0.050597,0.571329,-0.531860,-0.062459,-0.597185,-0.128422,-0.099362,0.455327,-0.316343,0.018656,-0.272007,0.034239,0.124345,-0.218318,0.401573,-0.165409,0.805701,-0.063504,-0.349112,-0.017689,-0.024750,-0.437795,0.176855,1.024751,0.167903,-0.331539,0.060444
1.462651,-1.214504,0.735790,0.015082,0.006034,0.968514,0.248428,0.184152,0.015775,0.001618,0.563095,-0.577061,-0.037783,-0.577122,-0.155664,-0.138650,0.350550,-0.346696,0.029517,-0.262028,0.016349,0.159092,-0.232877,0.409145,-0.176682,0.809219,-0.081837,-0.346286,-0.007602,-0.047813,-0.432347,0.178390,1.001750,0.200333,-0.336768,0.051025
1.492052,-1.242709,0.737156,0.014092,0.013854,0.966758,0.254928,0.124704,-0.014867,0.030487,0.554990,-0.600431,-0.007595,-0.564688,-0.186972,-0.192641,0.310971,-0.303620,0.047145,-0.243186,0.001911,0.164537,-0.234041,0.415286,-0.199891,0.817046,-0.099030,-0.348067,-0.024216,-0.054511,-0.428659,0.177664,0.961237,0.242016,-0.352462,0.059971
1.518475,-1.267680,0.741789,0.008674,0.017901,0.964481,0.263403,0.060586,-0.031190,0.063734,0.549554,-0.596719,0.030013,-0.560574,-0.198863,-0.208089,0.368589,-0.254051,0.046700,-0.214161,-0.000264,0.155399,-0.217974,0.414232,-0.217712,0.828421,-0.078722,-0.344250,-0.036436,-0.049267,-0.424774,0.181010,0.913174,0.229226,-0.360524,0.050208
1.543192,-1.290237,0.750210,0.004192,0.018087,0.960554,0.277474,0.007725,-0.031442,0.109075,0.537061,-0.557193,0.051442,-0.544894,-0.196540,-0.211033,0.479914,-0.234582,0.029080,-0.173510,0.003624,0.144081,-0.186389,0.404286,-0.226423,0.859017,-0.062955,-0.343684,-0.053213,-0.052536,-0.415479,0.186815,0.897997,0.217148,-0.362719,0.039655
1.567105,-1.310194,0.761075,0.001229,0.013526,0.955788,0.293743,-0.031721,-0.020374,0.134933,0.512099,-0.493671,0.047909,-0.503907,-0.180683,-0.210763,0.601717,-0.260138,0.021707,-0.135057,0.015706,0.133880,-0.142859,0.386884,-0.234292,0.912201,-0.068941,-0.336329,-0.053983,-0.067236,-0.406720,0.209483,0.905883,0.215445,-0.370806,0.013388
1.589807,-1.328544,0.771637,-0.002261,0.006757,0.952031,0.305919,-0.068622,-0.001696,0.151648,0.486810,-0.422870,0.034638,-0.435167,-0.176638,-0.233717,0.714062,-0.281683,0.013749,-0.103098,0.032650,0.118904,-0.098299,0.364940,-0.234708,0.979825,-0.077881,-0.328698,-0.082813,-0.081787,-0.397920,0.228076,0.920600,0.213309,-0.372114,0.030320
1.611897,-1.345318,0.780177,-0.004011,-0.000521,0.949965,0.312330,-0.097284,0.017981,0.163846,0.456925,-0.362991,0.030593,-0.341118,-0.178461,-0.260674,0.808258,-0.295025,0.010001,-0.083371,0.049128,0.104777,-0.052291,0.346685,-0.240001,1.049404,-0.074087,-0.321823,-0.101107,-0.095161,-0.393830,0.244588,0.926372,0.187214,-0.374480,0.034278
1.634012,-1.361318,0.784982,-0.005773,-0.005423,0.947378,0.320020,-0.120681,0.034025,0.180193,0.420383,-0.315986,0.029511,-0.240418,-0.184828,-0.280200,0.886424,-0.283450,0.004091,-0.056934,0.059226,0.086862,-0.009956,0.334145,-0.255951,1.115992,-0.037779,-0.318442,-0.111080,-0.099496,-0.388483,0.251180,0.916130,0.151266,-0.387167,0.007978
1.656775,-1.377023,0.785244,-0.007969,-0.005290,0.944686,0.327836,-0.151183,0.043347,0.207921,0.392825,-0.283635,0.036176,-0.129185,-0.186847,-0.277091,0.903638,-0.216890,0.041752,-0.025198,0.059191,0.064465,0.032096,0.325034,-0.273449,1.168326,0.009527,-0.307013,-0.119286,-0.101488,-0.383992,0.254661,0.897429,0.134238,-0.388946,0.001253
1.681380,-1.392603,0.781624,-0.009141,-0.003762,0.942144,0.335063,-0.191929,0.051044,0.225499,0.384776,-0.267406,0.047186,-0.037492,-0.160636,-0.228185,0.901955,-0.190332,0.061033,0.010681,0.053990,0.041546,0.075337,0.320793,-0.287770,1.204870,0.031153,-0.304298,-0.132615,-0.092904,-0.373995,0.256350,0.880809,0.169956,-0.397499,-0.004183
1.708378,-1.408877,0.774157,-0.010805,0.001886,0.938054,0.346314,-0.251653,0.054038,0.232270,0.401146,-0.262484,0.063233,0.038218,-0.137242,-0.159515,0.875824,-0.157319,0.085845,0.056253,0.038329,0.021733,0.113015,0.322902,-0.286595,1.229300,0.057110,-0.312380,-0.133259,-0.090961,-0.373498,0.260972,0.859650,0.131524,-0.419056,-0.034270
1.738111,-1.426020,0.764233,-0.013194,0.011021,0.934525,0.355481,-0.333878,0.060368,0.251207,0.446098,-0.253945,0.081965,0.094685,-0.098599,-0.055951,0.837186,-0.126835,0.109355,0.097676,0.015149,0.006128,0.136830,0.327566,-0.255306,1.255267,0.039789,-0.322689,-0.159445,-0.102487,-0.372689,0.261415,0.854212,0.096148,-0.427194,-0.040616
1.770127,-1.444422,0.753421,-0.013439,0.019479,0.931651,0.362582,-0.417441,0.070408,0.266062,0.492429,-0.231798,0.093309,0.148506,-0.072319,0.031839,0.773020,-0.113542,0.135330,0.130881,-0.009413,0.005186,0.147740,0.335389,-0.227929,1.267376,0.029373,-0.314946,-0.153796,-0.127942,-0.372373,0.259433,0.859517,0.054375,-0.417973,-0.056483
1.804347,-1.464752,0.743282,-0.009249,0.023646,0.929131,0.368877,-0.481561,0.085473,0.277273,0.514135,-0.197531,0.086855,0.197388,-0.059557,0.102122,0.693461,-0.166391,0.140575,0.156722,-0.024591,0.021385,0.147247,0.339714,-0.215532,1.276901,0.023642,-0.313549,-0.141080,-0.155279,-0.368682,0.269289,0.874923,0.056573,-0.412225,-0.050359
1.839869,-1.485572,0.735364,-0.004143,0.022765,0.927217,0.373809,-0.519149,0.101400,0.280927,0.486958,-0.188193,0.063483,0.231897,-0.032120,0.168558,0.591462,-0.276829,0.150335,0.173498,-0.023909,0.041913,0.138846,0.336534,-0.205510,1.279316,0.014178,-0.311739,-0.125553,-0.184124,-0.368341,0.282413,0.898975,0.061149,-0.405538,-0.055243
1.876277,-1.507527,0.731410,0.002694,0.012035,0.925898,0.377572,-0.524665,0.124210,0.271915,0.419873,-0.220807,0.031597,0.240872,-0.020293,0.135266,0.525607,-0.403873,0.106521,0.180635,-0.001463,0.068434,0.132725,0.331000,-0.196013,1.265514,-0.000313,-0.312121,-0.106632,-0.205828,-0.370669,0.295837,0.922855,0.060375,-0.403813,-0.050581
1.913315,-1.530971,0.732143,0.015258,-0.008399,0.926858,0.375009,-0.482301,0.155760,0.284898,0.312346,-0.261272,-0.011491,0.257817,0.006563,0.066373,0.457827,-0.468102,0.074391,0.170948,0.047098,0.118019,0.113218,0.316809,-0.189534,1.237387,-0.014484,-0.305290,-0.078767,-0.227174,-0.383676,0.307696,0.945153,0.058861,-0.405310,-0.045693
1.949085,-1.555392,0.734380,0.018985,-0.024960,0.931150,0.363284,-0.444987,0.182857,0.335665,0.229817,-0.254447,-0.036513,0.235606,0.042733,0.010201,0.423810,-0.495941,0.045887,0.142679,0.090111,0.148358,0.085946,0.304287,-0.199753,1.205257,-0.023675,-0.304295,-0.045910,-0.232122,-0.398317,0.321174,0.955890,0.061317,-0.401261,-0.061549
1.981228,-1.576990,0.738699,0.020079,-0.026758,0.935304,0.352259,-0.422889,0.186410,0.355862,0.267353,-0.250988,-0.032310,0.184135,0.053137,-0.022215,0.422720,-0.511117,0.010589,0.110988,0.096241,0.155843,0.069906,0.298959,-0.200993,1.171418,-0.041855,-0.314232,-0.035427,-0.216016,-0.399582,0.318910,0.978676,0.108363,-0.408067,-0.013715
2.010507,-1.597470,0.746449,0.021934,-0.020661,0.938695,0.343429,-0.397982,0.179126,0.365144,0.380767,-0.278157,-0.019929,0.133331,0.040117,-0.056064,0.415722,-0.497786,-0.014648,0.082474,0.081542,0.155879,0.052870,0.302893,-0.203707,1.143612,-0.042134,-0.323024,-0.037209,-0.192088,-0.399203,0.321628,1.006145,0.102001,-0.392542,-0.004816
2.037522,-1.617726,0.756429,0.021868,-0.010719,0.941962,0.334835,-0.365763,0.166266,0.365282,0.514087,-0.311566,-0.000563,0.081916,0.018915,-0.075502,0.400920,-0.460547,-0.026772,0.060020,0.061150,0.142242,0.023979,0.306116,-0.214590,1.137197,-0.028399,-0.334727,-0.049625,-0.149638,-0.396384,0.322112,1.035062,0.069452,-0.385095,0.010144
2.062195,-1.638523,0.766142,0.021439,-0.000286,0.945461,0.325029,-0.316854,0.149108,0.353551,0.641238,-0.340044,0.014241,0.033796,-0.007557,-0.089250,0.382312,-0.405222,-0.025931,0.036234,0.041227,0.124208,-0.006807,0.309991,-0.225911,1.133588,-0.015471,-0.336937,-0.059416,-0.100116,-0.390111,0.308490,1.085239,0.079196,-0.365647,0.028120
2.085535,-1.658770,0.774181,0.021348,0.008654,0.948175,0.316914,-0.246774,0.137767,0.345250,0.747551,-0.356057,0.022643,-0.009706,-0.037810,-0.108572,0.357810,-0.355206,-0.017139,0.013449,0.024713,0.104468,-0.032346,0.313428,-0.229179,1.121761,-0.007008,-0.340792,-0.062006,-0.050489,-0.388209,0.295055,1.120470,0.079156,-0.356900,0.045700
2.108912,-1.679421,0.777825,0.019782,0.016095,0.949414,0.312990,-0.169567,0.131635,0.325475,0.835895,-0.350710,0.021780,-0.054767,-0.060977,-0.119707,0.335206,-0.310010,-0.008924,-0.004392,0.013287,0.081376,-0.050737,0.319123,-0.223012,1.098578,0.004075,-0.347314,-0.058064,-0.005457,-0.393760,0.286132,1.149909,0.064061,-0.354582,0.065945
2.132683,-1.700681,0.776898,0.015550,0.019570,0.950912,0.308451,-0.096885,0.132529,0.288792,0.908881,-0.332395,0.019248,-0.111791,-0.073173,-0.124429,0.334032,-0.286737,-0.021853,-0.029139,0.011254,0.058542,-0.063648,0.326889,-0.215944,1.059856,0.009774,-0.359041,-0.062138,0.035250,-0.402585,0.280175,1.171997,0.049631,-0.360114,0.079675
2.157012,-1.723347,0.771600,0.009306,0.018891,0.951981,0.305431,-0.021304,0.129840,0.239070,0.943162,-0.307488,-0.000760,-0.193397,-0.077700,-0.122307,0.378966,-0.283597,-0.031497,-0.056088,0.018424,0.041604,-0.075889,0.337491,-0.212595,1.010429,0.011463,-0.356419,-0.044016,0.068153,-0.408582,0.267971,1.187183,0.058762,-0.356478,0.086518
2.181391,-1.747947,0.763362,0.004858,0.015773,0.953697,0.300317,0.055649,0.108752,0.163131,0.936770,-0.293643,-0.017237,-0.291245,-0.077225,-0.107695,0.457143,-0.287483,-0.019161,-0.090023,0.027229,0.031430,-0.087492,0.351795,-0.201208,0.974578,0.008908,-0.360385,-0.036255,0.091770,-0.419901,0.255055,1.205550,0.049808,-0.338704,0.114878
2.205872,-1.773171,0.754243,0.004243,0.012131,0.955125,0.295924,0.147378,0.078274,0.085437,0.877106,-0.290150,-0.043966,-0.376935,-0.082437,-0.101723,0.523459,-0.279379,-0.004424,-0.124796,0.032075,0.031025,-0.099174,0.365423,-0.188705,0.953563,0.004379,-0.368962,-0.028449,0.108207,-0.424217,0.236522,1.218080,0.046688,-0.334846,0.110721
2.231786,-1.799829,0.745244,0.000740,0.007807,0.956613,0.291255,0.223164,0.046794,-0.002440,0.782254,-0.280020,-0.078853,-0.454683,-0.087504,-0.104902,0.555566,-0.261132,0.004747,-0.157352,0.040824,0.031853,-0.117735,0.375227,-0.180875,0.951716,-0.002700,-0.375237,-0.030121,0.112901,-0.425766,0.220151,1.236738,0.033375,-0.308160,0.084582
2.259291,-1.828792,0.738241,-0.004220,0.004571,0.959202,0.282653,0.270164,0.021250,-0.087759,0.675580,-0.292442,-0.101034,-0.516502,-0.101507,-0.114712,0.543975,-0.238410,0.024475,-0.188705,0.050855,0.033746,-0.143924,0.376556,-0.194041,0.961374,-0.000138,-0.364129,-0.007047,0.118128,-0.420351,0.195434,1.241341,0.056352,-0.294156,0.061113
2.289286,-1.859845,0.734591,-0.008876,0.002449,0.961652,0.274117,0.288311,0.001805,-0.160264,0.555869,-0.351680,-0.094573,-0.554552,-0.110710,-0.114020,0.480890,-0.260626,0.034579,-0.208664,0.058037,0.042760,-0.180570,0.368710,-0.211578,0.984458,-0.001069,-0.345944,0.007981,0.115864,-0.410290,0.173332,1.238592,0.100648,-0.277097,0.049431
2.321294,-1.892950,0.733697,-0.010291,0.004398,0.963329,0.268089,0.274263,-0.008020,-0.162407,0.468548,-0.437925,-0.076164,-0.573721,-0.130293,-0.118381,0.391308,-0.314556,0.052271,-0.220799,0.052381,0.066394,-0.221597,0.360227,-0.226759,1.011750,-0.009419,-0.333267,0.006234,0.096260,-0.397337,0.168774,1.235037,0.130708,-0.271308,0.045665
2.353175,-1.925593,0.735819,-0.006662,0.013036,0.963103,0.268733,0.253074,-0.030460,-0.104007,0.391684,-0.486683,-0.048568,-0.568442,-0.170736,-0.160453,0.298139,-0.343509,0.059520,-0.222268,0.027503,0.095383,-0.244514,0.351804,-0.232845,1.031644,-0.036281,-0.325551,-0.049210,0.067176,-0.385811,0.185480,1.225305,0.125793,-0.278042,0.078428
2.384496,-1.955892,0.738969,-0.007545,0.025360,0.961210,0.274546,0.198847,-0.068919,-0.065625,0.355737,-0.501717,-0.019340,-0.568941,-0.196018,-0.175943,0.274077,-0.328410,0.065458,-0.209749,-0.002355,0.107097,-0.252108,0.353993,-0.243234,1.045635,-0.051001,-0.320989,-0.088456,0.044510,-0.369488,0.213048,1.190815,0.116064,-0.299826,0.143305
2.411396,-1.982853,0.744615,-0.011220,0.028411,0.959733,0.279250,0.128640,-0.086067,-0.040026,0.363624,-0.499060,0.008830,-0.564003,-0.204587,-0.185127,0.340215,-0.287956,0.064783,-0.191087,-0.007078,0.112624,-0.238579,0.348675,-0.259696,1.062961,-0.031549,-0.332157,-0.097534,0.034987,-0.357460,0.240065,1.159145,0.069171,-0.310259,0.122889
2.435832,-2.007037,0.753269,-0.015373,0.024898,0.956613,0.289889,0.068073,-0.083766,-0.004801,0.368349,-0.470973,0.030044,-0.544402,-0.192103,-0.187139,0.445119,-0.265238,0.054009,-0.158869,0.005488,0.114120,-0.214130,0.331706,-0.273151,1.101702,-0.013147,-0.350338,-0.115595,0.020981,-0.350474,0.272418,1.149068,0.045891,-0.332176,0.101645
2.459253,-2.029648,0.763430,-0.021952,0.018848,0.952616,0.302795,0.014961,-0.070541,0.022015,0.353223,-0.417230,0.032450,-0.516660,-0.170365,-0.183933,0.572361,-0.271132,0.044673,-0.126920,0.025673,0.103365,-0.170817,0.307498,-0.277816,1.143291,-0.004353,-0.341790,-0.119618,0.002984,-0.347981,0.301916,1.151403,0.027288,-0.346898,0.091015
2.482532,-2.049763,0.772147,-0.028932,0.014058,0.948144,0.316209,-0.033997,-0.053176,0.043448,0.333047,-0.363319,0.028924,-0.467871,-0.136229,-0.166882,0.678251,-0.296158,0.041693,-0.092681,0.040699,0.086129,-0.118159,0.287102,-0.282066,1.181585,-0.004519,-0.319006,-0.127174,-0.016022,-0.342023,0.300809,1.145314,0.072091,-0.342263,0.112625
2.504238,-2.068049,0.778271,-0.033866,0.011573,0.943734,0.328763,-0.068969,-0.040043,0.066065,0.301114,-0.313263,0.025646,-0.398252,-0.130647,-0.177271,0.786488,-0.300021,0.028543,-0.062670,0.046778,0.068131,-0.066703,0.273960,-0.283445,1.226249,0.000309,-0.298171,-0.141536,-0.037062,-0.337182,0.298807,1.134696,0.118336,-0.328582,0.132354
2.525654,-2.085312,0.780749,-0.035648,0.009785,0.940912,0.336628,-0.095749,-0.028495,0.086400,0.269050,-0.279866,0.026238,-0.304287,-0.126235,-0.183668,0.862201,-0.292048,0.029170,-0.042266,0.048350,0.052415,-0.012065,0.266365,-0.293069,1.261950,0.010413,-0.274466,-0.156852,-0.058334,-0.339619,0.301998,1.118060,0.133953,-0.317773,0.141680
2.547461,-2.101379,0.779942,-0.034458,0.008625,0.938236,0.344168,-0.123241,-0.022125,0.093048,0.252413,-0.257632,0.033175,-0.190286,-0.110560,-0.173967,0.893845,-0.282693,0.037568,-0.019924,0.046850,0.037934,0.049620,0.264588,-0.313997,1.276236,0.036747,-0.259119,-0.185939,-0.072875,-0.345312,0.308605,1.096583,0.151142,-0.272205,0.166922
2.569762,-2.117893,0.775702,-0.033984,0.011412,0.936323,0.349304,-0.172777,-0.023043,0.104482,0.269912,-0.255442,0.047839,-0.080443,-0.092079,-0.139534,0.887877,-0.259598,0.053271,0.010812,0.036711,0.020464,0.095300,0.263472,-0.331155,1.290872,0.061279,-0.252675,-0.204891,-0.073056,-0.350980,0.305099,1.055009,0.148360,-0.282990,0.130475
2.594625,-2.135037,0.768829,-0.033607,0.018018,0.933764,0.355852,-0.241307,-0.025663,0.122822,0.312452,-0.262937,0.070196,0.012795,-0.054366,-0.062338,0.847991,-0.213988,0.085506,0.046900,0.018812,0.004240,0.128966,0.266511,-0.338649,1.301121,0.071900,-0.249867,-0.219606,-0.077379,-0.351426,0.299187,1.033211,0.167737,-0.298494,0.108209
2.622029,-2.153241,0.760694,-0.035047,0.026664,0.930461,0.363734,-0.334101,-0.024259,0.138815,0.383472,-0.262870,0.080115,0.085465,-0.008307,0.037457,0.781203,-0.171920,0.123390,0.085555,-0.003195,-0.007234,0.144676,0.270607,-0.314423,1.311769,0.070380,-0.245713,-0.235740,-0.103893,-0.363402,0.299909,1.014313,0.106608,-0.303617,0.099494
2.650852,-2.171897,0.752154,-0.032873,0.034756,0.927674,0.370314,-0.416792,-0.022097,0.152422,0.443869,-0.247489,0.078452,0.153497,0.013305,0.116831,0.703342,-0.162661,0.136176,0.120050,-0.025840,-0.007984,0.153581,0.275154,-0.296997,1.314141,0.056002,-0.242686,-0.231067,-0.123496,-0.362081,0.295568,1.007476,0.111725,-0.310197,0.091643
2.680973,-2.191964,0.744617,-0.028919,0.041752,0.924171,0.378588,-0.474398,-0.014750,0.175184,0.460186,-0.233713,0.079823,0.204305,0.014788,0.179183,0.611134,-0.147135,0.134406,0.152077,-0.044871,0.000494,0.153712,0.278301,-0.282990,1.311309,0.053848,-0.247722,-0.213621,-0.156992,-0.365751,0.302588,1.013211,0.112698,-0.314299,0.081040
2.712918,-2.213188,0.738941,-0.026453,0.043057,0.920091,0.388431,-0.514031,0.005579,0.191474,0.438506,-0.225805,0.066154,0.231127,0.020428,0.227017,0.500764,-0.198917,0.123859,0.179478,-0.047829,0.011073,0.144928,0.275313,-0.262162,1.305231,0.043872,-0.262855,-0.190901,-0.187404,-0.372602,0.304198,1.005869,0.086003,-0.354016,0.040435
2.746801,-2.236797,0.735245,-0.022576,0.039911,0.915827,0.398947,-0.528970,0.031381,0.204636,0.378729,-0.240191,0.040547,0.225766,0.013434,0.194785,0.450528,-0.302173,0.104514,0.204370,-0.040818,0.030782,0.128246,0.273670,-0.247157,1.289300,0.023510,-0.268596,-0.171291,-0.219573,-0.376486,0.315126,1.004389,0.079494,-0.367635,0.020481
2.780082,-2.260419,0.733307,-0.017300,0.034340,0.917433,0.396028,-0.522929,0.045506,0.215568,0.295045,-0.287844,0.019931,0.207392,0.014428,0.125523,0.421781,-0.389800,0.089497,0.199574,-0.026315,0.061895,0.103258,0.274735,-0.240897,1.259276,-0.001870,-0.265706,-0.154166,-0.251861,-0.385662,0.332012,1.002436,0.089726,-0.358112,0.020614
2.811920,-2.282642,0.733682,-0.012447,0.024788,0.922582,0.384802,-0.494417,0.058598,0.239025,0.207976,-0.312885,0.006781,0.184440,0.035900,0.072780,0.402067,-0.438888,0.080862,0.178336,0.000087,0.091253,0.070312,0.275095,-0.248251,1.230224,-0.013933,-0.264753,-0.143560,-0.269404,-0.393745,0.347916,1.002488,0.106714,-0.346859,0.010525
2.841281,-2.303317,0.736194,-0.009868,0.021360,0.927426,0.373265,-0.471972,0.063005,0.259083,0.217285,-0.304598,0.004430,0.142038,0.047407,0.036380,0.402377,-0.465118,0.062750,0.151216,0.012278,0.102700,0.045558,0.273341,-0.246183,1.202784,-0.023388,-0.264591,-0.126315,-0.272534,-0.401474,0.363996,1.005805,0.109334,-0.344166,0.016649
2.868393,-2.321178,0.741946,-0.008104,0.025324,0.930573,0.365140,-0.463871,0.054896,0.231645,0.338189,-0.290295,-0.001290,0.091882,0.042753,0.005684,0.409858,-0.462692,0.040152,0.128357,0.003247,0.098947,0.033014,0.274932,-0.236747,1.178054,-0.034919,-0.266890,-0.121142,-0.255496,-0.395778,0.368817,1.016683,0.106295,-0.332247,0.056875
2.891679,-2.336748,0.751064,-0.000550,0.025828,0.932961,0.359049,-0.415928,0.051719,0.211049,0.476441,-0.298234,-0.011361,0.084081,0.039820,-0.008082,0.367374,-0.425422,0.009902,0.111116,0.000640,0.100069,0.021600,0.275469,-0.238357,1.167096,-0.036435,-0.274696,-0.121750,-0.224406,-0.390466,0.374357,1.036472,0.099271,-0.329680,0.083535
2.912365,-2.352018,0.760304,0.005646,0.027249,0.935659,0.351807,-0.340050,0.048159,0.200525,0.588806,-0.314919,-0.003188,0.079137,0.032047,-0.018098,0.315775,-0.368059,0.003684,0.090974,-0.003015,0.095731,0.005447,0.277016,-0.241321,1.166494,-0.028950,-0.284954,-0.135114,-0.186257,-0.386413,0.372267,1.061135,0.091952,-0.331654,0.112535
2.931933,-2.367437,0.767791,0.006465,0.031402,0.937451,0.346638,-0.258337,0.052175,0.211019,0.683226,-0.325340,0.003706,0.053620,0.019782,-0.026009,0.283418,-0.319192,0.008566,0.072601,-0.009332,0.079329,-0.006919,0.278217,-0.242298,1.159942,-0.017345,-0.288110,-0.130415,-0.144191,-0.384329,0.350685,1.090262,0.050746,-0.302088,0.079677
2.951048,-2.381871,0.772205,0.006745,0.034088,0.940952,0.336751,-0.169577,0.054901,0.209961,0.758149,-0.319239,-0.001658,0.020224,0.013530,-0.039322,0.276276,-0.286761,0.018423,0.043451,-0.014589,0.064564,-0.014494,0.284226,-0.235028,1.148520,0.004430,-0.307691,-0.144226,-0.107300,-0.395579,0.345903,1.089773,-0.036012,-0.320676,0.061249
