0.000000,0.000000,0.842214,0.017696,0.025894,0.439740,0.897577,0.148644,-0.005959,0.174130,-0.032662,-0.193762,-0.002395,0.057490,-0.025558,-0.079829,0.139243,-0.056306,0.158673,-0.081272,-0.038726,0.068703,0.101182,0.200374,-0.102067,1.020168,-0.142448,-0.105886,-0.085010,0.093589,-0.165078,0.037461,1.041276,0.280095,-0.074643,-0.027228
-0.000854,-0.000668,0.842215,0.012014,0.027302,0.442859,0.896095,0.128595,0.005188,0.168318,-0.016150,-0.197237,-0.017384,0.040658,-0.027101,-0.119293,0.148974,-0.092346,0.170316,-0.088057,-0.026442,0.076918,0.024716,0.200821,-0.083809,1.087508,-0.149163,-0.100758,-0.103530,0.024015,-0.181338,0.023239,1.102486,0.286545,-0.068631,-0.006609
-0.004800,-0.004838,0.843585,0.009758,0.034123,0.431453,0.901437,0.105734,0.004797,0.191836,-0.006253,-0.203020,0.005125,-0.006411,-0.027691,-0.094585,0.184233,-0.089500,0.169447,-0.065840,-0.024875,0.073416,-0.003201,0.194506,-0.064462,1.105651,-0.150725,-0.098408,-0.105231,-0.012356,-0.176262,0.069655,1.160952,0.243146,-0.050033,0.004650
-0.002066,-0.001336,0.842896,0.016649,0.021601,0.441997,0.896602,0.141584,0.001670,0.168322,-0.007925,-0.210737,0.011705,0.049976,-0.028693,-0.101338,0.171896,-0.094486,0.174303,-0.086915,-0.028484,0.092660,-0.007082,0.202932,-0.097092,1.118502,-0.152344,-0.112547,-0.126161,-0.011846,-0.174240,0.084079,1.168701,0.257113,-0.048497,0.010378
-0.002122,-0.001782,0.841025,0.018824,0.020840,0.442467,0.896345,0.147341,-0.003659,0.166061,-0.015983,-0.208549,0.002688,0.058039,-0.035837,-0.089888,0.131119,-0.109078,0.147003,-0.088964,-0.035953,0.096710,-0.012033,0.209833,-0.104420,1.115729,-0.156332,-0.115841,-0.122765,-0.014553,-0.181587,0.095086,1.164217,0.234473,-0.048844,-0.020711
-0.002604,-0.001966,0.842189,0.018181,0.017620,0.440404,0.897443,0.152421,0.001758,0.172772,-0.013421,-0.206512,-0.000644,0.057642,-0.030668,-0.114128,0.163953,-0.096563,0.168656,-0.084975,-0.030865,0.098530,-0.006902,0.208685,-0.103353,1.117207,-0.159481,-0.130607,-0.137065,-0.016114,-0.180154,0.092285,1.179255,0.239117,-0.050905,-0.007833
-0.005769,-0.005696,0.843113,0.014665,0.021974,0.431762,0.901601,0.133341,0.005568,0.188368,-0.007504,-0.202254,-0.001336,0.019497,-0.023801,-0.083446,0.202348,-0.095992,0.172431,-0.068002,-0.023407,0.094801,-0.018200,0.201302,-0.091176,1.112293,-0.137209,-0.116484,-0.134644,-0.024103,-0.183984,0.085209,1.180532,0.232990,-0.048987,-0.009677
-0.005379,-0.005969,0.841650,0.016040,0.025251,0.433480,0.900667,0.127645,-0.000455,0.185785,-0.008226,-0.206584,0.002651,0.019995,-0.032548,-0.069406,0.160798,-0.110750,0.146301,-0.072240,-0.034131,0.089362,-0.014250,0.213497,-0.129760,1.090153,-0.086126,-0.117870,-0.110703,-0.025393,-0.177915,0.091789,1.178834,0.235371,-0.048462,-0.006410
-0.006764,-0.006562,0.842880,0.015158,0.023615,0.429912,0.902434,0.128214,0.003448,0.195584,-0.004422,-0.203854,-0.003357,0.011810,-0.029058,-0.087994,0.198502,-0.096578,0.177093,-0.062410,-0.031190,0.098006,-0.006883,0.182099,-0.074455,1.080821,-0.077638,-0.154621,-0.076691,-0.026128,-0.174160,0.071411,1.175819,0.250928,-0.061115,0.007203
-0.007319,-0.006534,0.843105,0.014043,0.023577,0.429731,0.902540,0.125962,0.005048,0.195332,-0.003654,-0.201252,-0.007337,0.009027,-0.025242,-0.080390,0.210445,-0.096730,0.184310,-0.063219,-0.026245,0.096759,-0.003261,0.183635,-0.076327,1.075898,-0.042939,-0.152089,-0.073443,-0.027001,-0.190678,0.069612,1.177924,0.195752,-0.077402,-0.011282
-0.007025,-0.006626,0.841782,0.016489,0.026937,0.430428,0.902072,0.123497,-0.004038,0.190755,-0.007753,-0.205257,0.005296,0.009738,-0.035788,-0.063826,0.170111,-0.110631,0.156956,-0.065037,-0.039237,0.090766,-0.010134,0.182366,-0.061744,1.081028,-0.050808,-0.148043,-0.090037,-0.028770,-0.212013,0.094685,1.194122,0.101151,-0.051226,0.044407
-0.007453,-0.006501,0.842862,0.015184,0.023426,0.429098,0.902827,0.129237,0.002112,0.195407,-0.007178,-0.201506,-0.001308,0.010485,-0.029207,-0.085236,0.199882,-0.096515,0.180119,-0.063694,-0.030774,0.095703,-0.008486,0.177211,-0.054215,1.080434,-0.042123,-0.148553,-0.092437,-0.025542,-0.219749,0.086701,1.187574,0.080757,-0.059915,0.037051
-0.007809,-0.006699,0.843186,0.014613,0.022712,0.428817,0.902987,0.128895,0.003920,0.196853,-0.005903,-0.200414,-0.003546,0.009738,-0.025607,-0.076831,0.212337,-0.097511,0.184520,-0.063147,-0.027563,0.094499,-0.011241,0.173609,-0.051138,1.090728,-0.041067,-0.146082,-0.089466,-0.026216,-0.221411,0.087761,1.187764,0.078087,-0.060009,0.035827
-0.008285,-0.007046,0.843402,0.014497,0.023350,0.427516,0.903590,0.127033,0.003657,0.198010,-0.005332,-0.199811,-0.000968,0.005669,-0.025551,-0.073544,0.214887,-0.096572,0.183825,-0.061307,-0.028302,0.087183,-0.008777,0.174796,-0.054519,1.094834,-0.041948,-0.148179,-0.090011,-0.028009,-0.222192,0.096338,1.195122,0.073806,-0.060025,0.038539
-0.007907,-0.006583,0.843186,0.015147,0.021223,0.430109,0.902401,0.131997,0.004103,0.192555,-0.005701,-0.200402,-0.003784,0.016493,-0.025363,-0.076557,0.206354,-0.095975,0.184089,-0.065032,-0.028829,0.092180,-0.008004,0.173655,-0.051104,1.094812,-0.038158,-0.148910,-0.090920,-0.028485,-0.220064,0.086264,1.193439,0.078046,-0.064393,0.046382
-0.005881,-0.003976,0.842801,0.018112,0.015697,0.438352,0.898484,0.147479,0.002846,0.176472,-0.004590,-0.205232,-0.006022,0.053565,-0.027435,-0.094565,0.177206,-0.093158,0.186268,-0.080625,-0.028893,0.093751,0.005240,0.174473,-0.067295,1.094933,-0.073035,-0.159198,-0.071518,-0.021526,-0.190646,0.069418,1.184139,0.190044,-0.070405,-0.002440
-0.007603,-0.005690,0.842643,0.018871,0.015054,0.435232,0.899994,0.147437,0.001856,0.183503,-0.004592,-0.204991,-0.007819,0.045937,-0.028498,-0.087616,0.187065,-0.096346,0.188174,-0.074750,-0.028106,0.097463,0.005550,0.176510,-0.070324,1.093427,-0.070425,-0.165696,-0.067892,-0.024707,-0.182391,0.058040,1.184919,0.230916,-0.106598,-0.020309
-0.007599,-0.005824,0.842481,0.019959,0.013959,0.435781,0.899723,0.150064,0.000828,0.182766,-0.004382,-0.204445,-0.010507,0.051091,-0.029474,-0.088844,0.183255,-0.095103,0.189215,-0.076565,-0.030527,0.097935,0.009125,0.178400,-0.073876,1.093700,-0.086607,-0.166475,-0.062355,-0.027136,-0.179685,0.075976,1.195967,0.258876,-0.096773,0.002755
-0.008663,-0.006253,0.842258,0.019506,0.018022,0.435275,0.899906,0.139842,-0.003621,0.183053,-0.003761,-0.204951,-0.004152,0.034713,-0.034538,-0.087790,0.197884,-0.102943,0.190283,-0.072468,-0.034826,0.085494,0.009464,0.180598,-0.072723,1.100482,-0.085896,-0.165669,-0.057979,-0.025179,-0.178245,0.078867,1.194896,0.257159,-0.094013,-0.002629
-0.008981,-0.006567,0.842517,0.018556,0.020983,0.434147,0.900407,0.131851,-0.004468,0.185629,-0.002640,-0.203090,-0.003267,0.023873,-0.035244,-0.084616,0.202914,-0.103106,0.188169,-0.067442,-0.040960,0.091056,0.001260,0.184714,-0.061075,1.096603,-0.072665,-0.162314,-0.056487,-0.032892,-0.176766,0.071088,1.184504,0.246747,-0.097922,-0.014780
-0.009422,-0.007352,0.841804,0.019340,0.023139,0.432262,0.901243,0.128983,-0.008567,0.188801,-0.005361,-0.205320,0.002684,-0.014824,-0.042500,-0.086562,0.274236,-0.125729,0.209136,-0.062255,-0.046833,0.087520,0.001320,0.190883,-0.062049,1.098266,-0.077012,-0.161016,-0.056136,-0.033185,-0.176975,0.075108,1.175825,0.228828,-0.093124,-0.016378
-0.009608,-0.007711,0.840960,0.020146,0.024443,0.435222,0.899766,0.126267,-0.012097,0.182389,-0.007361,-0.205833,0.002599,0.011319,-0.046741,-0.076058,0.182542,-0.123274,0.170734,-0.069692,-0.050573,0.089550,0.003129,0.194106,-0.063771,1.094104,-0.079221,-0.162259,-0.047646,-0.037756,-0.175829,0.082500,1.172152,0.229261,-0.090263,-0.029032
-0.010114,-0.008021,0.841110,0.019899,0.023401,0.433195,0.900777,0.127521,-0.010343,0.185552,-0.005609,-0.206137,0.002000,0.004274,-0.049090,-0.105380,0.199373,-0.123616,0.177703,-0.064030,-0.047659,0.088632,0.004766,0.193925,-0.066104,1.098358,-0.085035,-0.160791,-0.059309,-0.038926,-0.170763,0.073516,1.187866,0.256135,-0.080809,-0.001687
-0.010648,-0.008164,0.841564,0.020126,0.023002,0.432570,0.901082,0.130164,-0.011109,0.188936,-0.009580,-0.203522,0.001028,-0.010576,-0.047597,-0.104702,0.251435,-0.123456,0.198144,-0.064040,-0.046557,0.088350,0.009484,0.193558,-0.060616,1.098614,-0.085905,-0.160625,-0.063269,-0.038075,-0.175209,0.074604,1.184155,0.242748,-0.078625,-0.001701
-0.010584,-0.008187,0.841995,0.019450,0.021892,0.434863,0.900020,0.130076,-0.008382,0.185249,-0.008513,-0.200457,-0.003430,0.018242,-0.042523,-0.096557,0.188545,-0.108569,0.175454,-0.069041,-0.041233,0.090196,0.010064,0.189497,-0.058682,1.103033,-0.088517,-0.165330,-0.059287,-0.035552,-0.173887,0.081022,1.183490,0.247058,-0.081893,-0.006352
-0.010543,-0.008439,0.842200,0.017883,0.023023,0.435560,0.899688,0.124414,-0.005716,0.183356,-0.005654,-0.199032,-0.005629,0.015420,-0.039607,-0.105565,0.191095,-0.103233,0.179818,-0.069775,-0.037897,0.086964,0.010684,0.189062,-0.056786,1.106098,-0.082023,-0.163065,-0.059122,-0.032295,-0.178494,0.081619,1.179766,0.235162,-0.082857,-0.013109
-0.008691,-0.006935,0.842232,0.020068,0.019844,0.441313,0.896909,0.133780,-0.006080,0.175175,-0.004079,-0.203479,-0.005290,0.034350,-0.038462,-0.103124,0.194814,-0.103857,0.191384,-0.079940,-0.039856,0.091612,0.017396,0.191589,-0.057897,1.106162,-0.074670,-0.161329,-0.057934,-0.022901,-0.177149,0.076880,1.174685,0.225352,-0.080491,-0.017398
-0.007883,-0.007130,0.840783,0.022792,0.019889,0.442546,0.896235,0.136497,-0.011743,0.168850,-0.004329,-0.208446,0.000933,0.044910,-0.046049,-0.088770,0.148454,-0.117546,0.160280,-0.082663,-0.049103,0.099861,0.016028,0.199251,-0.059503,1.100812,-0.078219,-0.157729,-0.057358,-0.026306,-0.173700,0.080493,1.172950,0.224515,-0.074813,-0.013372
-0.007174,-0.007101,0.840904,0.021540,0.021581,0.442062,0.896466,0.130777,-0.009346,0.170186,0.000235,-0.212433,0.001856,0.040798,-0.046286,-0.110954,0.148526,-0.115004,0.162845,-0.080535,-0.047478,0.095875,0.018966,0.201805,-0.059233,1.103104,-0.078126,-0.160007,-0.057526,-0.024782,-0.174357,0.082553,1.176446,0.218208,-0.073673,-0.017490
-0.005701,-0.006667,0.841500,0.020956,0.019919,0.441278,0.896905,0.134686,-0.004693,0.172408,0.001743,-0.209810,-0.004771,0.042447,-0.040785,-0.118108,0.175030,-0.110237,0.175222,-0.079147,-0.044217,0.096857,0.023071,0.199726,-0.053298,1.105589,-0.072654,-0.164848,-0.056063,-0.018817,-0.174415,0.082596,1.174624,0.206350,-0.083131,-0.024484
-0.004505,-0.006325,0.841291,0.021509,0.020372,0.442266,0.896394,0.134112,-0.005504,0.168492,0.004091,-0.210681,-0.004318,0.045838,-0.041144,-0.111393,0.164679,-0.113860,0.170499,-0.079740,-0.044194,0.095985,0.022839,0.197479,-0.051996,1.108061,-0.087032,-0.164193,-0.059230,-0.020163,-0.162556,0.079084,1.194082,0.252388,-0.072280,0.024260
-0.003622,-0.005769,0.841529,0.021094,0.021245,0.441376,0.896823,0.133362,-0.004604,0.171422,0.004822,-0.211369,-0.001326,0.039491,-0.040520,-0.118515,0.182876,-0.112025,0.178324,-0.075507,-0.039963,0.097220,0.024323,0.195539,-0.035670,1.103053,-0.113133,-0.165514,-0.085351,-0.014318,-0.177668,0.083012,1.183082,0.209213,-0.067776,0.000457
-0.001837,-0.005512,0.841733,0.020433,0.022650,0.440885,0.897045,0.131220,-0.002221,0.172204,0.006479,-0.211411,-0.005278,0.022206,-0.037300,-0.104784,0.226568,-0.121158,0.190531,-0.076493,-0.042116,0.088559,0.031272,0.197901,-0.039226,1.104066,-0.118867,-0.169575,-0.081430,-0.011214,-0.171386,0.079849,1.194250,0.228924,-0.079646,-0.002731
-0.000162,-0.005297,0.840515,0.021363,0.025737,0.440439,0.897159,0.126016,-0.005500,0.173924,0.010486,-0.219601,-0.000712,0.010648,-0.044230,-0.103884,0.223138,-0.139358,0.177776,-0.075789,-0.046780,0.084131,0.032326,0.201044,-0.039874,1.103180,-0.125940,-0.169319,-0.076089,-0.011385,-0.165876,0.080395,1.201544,0.252889,-0.077378,0.014445
0.002011,-0.004662,0.840668,0.020653,0.025480,0.438054,0.898350,0.130915,-0.001668,0.178829,0.007548,-0.217773,-0.005715,0.006902,-0.041050,-0.113574,0.242616,-0.138949,0.182599,-0.069753,-0.044243,0.088653,0.030288,0.201869,-0.039462,1.100800,-0.116851,-0.166122,-0.074709,-0.013127,-0.173370,0.091065,1.199759,0.219429,-0.079783,-0.010561
0.004576,-0.003642,0.840483,0.021009,0.025884,0.435103,0.899763,0.136902,-0.000501,0.183888,0.004755,-0.218623,-0.006821,-0.005023,-0.037029,-0.095771,0.284761,-0.147782,0.197661,-0.063017,-0.045355,0.085083,0.031123,0.202218,-0.038640,1.103701,-0.113991,-0.162911,-0.073096,-0.015640,-0.168262,0.074712,1.219079,0.247103,-0.082990,0.011132
0.007409,-0.002439,0.839213,0.021503,0.027413,0.435919,0.899311,0.138244,-0.001071,0.183698,0.005585,-0.225118,-0.003747,0.027973,-0.036238,-0.074922,0.185688,-0.146788,0.155138,-0.065698,-0.045508,0.082030,0.031952,0.203563,-0.046256,1.103692,-0.123530,-0.164948,-0.076225,-0.013463,-0.171269,0.082847,1.215910,0.259939,-0.079523,0.002489
0.010057,-0.001565,0.839360,0.020717,0.027150,0.431924,0.901263,0.141181,0.003917,0.196042,0.009791,-0.228149,-0.007851,0.014685,-0.034241,-0.101775,0.238858,-0.148844,0.178743,-0.060122,-0.044884,0.078272,0.033724,0.203471,-0.036762,1.109503,-0.121892,-0.169436,-0.077337,-0.013275,-0.172386,0.080956,1.221866,0.245657,-0.084862,0.000320
0.012008,-0.001372,0.839072,0.021324,0.026600,0.427813,0.903224,0.134852,0.007949,0.200580,0.035729,-0.241460,-0.008693,0.010741,-0.032166,-0.092768,0.252628,-0.157173,0.175163,-0.054669,-0.044467,0.086264,0.031647,0.204427,-0.033658,1.105440,-0.116262,-0.171283,-0.071528,-0.023469,-0.171003,0.076849,1.235008,0.259774,-0.094475,0.008813
0.014890,-0.000106,0.838214,0.023607,0.025719,0.425863,0.904114,0.130956,0.009158,0.204901,0.064343,-0.260830,-0.003451,0.011494,-0.033630,-0.089222,0.268739,-0.170666,0.174135,-0.056660,-0.041399,0.078663,0.041194,0.202076,-0.038306,1.108948,-0.130462,-0.170261,-0.075896,-0.018483,-0.173058,0.080594,1.238090,0.273344,-0.091950,0.023148
0.018398,0.001451,0.837772,0.022747,0.027731,0.422982,0.905428,0.108964,0.016245,0.210027,0.113125,-0.282141,-0.000641,0.005841,-0.030822,-0.083475,0.279536,-0.178717,0.175010,-0.049888,-0.045750,0.087425,0.032969,0.205060,-0.028848,1.106484,-0.134862,-0.175188,-0.070998,-0.025735,-0.172759,0.076922,1.233826,0.272051,-0.097722,0.005564
0.022343,0.003744,0.837480,0.021705,0.025906,0.423269,0.905373,0.079197,0.032154,0.212438,0.194210,-0.312866,-0.007570,0.033200,-0.021637,-0.074265,0.238134,-0.172474,0.154169,-0.050543,-0.038917,0.093964,0.033359,0.204293,-0.024813,1.102840,-0.129482,-0.174908,-0.065733,-0.026566,-0.174774,0.074973,1.230893,0.273353,-0.098958,0.005452
0.025989,0.005158,0.836446,0.023239,0.023113,0.419216,0.907295,0.045959,0.045645,0.219416,0.292553,-0.345108,-0.003662,0.041210,-0.017208,-0.068549,0.247361,-0.180003,0.155037,-0.041907,-0.034472,0.103495,0.034640,0.203881,-0.027590,1.097379,-0.132101,-0.170347,-0.060510,-0.027121,-0.177246,0.076059,1.230209,0.280188,-0.097694,0.007100
0.029955,0.006446,0.834769,0.025907,0.020964,0.418715,0.907506,0.000067,0.057716,0.215778,0.413028,-0.371493,-0.000250,0.052297,-0.014743,-0.040461,0.234180,-0.194349,0.135478,-0.035958,-0.037465,0.123001,0.029389,0.211210,-0.031299,1.091342,-0.129658,-0.166554,-0.055637,-0.031897,-0.178255,0.077359,1.223723,0.288256,-0.099754,0.003639
0.033453,0.007838,0.834699,0.026342,0.017281,0.414969,0.909290,-0.050188,0.077139,0.209944,0.543365,-0.360224,-0.018045,0.060001,-0.008162,-0.050090,0.253307,-0.188594,0.143757,-0.019889,-0.033783,0.145260,0.025779,0.213503,-0.032046,1.081827,-0.126090,-0.173207,-0.053689,-0.034679,-0.177717,0.079316,1.218205,0.283374,-0.107216,-0.001600
0.037718,0.009431,0.834074,0.027995,0.015133,0.409379,0.911809,-0.111986,0.091591,0.197422,0.684934,-0.339275,-0.023448,0.069513,-0.006305,-0.035829,0.255134,-0.201270,0.127620,0.004940,-0.032214,0.163591,0.024517,0.213082,-0.035827,1.066227,-0.143967,-0.173301,-0.059187,-0.029598,-0.177997,0.085193,1.209045,0.288831,-0.100839,0.002752
0.042820,0.012836,0.833625,0.029035,0.017683,0.408640,0.912062,-0.187140,0.097581,0.178978,0.820643,-0.326568,-0.019747,0.081236,-0.006426,-0.018161,0.230272,-0.180643,0.149607,0.022566,-0.035663,0.177072,0.018442,0.212978,-0.029774,1.060770,-0.140318,-0.170184,-0.050963,-0.026835,-0.180837,0.086073,1.196034,0.284782,-0.089092,-0.000159
0.046625,0.015700,0.833054,0.032713,0.015786,0.401627,0.915083,-0.240918,0.103924,0.182827,0.920493,-0.341401,-0.007516,0.092562,-0.009837,-0.001309,0.231502,-0.188910,0.153698,0.043462,-0.038583,0.200175,0.023777,0.222136,-0.035559,1.049630,-0.123602,-0.173186,-0.031179,-0.038381,-0.182456,0.109629,1.205179,0.285236,-0.084855,0.005252
0.050803,0.020072,0.832367,0.034658,0.015945,0.398802,0.916243,-0.290843,0.108942,0.191832,0.970138,-0.359572,0.000215,0.102613,-0.014269,0.016827,0.225432,-0.215913,0.121108,0.053900,-0.040297,0.215366,0.030895,0.219389,-0.039529,1.038332,-0.128021,-0.179733,-0.033401,-0.044876,-0.187582,0.107682,1.200751,0.288272,-0.084582,0.011114
0.055277,0.025276,0.832199,0.035576,0.018233,0.392715,0.918791,-0.332516,0.103384,0.201373,0.958080,-0.357350,-0.006230,0.106316,-0.017548,0.028653,0.226767,-0.220033,0.120475,0.063889,-0.043233,0.217855,0.043179,0.209844,-0.026990,1.038532,-0.155518,-0.182837,-0.047700,-0.058888,-0.191616,0.111777,1.218389,0.283604,-0.081726,0.017492
0.059527,0.030408,0.831550,0.035246,0.021538,0.387784,0.920824,-0.371802,0.097532,0.211059,0.905833,-0.344652,-0.015080,0.106475,-0.019605,0.042131,0.228524,-0.226686,0.124128,0.075978,-0.042932,0.224216,0.054137,0.214568,-0.035232,1.044400,-0.132748,-0.189050,-0.032415,-0.060145,-0.190962,0.103870,1.209892,0.290457,-0.089447,0.004153
0.064247,0.036746,0.830596,0.035128,0.023887,0.383897,0.922398,-0.397920,0.091533,0.223762,0.816596,-0.332401,-0.020681,0.114936,-0.023379,0.045457,0.223213,-0.232624,0.130475,0.078614,-0.043408,0.220359,0.065087,0.206714,-0.031783,1.055554,-0.146241,-0.175543,-0.021325,-0.074431,-0.192120,0.106492,1.226285,0.291989,-0.086292,0.008922
0.069313,0.044680,0.829152,0.035498,0.026635,0.380780,0.923600,-0.414611,0.081398,0.231128,0.702041,-0.308284,-0.038635,0.125633,-0.029864,0.049574,0.216227,-0.239115,0.130826,0.084023,-0.043342,0.228533,0.072108,0.201036,-0.025538,1.058809,-0.148970,-0.171347,-0.021011,-0.080913,-0.194940,0.100282,1.218668,0.298271,-0.092793,0.008363
0.074067,0.053213,0.827534,0.035688,0.026888,0.376858,0.925192,-0.419252,0.079655,0.244723,0.576990,-0.260227,-0.048215,0.142540,-0.035332,0.055305,0.209800,-0.249109,0.128950,0.082931,-0.041090,0.236039,0.074849,0.191191,-0.022160,1.071644,-0.144397,-0.158400,-0.019251,-0.084309,-0.193650,0.106841,1.190736,0.292137,-0.091851,-0.001061
0.079710,0.062718,0.825232,0.031533,0.032179,0.377980,0.924717,-0.438047,0.073517,0.237966,0.448625,-0.195418,-0.049770,0.151579,-0.035673,0.053899,0.194264,-0.250899,0.133800,0.091587,-0.030990,0.227401,0.086002,0.187295,-0.034355,1.082410,-0.151747,-0.157299,-0.036600,-0.066857,-0.196718,0.106201,1.159585,0.287737,-0.097822,-0.000504
0.085932,0.072848,0.822317,0.025036,0.037374,0.379189,0.924225,-0.457205,0.072273,0.221226,0.332339,-0.143181,-0.058249,0.158489,-0.030430,0.052154,0.182880,-0.258072,0.131337,0.092478,-0.021466,0.217812,0.093088,0.182711,-0.029948,1.101813,-0.169227,-0.151937,-0.047307,-0.064439,-0.199331,0.105723,1.141859,0.287089,-0.103663,-0.001079
0.093370,0.084322,0.819570,0.020592,0.044115,0.378046,0.924506,-0.473485,0.070963,0.207146,0.238733,-0.120069,-0.056514,0.162709,-0.031628,0.051817,0.179366,-0.263794,0.139525,0.098297,-0.024674,0.215480,0.104902,0.184519,-0.033365,1.098868,-0.152263,-0.163310,-0.046432,-0.063747,-0.195820,0.114343,1.107367,0.248968,-0.106095,-0.012421
0.101568,0.096900,0.817305,0.021342,0.048135,0.373924,0.925963,-0.475970,0.068115,0.202492,0.177594,-0.103879,-0.058772,0.176062,-0.041516,0.062359,0.181349,-0.268613,0.150804,0.107502,-0.033026,0.222378,0.113182,0.184338,-0.034712,1.097787,-0.156897,-0.160865,-0.045863,-0.065552,-0.197170,0.114225,1.074704,0.243154,-0.107526,-0.013199
0.110788,0.112835,0.814679,0.023757,0.050191,0.367592,0.928328,-0.471086,0.062884,0.193147,0.157235,-0.095226,-0.062877,0.197618,-0.056303,0.083632,0.184190,-0.267901,0.167697,0.118217,-0.047914,0.228978,0.129271,0.187441,-0.036806,1.094848,-0.139690,-0.160336,-0.045108,-0.064711,-0.192270,0.115615,1.044796,0.237303,-0.110671,0.000207
0.119880,0.129957,0.813228,0.022835,0.054760,0.363749,0.929606,-0.477574,0.061811,0.193405,0.177392,-0.099006,-0.057559,0.207989,-0.067217,0.102471,0.193920,-0.258328,0.183346,0.112674,-0.058339,0.224575,0.154880,0.186845,-0.035143,1.088772,-0.142162,-0.159958,-0.039676,-0.063060,-0.189673,0.130137,1.020638,0.233582,-0.117235,-0.006904
0.130498,0.149380,0.812178,0.020282,0.058935,0.361146,0.930424,-0.480615,0.059930,0.199851,0.219294,-0.092022,-0.062312,0.215422,-0.073165,0.123688,0.216311,-0.243287,0.195033,0.116209,-0.066610,0.215527,0.165136,0.190100,-0.028642,1.093372,-0.147934,-0.161174,-0.049216,-0.061665,-0.189493,0.135789,1.006599,0.232378,-0.115121,0.007169
0.140705,0.170496,0.812642,0.021995,0.063178,0.360852,0.930221,-0.481300,0.039543,0.193147,0.256907,-0.060641,-0.039853,0.217979,-0.088526,0.142362,0.257477,-0.215898,0.220450,0.113350,-0.086423,0.221020,0.147996,0.197185,-0.022664,1.115448,-0.144901,-0.157797,-0.048906,-0.085415,-0.182865,0.136881,1.010134,0.241114,-0.115250,0.007996
0.152786,0.194202,0.814471,0.024478,0.068120,0.364065,0.928556,-0.473377,0.008607,0.176747,0.281721,-0.068233,-0.012118,0.217133,-0.103520,0.157693,0.309114,-0.166164,0.254749,0.103945,-0.108288,0.211793,0.146743,0.204836,-0.023962,1.127790,-0.152980,-0.151788,-0.050909,-0.086310,-0.176920,0.136809,1.013078,0.237308,-0.108281,0.013693
0.167751,0.216343,0.817965,0.017676,0.067519,0.369946,0.926428,-0.451246,0.003436,0.154519,0.297110,-0.082780,-0.014411,0.204609,-0.078768,0.157053,0.387294,-0.088384,0.261799,0.092506,-0.107353,0.203071,0.136580,0.216717,-0.028218,1.144818,-0.161199,-0.150443,-0.058501,-0.086104,-0.170473,0.134907,1.027839,0.250963,-0.103177,0.014192
0.182639,0.239111,0.823004,0.009505,0.064112,0.378981,0.923132,-0.417348,-0.001136,0.124199,0.299366,-0.099596,0.000233,0.172225,-0.054388,0.120726,0.499705,0.031545,0.261800,0.075627,-0.099800,0.194244,0.118779,0.228350,-0.038078,1.159878,-0.158906,-0.136720,-0.069419,-0.086861,-0.162774,0.115883,1.056564,0.287713,-0.103654,0.039167
0.194659,0.263628,0.828764,0.008812,0.061626,0.391949,0.917878,-0.377221,-0.024359,0.104938,0.301765,-0.132918,0.051653,0.112608,-0.054022,0.090524,0.658423,0.134823,0.261800,0.047824,-0.102738,0.188584,0.094144,0.242998,-0.047689,1.174689,-0.151784,-0.125734,-0.081306,-0.091460,-0.161649,0.109616,1.089412,0.280973,-0.096925,0.031397
0.206144,0.289195,0.833092,0.011431,0.057051,0.404303,0.912772,-0.319488,-0.052571,0.086970,0.285171,-0.163621,0.079759,0.042414,-0.063031,0.073249,0.825158,0.215004,0.261800,0.017864,-0.105407,0.188643,0.066143,0.255207,-0.064176,1.181245,-0.147081,-0.115370,-0.078376,-0.091473,-0.160966,0.107226,1.115860,0.291959,-0.086667,0.039083
0.219019,0.312582,0.837340,0.009085,0.045052,0.421733,0.905555,-0.249647,-0.063024,0.048188,0.260223,-0.184371,0.079429,-0.018080,-0.029036,0.057312,0.955073,0.169456,0.261382,-0.022596,-0.091722,0.197296,0.029872,0.268938,-0.079792,1.188159,-0.142230,-0.106322,-0.081427,-0.084552,-0.160289,0.100996,1.133675,0.291517,-0.078285,0.044200
0.234827,0.335241,0.840914,0.005492,0.031952,0.437586,0.898592,-0.178573,-0.058299,0.014489,0.241627,-0.209647,0.074677,-0.076487,0.019561,0.039573,1.033839,0.093730,0.261000,-0.056526,-0.077547,0.199567,-0.000447,0.283706,-0.092845,1.186544,-0.124159,-0.105326,-0.069119,-0.056960,-0.159697,0.092738,1.138091,0.285976,-0.073550,0.050036
0.247798,0.358388,0.843126,0.005266,0.023706,0.450143,0.892626,-0.112603,-0.062815,-0.009519,0.216820,-0.229103,0.081872,-0.149689,0.037987,0.028392,1.075524,0.037961,0.260415,-0.081108,-0.068303,0.199652,-0.040752,0.292119,-0.095178,1.168878,-0.104177,-0.100063,-0.062928,-0.035024,-0.163853,0.093329,1.147042,0.264505,-0.068843,0.057794
0.261693,0.380893,0.844092,0.004247,0.015805,0.462094,0.886680,-0.047672,-0.063508,-0.040423,0.189790,-0.242824,0.074091,-0.218737,0.042116,0.004209,1.074080,-0.019247,0.260486,-0.105327,-0.059343,0.197800,-0.072371,0.296695,-0.080818,1.140013,-0.115735,-0.110054,-0.049617,-0.012522,-0.168591,0.093643,1.158449,0.252483,-0.063247,0.058543
0.275625,0.402075,0.844003,0.003344,0.010160,0.468788,0.883246,0.011076,-0.058169,-0.052379,0.165919,-0.260105,0.062921,-0.284957,0.018725,-0.033434,1.024411,-0.063283,0.248261,-0.120715,-0.050846,0.195423,-0.096007,0.299627,-0.075543,1.093557,-0.136124,-0.135630,-0.054594,0.010204,-0.174671,0.103113,1.162141,0.246775,-0.067626,0.048297
0.289907,0.424129,0.842264,0.007635,0.003205,0.478961,0.877797,0.076922,-0.062404,-0.071083,0.146650,-0.280388,0.061480,-0.324470,-0.013740,-0.069740,0.929241,-0.085943,0.247149,-0.144687,-0.052935,0.204110,-0.117219,0.301785,-0.064048,1.040847,-0.145217,-0.160630,-0.060055,0.022727,-0.172251,0.093990,1.177834,0.237749,-0.059859,0.066331
0.305019,0.444992,0.839729,0.011908,-0.001850,0.484578,0.874665,0.138943,-0.064192,-0.085099,0.127531,-0.291841,0.058818,-0.352631,-0.043214,-0.102706,0.790603,-0.090290,0.240838,-0.158068,-0.056343,0.210259,-0.140036,0.304930,-0.064692,0.990050,-0.145340,-0.174433,-0.055076,0.031790,-0.170454,0.087518,1.192688,0.238949,-0.054290,0.066113
0.319822,0.465421,0.835803,0.018250,-0.003295,0.492334,0.870209,0.190865,-0.072174,-0.094567,0.116373,-0.309286,0.050300,-0.371503,-0.073818,-0.127996,0.620782,-0.066492,0.242053,-0.174301,-0.066668,0.213815,-0.160457,0.309614,-0.063199,0.940949,-0.139077,-0.190170,-0.050937,0.036644,-0.166190,0.079367,1.211140,0.226216,-0.052220,0.063940
0.335826,0.485901,0.831167,0.023698,-0.007155,0.494625,0.868754,0.252254,-0.070868,-0.086258,0.100866,-0.325048,0.017232,-0.365574,-0.081311,-0.135923,0.414159,-0.001464,0.254997,-0.178080,-0.069801,0.225861,-0.191513,0.294773,-0.040441,0.915442,-0.116046,-0.248983,-0.020235,0.026016,-0.152106,0.047108,1.243114,0.200491,-0.084649,0.031526
0.353437,0.507270,0.825860,0.031476,-0.007265,0.495481,0.868018,0.306717,-0.078945,-0.084391,0.092005,-0.330907,0.007447,-0.371305,-0.090149,-0.119774,0.251231,0.056542,0.261786,-0.173148,-0.083902,0.218984,-0.198010,0.289194,-0.043057,0.892751,-0.132278,-0.257674,-0.039463,0.049739,-0.143598,0.038030,1.247329,0.209373,-0.087181,0.049749
0.370333,0.528910,0.821563,0.032035,-0.011323,0.501076,0.864736,0.345531,-0.067420,-0.098767,0.112302,-0.343658,-0.023543,-0.364616,-0.092163,-0.123980,0.125904,0.050802,0.261800,-0.180438,-0.076459,0.220979,-0.207618,0.286466,-0.047511,0.879400,-0.117818,-0.273118,-0.040503,0.065847,-0.139263,0.030057,1.245254,0.218188,-0.086033,0.063802
0.389137,0.551703,0.817461,0.030148,-0.012955,0.502932,0.863703,0.372512,-0.055387,-0.115177,0.145131,-0.352921,-0.039130,-0.361785,-0.088330,-0.153272,0.088505,-0.001049,0.261800,-0.178869,-0.064451,0.211177,-0.197905,0.282995,-0.060065,0.871256,-0.114215,-0.272226,-0.043797,0.095821,-0.136330,0.036531,1.231091,0.213952,-0.086688,0.067741
0.406911,0.575464,0.814094,0.030326,-0.014189,0.511718,0.858501,0.379334,-0.052197,-0.160516,0.215875,-0.353116,-0.059217,-0.367706,-0.094355,-0.143240,0.157590,0.030586,0.261800,-0.195291,-0.051369,0.217857,-0.217784,0.279157,-0.070969,0.893733,-0.104470,-0.259124,-0.043016,0.081439,-0.142347,0.036293,1.237970,0.206288,-0.070402,0.070027
0.426571,0.601211,0.812423,0.027685,-0.012600,0.518366,0.854618,0.385430,-0.045084,-0.194219,0.270050,-0.314902,-0.100777,-0.370998,-0.098206,-0.154427,0.226471,0.114899,0.261798,-0.211363,-0.030304,0.208960,-0.205328,0.262225,-0.070663,0.920113,-0.110078,-0.255816,-0.040151,0.080969,-0.151709,0.037536,1.240430,0.202427,-0.069345,0.066326
0.447699,0.627786,0.813570,0.019737,-0.011245,0.519669,0.854065,0.364592,-0.030715,-0.198795,0.366158,-0.252887,-0.145509,-0.372439,-0.079586,-0.137752,0.286740,0.136866,0.236103,-0.221622,0.002985,0.199660,-0.176056,0.249803,-0.070567,0.938925,-0.090271,-0.242074,-0.041460,0.071287,-0.165935,0.036369,1.250864,0.192764,-0.068592,0.063527
0.469903,0.653915,0.817326,0.011589,-0.009847,0.517296,0.855672,0.322780,-0.023753,-0.189117,0.490057,-0.139194,-0.191668,-0.350787,-0.054238,-0.144336,0.317900,0.110711,0.194390,-0.220244,0.031038,0.169419,-0.086088,0.204614,-0.093622,0.936461,-0.291259,-0.258462,0.012672,0.101125,-0.169837,0.057426,1.243538,0.224740,-0.080261,0.027782
0.490262,0.677869,0.820850,0.004714,-0.006570,0.507487,0.861621,0.228546,-0.009978,-0.128278,0.668756,-0.008926,-0.192430,-0.333738,-0.027040,-0.133314,0.342457,0.077991,0.173953,-0.197025,0.066389,0.163276,-0.106090,0.184454,0.013911,1.024910,0.004789,-0.238212,-0.130525,0.056544,-0.183355,-0.030407,1.270567,0.098159,-0.063823,0.048896
0.508185,0.700808,0.824465,0.004130,-0.003394,0.503892,0.863750,0.118512,0.031114,-0.038814,0.850275,-0.070327,-0.129145,-0.294086,-0.019452,-0.129726,0.339367,0.028504,0.158366,-0.175458,0.077298,0.164724,-0.092125,0.174928,0.032314,1.066441,-0.034915,-0.227314,-0.175309,0.027080,-0.196248,-0.030432,1.275192,0.126047,-0.073570,0.034541
0.526980,0.722583,0.829511,0.010907,-0.004143,0.497010,0.867666,0.032994,0.048799,0.023245,0.968997,-0.115027,-0.084475,-0.237296,-0.015554,-0.114706,0.328135,-0.001468,0.152657,-0.143623,0.070546,0.177252,-0.057510,0.173730,0.025561,1.077637,-0.041975,-0.230255,-0.215553,0.009174,-0.202287,-0.020412,1.258660,0.137354,-0.093559,0.024112
0.544563,0.743820,0.834260,0.016897,-0.003931,0.486189,0.873681,-0.047992,0.045074,0.063915,1.027737,-0.159084,-0.068618,-0.181771,-0.009039,-0.086697,0.305306,-0.024483,0.153156,-0.107204,0.061408,0.188258,-0.016873,0.172025,0.010465,1.084200,0.030735,-0.219700,-0.157190,-0.017511,-0.207165,-0.006753,1.246112,0.146080,-0.089710,0.021388
0.562371,0.763899,0.837580,0.020695,-0.002436,0.472195,0.881248,-0.130941,0.034738,0.097181,1.044445,-0.211766,-0.069971,-0.129765,-0.000357,-0.064118,0.277041,-0.045542,0.148020,-0.063614,0.051517,0.192137,0.024534,0.167183,0.016483,1.096842,0.037568,-0.207908,-0.139696,-0.047975,-0.209011,0.002924,1.229468,0.176213,-0.092613,0.003908
0.580399,0.786272,0.840139,0.023365,-0.000879,0.457645,0.888827,-0.198204,0.022731,0.124012,1.000547,-0.265694,-0.067322,-0.071387,0.006091,-0.034289,0.236612,-0.062420,0.146929,-0.025505,0.044366,0.189301,0.072681,0.158543,0.028320,1.103371,0.042270,-0.210312,-0.132825,-0.066583,-0.209295,0.004628,1.200883,0.182327,-0.111799,-0.005203
0.598512,0.808920,0.840935,0.026940,-0.001878,0.446147,0.894552,-0.244427,0.027009,0.164468,0.915008,-0.302206,-0.066820,-0.005561,0.009356,-0.009149,0.198261,-0.081698,0.149566,0.005917,0.034633,0.194925,0.115291,0.159689,0.041990,1.112454,0.054000,-0.208825,-0.148953,-0.085125,-0.206070,0.000997,1.165487,0.210120,-0.120492,-0.006023
0.613516,0.829630,0.839672,0.027867,-0.002409,0.437441,0.898812,-0.290173,0.042493,0.212123,0.803151,-0.308517,-0.060669,0.042552,0.011014,0.008776,0.177612,-0.100694,0.151610,0.032162,0.029694,0.204485,0.137489,0.154166,0.052988,1.123416,0.038972,-0.184342,-0.144461,-0.108550,-0.207481,0.003802,1.124866,0.234265,-0.135334,0.004235
0.629506,0.851002,0.837348,0.027957,-0.005254,0.433416,0.900745,-0.309253,0.049715,0.247334,0.640265,-0.277980,-0.075368,0.099782,0.012731,0.008145,0.155389,-0.124920,0.147955,0.048097,0.029713,0.216052,0.153498,0.156010,0.057582,1.167360,0.038563,-0.213417,-0.138448,-0.134743,-0.210990,0.013596,1.088889,0.290634,-0.164379,-0.016207
0.646083,0.874151,0.833294,0.024481,-0.009268,0.433278,0.900880,-0.321797,0.051499,0.262749,0.466171,-0.224258,-0.086625,0.158755,0.023043,0.012788,0.131550,-0.147945,0.147400,0.051867,0.038418,0.217334,0.177675,0.144524,0.068878,1.187336,0.053645,-0.202413,-0.129900,-0.143147,-0.216832,0.025287,1.049141,0.262650,-0.155178,0.001064
0.662189,0.896945,0.828224,0.020474,-0.013813,0.431957,0.901556,-0.319775,0.049381,0.275691,0.278474,-0.154217,-0.097046,0.209833,0.034613,0.013356,0.125481,-0.174746,0.144252,0.056541,0.046447,0.220662,0.188588,0.135633,0.088593,1.213560,0.056077,-0.196123,-0.136269,-0.156365,-0.222149,0.035611,1.022509,0.246008,-0.170743,-0.010713
0.678185,0.920500,0.822655,0.018061,-0.015787,0.428126,0.903401,-0.315556,0.039804,0.273309,0.112243,-0.132142,-0.108910,0.247529,0.039122,0.024731,0.139341,-0.204230,0.150052,0.067580,0.049435,0.218082,0.200491,0.127624,0.116858,1.229452,0.058184,-0.183242,-0.152174,-0.164248,-0.225748,0.040004,1.000534,0.233560,-0.161678,0.009532
0.694813,0.944938,0.817706,0.017636,-0.014778,0.421311,0.906624,-0.310891,0.034918,0.288480,0.012237,-0.145771,-0.114366,0.272894,0.035805,0.046144,0.170781,-0.226928,0.169389,0.085473,0.042978,0.215463,0.212445,0.123327,0.134166,1.226218,0.054405,-0.162823,-0.161631,-0.172338,-0.229166,0.040469,0.991681,0.205689,-0.147068,0.019882
0.711809,0.970463,0.813546,0.018228,-0.013654,0.416613,0.908799,-0.316955,0.036493,0.297792,0.025191,-0.135583,-0.113716,0.298959,0.029715,0.070008,0.203922,-0.234281,0.185314,0.094951,0.029880,0.205909,0.237642,0.121895,0.137936,1.216920,0.050302,-0.182057,-0.161929,-0.162067,-0.224346,0.043443,0.984031,0.212060,-0.178221,-0.026573
0.728718,0.996657,0.811165,0.019354,-0.008862,0.416165,0.909040,-0.339697,0.036982,0.304693,0.113791,-0.113946,-0.091035,0.303014,0.021299,0.088500,0.271013,-0.230220,0.208087,0.105084,0.010780,0.205173,0.209248,0.132457,0.130946,1.237727,0.050837,-0.168644,-0.145715,-0.176247,-0.214117,0.039377,1.002607,0.222232,-0.161639,0.001069
0.747993,1.024895,0.811488,0.023216,-0.001964,0.416237,0.908958,-0.343996,0.025696,0.306259,0.179899,-0.053844,-0.056010,0.303018,0.009051,0.108989,0.343677,-0.188090,0.247465,0.110956,-0.021979,0.195327,0.198764,0.152955,0.119239,1.240053,0.025870,-0.166782,-0.139775,-0.167136,-0.207624,0.044344,1.018907,0.213968,-0.162151,-0.011240
0.769644,1.049351,0.814853,0.021750,0.001231,0.423549,0.905611,-0.347002,0.017789,0.256749,0.245283,-0.047736,-0.022475,0.277161,0.030596,0.085811,0.460315,-0.097352,0.261800,0.101549,-0.047992,0.192427,0.163714,0.179600,0.105390,1.245416,0.021265,-0.162830,-0.138884,-0.167607,-0.184958,0.046491,1.051388,0.230367,-0.145099,0.008905
0.789606,1.074397,0.819901,0.017006,0.002333,0.436333,0.899622,-0.332727,0.010174,0.218357,0.283173,-0.059218,0.016197,0.220388,0.048080,0.026430,0.608077,0.055325,0.261800,0.076013,-0.056435,0.183053,0.122984,0.198582,0.092580,1.262221,0.028404,-0.156502,-0.140341,-0.154485,-0.176118,0.060462,1.082551,0.196207,-0.124364,0.027938
0.805144,1.100757,0.824690,0.014826,0.003334,0.445449,0.895178,-0.297896,-0.003909,0.199390,0.291025,-0.088970,0.049953,0.137391,0.043926,-0.002645,0.777640,0.204471,0.261800,0.053621,-0.062543,0.176153,0.082660,0.216945,0.060558,1.265850,0.025428,-0.141926,-0.118282,-0.141315,-0.168480,0.074481,1.107290,0.188780,-0.101752,0.036192
0.818448,1.126835,0.830140,0.014086,-0.000237,0.449539,0.893150,-0.233340,-0.013623,0.190155,0.262341,-0.114442,0.049692,0.051764,0.021383,-0.025652,0.935552,0.337134,0.261800,0.039215,-0.063227,0.180673,0.041283,0.231159,0.041463,1.256785,0.013481,-0.136196,-0.101581,-0.126072,-0.158183,0.083753,1.126624,0.173941,-0.079600,0.058196
0.831720,1.154076,0.835109,0.014178,-0.005816,0.465519,0.884905,-0.166797,-0.033407,0.157242,0.232973,-0.139317,0.057295,-0.023327,0.035563,-0.018566,1.054503,0.285369,0.261800,-0.004303,-0.058379,0.185689,-0.000344,0.241137,0.043047,1.242757,-0.003529,-0.140015,-0.104342,-0.106803,-0.151425,0.084171,1.148435,0.143248,-0.069649,0.069927
0.843695,1.180998,0.839126,0.014137,-0.012535,0.485676,0.873935,-0.101692,-0.052323,0.111421,0.205166,-0.162238,0.068549,-0.092383,0.051133,-0.012108,1.123236,0.173268,0.261098,-0.051580,-0.046226,0.191886,-0.043367,0.241229,0.031039,1.214687,0.020002,-0.146094,-0.082737,-0.084544,-0.146699,0.065256,1.166301,0.121850,-0.062986,0.068582
0.856477,1.207198,0.842062,0.013015,-0.020062,0.498828,0.866371,-0.034860,-0.055907,0.080161,0.180684,-0.184084,0.064333,-0.155116,0.051333,-0.018264,1.143473,0.083889,0.261081,-0.085297,-0.033304,0.191531,-0.066333,0.242680,0.019699,1.165710,0.014377,-0.165277,-0.075711,-0.051370,-0.138555,0.053419,1.180146,0.139281,-0.073583,0.036679
0.869117,1.232855,0.843170,0.012803,-0.024307,0.513058,0.857914,0.024808,-0.061497,0.052128,0.155430,-0.204886,0.058675,-0.218136,0.032605,-0.032322,1.121216,0.019747,0.244435,-0.118945,-0.024040,0.190662,-0.094758,0.238502,0.027826,1.111397,-0.010735,-0.197071,-0.079118,-0.023990,-0.140587,0.042411,1.191016,0.114249,-0.064212,0.067554
0.883527,1.256874,0.843165,0.014931,-0.026290,0.523451,0.851519,0.083028,-0.067382,0.021515,0.132343,-0.223893,0.065141,-0.269477,0.015964,-0.039223,1.052840,-0.025196,0.222774,-0.143114,-0.023729,0.193420,-0.120672,0.238040,0.028991,1.040858,-0.029138,-0.216336,-0.089418,-0.002887,-0.138551,0.032259,1.195947,0.109400,-0.059187,0.069044
0.898252,1.280278,0.841238,0.018863,-0.027402,0.532445,0.845811,0.137205,-0.071712,0.000346,0.118116,-0.241907,0.060110,-0.307505,-0.008853,-0.052701,0.942841,-0.046371,0.214206,-0.163680,-0.026767,0.193339,-0.137075,0.239196,0.023240,0.968528,-0.028089,-0.234679,-0.087637,0.018037,-0.133304,0.014559,1.204160,0.100418,-0.058060,0.076722
0.913182,1.303306,0.838637,0.022881,-0.030604,0.543739,0.838384,0.190664,-0.072593,-0.027997,0.112547,-0.278261,0.061210,-0.314825,-0.027836,-0.068976,0.774991,-0.039365,0.226899,-0.189668,-0.029536,0.206229,-0.168474,0.238740,0.021684,0.907097,-0.035407,-0.251665,-0.084909,0.017584,-0.128788,0.003442,1.223883,0.096034,-0.064802,0.070890
0.928438,1.326765,0.833830,0.028195,-0.028265,0.547016,0.836170,0.236512,-0.078858,-0.028942,0.107677,-0.302673,0.047559,-0.322559,-0.045929,-0.069016,0.582734,-0.012671,0.238311,-0.193815,-0.039037,0.204330,-0.185963,0.242913,0.013993,0.855903,-0.035053,-0.270297,-0.083016,0.025925,-0.124219,-0.009554,1.240058,0.088165,-0.063370,0.074421
0.943563,1.350418,0.828752,0.035770,-0.026533,0.554982,0.830669,0.280635,-0.089495,-0.048797,0.112170,-0.323262,0.036054,-0.310614,-0.073286,-0.079218,0.377510,0.014841,0.259872,-0.207397,-0.050898,0.203324,-0.198241,0.239953,0.005238,0.809947,-0.033050,-0.283882,-0.057631,0.039592,-0.117286,-0.021484,1.247580,0.076248,-0.058575,0.073010
0.962149,1.373867,0.823534,0.038177,-0.024062,0.555089,0.830566,0.321231,-0.082973,-0.047457,0.117580,-0.348755,0.019686,-0.313275,-0.074072,-0.089993,0.213381,0.023127,0.261800,-0.200690,-0.057616,0.188568,-0.194849,0.241830,-0.002331,0.781628,-0.022362,-0.299561,-0.070241,0.068935,-0.107567,-0.027257,1.243302,0.078053,-0.059867,0.079994
0.979154,1.398010,0.818884,0.036155,-0.021877,0.554733,0.830954,0.348228,-0.070829,-0.051238,0.137884,-0.365450,-0.013214,-0.316362,-0.075382,-0.124197,0.103661,-0.008782,0.261800,-0.192653,-0.052035,0.177613,-0.198711,0.241302,-0.009942,0.771865,-0.042577,-0.306913,-0.084598,0.083558,-0.102986,-0.033677,1.244221,0.077849,-0.054667,0.088753
0.996877,1.422953,0.814191,0.033276,-0.021738,0.551718,0.833083,0.372743,-0.059235,-0.062373,0.171197,-0.374770,-0.037322,-0.309959,-0.068150,-0.171978,0.084170,-0.023349,0.261800,-0.180426,-0.039078,0.165864,-0.181684,0.242350,-0.014650,0.768867,-0.018604,-0.305111,-0.088269,0.106669,-0.101893,-0.030982,1.235661,0.073803,-0.056808,0.094024
1.012943,1.450015,0.810926,0.035304,-0.020011,0.557019,0.829508,0.386836,-0.059582,-0.091459,0.226210,-0.367392,-0.055932,-0.302104,-0.080535,-0.182474,0.147365,0.041353,0.261800,-0.192112,-0.032195,0.158017,-0.160922,0.233552,-0.014687,0.784539,0.005571,-0.299919,-0.078598,0.116247,-0.108599,-0.033298,1.231219,0.068994,-0.054200,0.106964
1.030282,1.477940,0.810044,0.031558,-0.017940,0.567353,0.822674,0.371679,-0.048702,-0.129079,0.317241,-0.337746,-0.098636,-0.306169,-0.084967,-0.179243,0.207819,0.104671,0.261800,-0.224501,-0.013256,0.155082,-0.158073,0.220687,0.000601,0.835377,0.020073,-0.281821,-0.101863,0.087774,-0.126890,-0.043670,1.254530,0.081356,-0.055456,0.122980
1.048489,1.507257,0.811816,0.026581,-0.017178,0.570440,0.820729,0.350281,-0.037507,-0.140701,0.419590,-0.254630,-0.163638,-0.298189,-0.066366,-0.140721,0.265748,0.111080,0.243783,-0.237149,0.012940,0.144937,-0.128177,0.201278,0.021344,0.893000,0.027099,-0.274815,-0.115975,0.080286,-0.144760,-0.054357,1.257790,0.088665,-0.052594,0.125909
1.068701,1.534387,0.815501,0.018360,-0.018336,0.567159,0.823200,0.290551,-0.014657,-0.119749,0.575743,-0.121739,-0.232324,-0.277095,-0.037319,-0.145772,0.299376,0.092089,0.188962,-0.230534,0.042829,0.136096,-0.107448,0.189456,0.030427,0.972671,0.041459,-0.248798,-0.121878,0.064090,-0.162086,-0.057359,1.266968,0.104122,-0.059403,0.120204
1.087280,1.560702,0.819424,0.017223,-0.018436,0.559608,0.828373,0.202819,-0.008870,-0.092872,0.754023,-0.011464,-0.199707,-0.237153,-0.015245,-0.134126,0.306615,0.067449,0.143193,-0.214110,0.055324,0.128030,-0.079319,0.181287,0.043771,1.052033,0.007642,-0.227739,-0.137562,0.052539,-0.177065,-0.047431,1.268006,0.130456,-0.060480,0.120711
1.104396,1.585356,0.822867,0.021291,-0.017902,0.560642,0.827591,0.096338,0.038770,-0.020407,0.930381,-0.058022,-0.120302,-0.182046,-0.014026,-0.138163,0.298680,0.023964,0.135439,-0.207963,0.053912,0.132365,-0.051404,0.176796,0.041421,1.112625,0.025553,-0.201647,-0.123546,0.035133,-0.186640,-0.031572,1.254994,0.136803,-0.056731,0.081465
1.122605,1.610722,0.826879,0.029358,-0.021126,0.555245,0.830900,0.021396,0.059270,0.024209,1.030421,-0.119904,-0.095787,-0.105701,-0.006426,-0.123599,0.269301,-0.009821,0.131798,-0.184753,0.043605,0.143848,-0.010559,0.175000,0.036218,1.151871,0.040579,-0.174614,-0.140408,0.030121,-0.193649,-0.024014,1.232095,0.154983,-0.065916,0.069929
1.139574,1.634733,0.829796,0.036031,-0.022260,0.542972,0.838682,-0.050247,0.060630,0.056008,1.073875,-0.180217,-0.083904,-0.041028,0.002493,-0.095301,0.239976,-0.032760,0.129393,-0.145310,0.032423,0.151301,0.028014,0.177758,0.025955,1.189222,0.053430,-0.155287,-0.147070,0.015912,-0.198778,-0.008656,1.210218,0.173653,-0.071579,0.062822
1.156034,1.658349,0.831448,0.040312,-0.021837,0.524545,0.850148,-0.122278,0.049225,0.079799,1.069416,-0.228287,-0.076344,0.019260,0.013662,-0.053721,0.202777,-0.051893,0.127213,-0.095516,0.024700,0.151164,0.078409,0.177208,0.033917,1.210162,0.085648,-0.131659,-0.150388,0.004039,-0.203907,-0.001756,1.187919,0.191423,-0.076111,0.058870
1.172320,1.682365,0.831338,0.045075,-0.021656,0.507520,0.860187,-0.181766,0.044621,0.105740,1.016130,-0.274390,-0.081046,0.079354,0.016112,-0.018305,0.172503,-0.072736,0.132813,-0.055141,0.011978,0.153664,0.134699,0.173025,0.036826,1.217249,0.052060,-0.162580,-0.140116,-0.015312,-0.207545,0.012045,1.167816,0.207416,-0.091264,0.048355
1.187780,1.705486,0.829670,0.046246,-0.021673,0.488062,0.871313,-0.233469,0.062394,0.144836,0.925914,-0.303485,-0.080903,0.124353,0.024099,0.024358,0.157343,-0.095581,0.138539,-0.015224,0.008148,0.158830,0.180526,0.167108,0.060683,1.225943,0.051015,-0.161051,-0.142924,-0.039411,-0.211510,0.004998,1.142794,0.221565,-0.098381,0.048276
1.202622,1.728622,0.827306,0.046833,-0.025307,0.474344,0.878729,-0.264575,0.085775,0.177562,0.796959,-0.296898,-0.081650,0.180238,0.030237,0.053086,0.137936,-0.116463,0.135777,0.003525,0.009285,0.173070,0.214317,0.155345,0.085384,1.239665,0.058235,-0.160676,-0.136587,-0.067211,-0.210998,-0.000262,1.124592,0.246785,-0.129395,0.044825
1.216876,1.752062,0.823518,0.045504,-0.026916,0.465388,0.883526,-0.288841,0.106500,0.207422,0.639623,-0.256332,-0.086508,0.224147,0.033992,0.068944,0.133534,-0.144066,0.137757,0.010264,0.010770,0.182935,0.242258,0.141349,0.093545,1.251774,0.054984,-0.161810,-0.125912,-0.095951,-0.214019,-0.000654,1.105771,0.271956,-0.150925,0.035481
1.231308,1.775369,0.819152,0.043448,-0.028565,0.453458,0.889760,-0.306901,0.113035,0.209759,0.474315,-0.217018,-0.081296,0.263092,0.038425,0.094446,0.137518,-0.171317,0.136211,0.019516,0.014134,0.190246,0.265862,0.127122,0.117748,1.258782,0.048960,-0.150511,-0.142556,-0.112908,-0.220412,0.001555,1.070726,0.244137,-0.138832,0.044038
1.246340,1.799385,0.814522,0.039364,-0.028532,0.440187,0.896589,-0.326706,0.103897,0.152727,0.321044,-0.177731,-0.089888,0.296555,0.042691,0.122418,0.142652,-0.188520,0.139914,0.026884,0.018375,0.187053,0.293383,0.114175,0.122987,1.262285,0.048306,-0.150939,-0.169400,-0.123136,-0.221973,0.006462,1.045965,0.241976,-0.145840,0.045538
1.261622,1.823621,0.810500,0.040612,-0.027561,0.423270,0.904673,-0.326176,0.080549,0.063069,0.183625,-0.150512,-0.087652,0.324512,0.034363,0.161750,0.166245,-0.208967,0.154038,0.050275,0.010318,0.190143,0.296992,0.110918,0.130518,1.273046,0.056771,-0.138237,-0.192999,-0.122456,-0.222163,0.009452,1.016365,0.211103,-0.162199,0.028578
1.277515,1.849030,0.807135,0.043099,-0.025262,0.403352,0.913680,-0.316743,0.071468,0.010549,0.114136,-0.161442,-0.098667,0.344971,0.019533,0.208712,0.202122,-0.225293,0.167507,0.077073,-0.003956,0.187677,0.306982,0.112639,0.132498,1.263713,0.058109,-0.134974,-0.205938,-0.114145,-0.218136,0.016508,0.999144,0.209022,-0.169007,0.021084
1.293567,1.875720,0.803731,0.044564,-0.022160,0.386619,0.920896,-0.313580,0.068855,-0.005337,0.131110,-0.153959,-0.107201,0.359073,0.005274,0.247314,0.248056,-0.228468,0.184358,0.098731,-0.018277,0.185127,0.300283,0.120218,0.139944,1.259739,0.068985,-0.136647,-0.197714,-0.106867,-0.212666,0.015512,0.996823,0.202480,-0.170283,0.018912
1.308822,1.904017,0.801458,0.046512,-0.016606,0.377205,0.924812,-0.320478,0.057558,0.011639,0.199345,-0.084786,-0.095636,0.370175,-0.013555,0.267835,0.293468,-0.210327,0.212305,0.103547,-0.037046,0.175188,0.292082,0.129317,0.132744,1.248149,0.061108,-0.132186,-0.187318,-0.092385,-0.204908,0.018311,1.005180,0.208064,-0.157853,0.025013
1.324798,1.932948,0.801221,0.051877,-0.009012,0.374130,0.925880,-0.329580,0.023164,0.004819,0.269748,-0.049220,-0.082548,0.374074,-0.035027,0.285882,0.351919,-0.168822,0.250742,0.095118,-0.067604,0.168344,0.269347,0.147221,0.119191,1.242247,0.050708,-0.137055,-0.162880,-0.085777,-0.194979,0.011412,1.034610,0.208035,-0.141503,0.041278
1.343650,1.958041,0.803598,0.049074,-0.006338,0.373229,0.926419,-0.321221,0.020319,0.005101,0.325385,-0.054885,-0.055807,0.356259,-0.021288,0.254082,0.447318,-0.086236,0.261799,0.079443,-0.081913,0.164513,0.235768,0.173297,0.104515,1.237757,0.040231,-0.144408,-0.140429,-0.080929,-0.180613,0.015092,1.074632,0.206641,-0.129221,0.040364
1.360648,1.983353,0.807343,0.043478,-0.002213,0.372089,0.927175,-0.302569,0.023093,0.013180,0.355985,-0.089707,-0.039632,0.294365,-0.016501,0.195312,0.594698,0.025906,0.261800,0.057274,-0.088394,0.157771,0.186551,0.195240,0.099737,1.243175,0.034508,-0.146775,-0.115980,-0.083574,-0.165338,0.017353,1.131793,0.201598,-0.114995,0.041585
1.374710,2.007945,0.811020,0.042596,0.002304,0.364874,0.930079,-0.267869,0.018712,0.036991,0.358710,-0.132387,-0.018462,0.199684,-0.032218,0.152262,0.781652,0.117448,0.261800,0.038931,-0.101593,0.151108,0.144955,0.218186,0.096639,1.235703,0.020420,-0.146689,-0.102098,-0.079670,-0.153693,0.031336,1.171254,0.161622,-0.089996,0.055791
1.386622,2.033935,0.814504,0.050092,0.005476,0.360159,0.931529,-0.217724,-0.010027,0.062420,0.343344,-0.167246,0.003006,0.100488,-0.085625,0.119629,0.960331,0.170194,0.252130,0.006944,-0.120905,0.154989,0.098672,0.238866,0.087726,1.226121,-0.016071,-0.143100,-0.092011,-0.085901,-0.147390,0.041785,1.206065,0.147872,-0.058971,0.075836
1.401735,2.054720,0.818921,0.046767,0.000207,0.352563,0.934619,-0.153398,-0.001851,0.076535,0.318302,-0.193686,0.005480,0.007515,-0.090620,0.076084,1.095655,0.111313,0.203541,-0.026484,-0.116033,0.166736,0.046302,0.268401,0.081647,1.221190,-0.030398,-0.150183,-0.089386,-0.086801,-0.135075,0.045876,1.226828,0.145032,-0.051620,0.083562
1.418319,2.075839,0.822762,0.041953,-0.004843,0.350072,0.935770,-0.091299,0.006631,0.084828,0.291307,-0.217729,0.003856,-0.066657,-0.061358,0.048702,1.160463,0.040809,0.188771,-0.067653,-0.102079,0.164661,0.002541,0.288930,0.086532,1.209285,-0.039772,-0.141678,-0.079145,-0.059974,-0.132214,0.046370,1.221565,0.111470,-0.049708,0.087309
1.434899,2.094448,0.825693,0.037928,-0.007564,0.350192,0.935879,-0.035567,0.012246,0.089722,0.259786,-0.230926,-0.003409,-0.139402,-0.010284,0.036606,1.165983,-0.005064,0.201320,-0.112117,-0.091720,0.163776,-0.048190,0.313104,0.083161,1.192410,-0.041418,-0.138174,-0.068139,-0.038873,-0.129544,0.043244,1.215153,0.106094,-0.041591,0.081661
1.451018,2.112473,0.826912,0.035256,-0.008100,0.349477,0.936246,0.018174,0.013953,0.096915,0.223583,-0.240726,-0.012958,-0.209248,0.021230,0.014860,1.126798,-0.055306,0.210455,-0.156638,-0.084791,0.160027,-0.097405,0.338711,0.077817,1.171693,-0.028166,-0.149002,-0.048379,-0.020338,-0.127868,0.045025,1.199773,0.118309,-0.056820,0.089128
1.467183,2.130296,0.826856,0.035539,-0.007471,0.346986,0.937167,0.072412,0.008255,0.111653,0.187693,-0.251919,-0.021012,-0.269748,0.034416,-0.007948,1.043591,-0.091049,0.208244,-0.197429,-0.082931,0.156677,-0.142405,0.361724,0.079989,1.148803,-0.034005,-0.169031,-0.040239,-0.006525,-0.129930,0.048368,1.192957,0.108658,-0.059993,0.094030
1.483108,2.147262,0.825604,0.037947,-0.005504,0.342426,0.938762,0.122689,-0.004039,0.124086,0.154893,-0.262103,-0.022140,-0.313614,0.015134,-0.052085,0.918021,-0.110286,0.208428,-0.230552,-0.084379,0.150920,-0.183810,0.382358,0.072449,1.116794,-0.052769,-0.182497,-0.034447,0.005817,-0.126598,0.044672,1.194264,0.138097,-0.066525,0.077332
1.500361,2.163153,0.823437,0.042169,-0.004197,0.335269,0.941169,0.183577,-0.016458,0.139353,0.110058,-0.263980,-0.029805,-0.334446,-0.002207,-0.090700,0.752637,-0.111542,0.222499,-0.250835,-0.090400,0.153521,-0.236927,0.406467,0.065041,1.089878,-0.059832,-0.192225,-0.028467,0.005300,-0.122467,0.033171,1.200448,0.159151,-0.060744,0.083621
1.518199,2.178961,0.819734,0.047260,-0.000868,0.321874,0.945602,0.239460,-0.035597,0.151763,0.071289,-0.264635,-0.042515,-0.345779,-0.027587,-0.139719,0.569473,-0.083104,0.221952,-0.254580,-0.095913,0.145679,-0.274614,0.419638,0.068062,1.059010,-0.054974,-0.209865,-0.037512,0.010309,-0.119749,0.021303,1.215978,0.163675,-0.050433,0.079824
1.536470,2.194433,0.814580,0.053213,0.001662,0.308366,0.949777,0.292326,-0.057301,0.158361,0.044614,-0.269426,-0.056630,-0.343455,-0.052398,-0.202075,0.384187,-0.050080,0.233760,-0.253608,-0.101216,0.137460,-0.305845,0.429277,0.061584,1.040706,-0.067526,-0.225710,-0.047736,0.017734,-0.121379,0.011205,1.240521,0.132068,-0.050796,0.070954
1.556048,2.209621,0.809459,0.056018,0.006118,0.297652,0.953010,0.324846,-0.068936,0.168046,0.045665,-0.285168,-0.069678,-0.350912,-0.065477,-0.248338,0.240837,-0.057704,0.232630,-0.253935,-0.099200,0.117139,-0.322116,0.428612,0.057723,1.015248,-0.070309,-0.226046,-0.055000,0.041835,-0.120364,0.000856,1.249787,0.152132,-0.051661,0.065615
1.576665,2.224108,0.805140,0.053791,0.011054,0.289490,0.955604,0.339077,-0.066099,0.165988,0.072506,-0.303654,-0.084118,-0.356291,-0.068681,-0.283509,0.139966,-0.079615,0.216708,-0.253107,-0.085330,0.101239,-0.333263,0.424139,0.047628,0.988379,-0.038381,-0.248682,-0.065721,0.057453,-0.123154,-0.010304,1.262423,0.144244,-0.044179,0.067280
1.598036,2.239402,0.801002,0.053067,0.013013,0.286058,0.956653,0.350078,-0.063404,0.155366,0.119931,-0.321957,-0.104017,-0.347764,-0.078256,-0.328498,0.111440,-0.076087,0.221279,-0.257965,-0.070106,0.096422,-0.344571,0.411057,0.041360,0.965747,0.000228,-0.256117,-0.081365,0.065796,-0.127713,-0.027581,1.277229,0.139273,-0.039910,0.059050
1.621070,2.255705,0.798493,0.052072,0.013269,0.282181,0.957855,0.354660,-0.060760,0.130304,0.186659,-0.313627,-0.118487,-0.337131,-0.090780,-0.359316,0.165937,0.030098,0.216302,-0.259861,-0.048844,0.104792,-0.351982,0.387219,0.026637,0.944128,-0.004910,-0.252668,-0.088009,0.050027,-0.141544,-0.037569,1.309533,0.151557,-0.036074,0.043724
1.646855,2.271554,0.800526,0.040308,0.008831,0.279549,0.959244,0.343650,-0.026739,0.110703,0.288022,-0.275064,-0.159511,-0.320317,-0.065846,-0.340987,0.209753,0.052832,0.192158,-0.263618,-0.002647,0.117461,-0.332918,0.347932,0.021863,0.927454,0.026211,-0.277281,-0.091126,0.037538,-0.160809,-0.053481,1.345539,0.122738,-0.040460,0.038180
1.673183,2.285095,0.804948,0.029495,0.008803,0.265490,0.963622,0.299603,0.005275,0.124896,0.430551,-0.185442,-0.205860,-0.304791,-0.026778,-0.307150,0.241921,0.041229,0.152274,-0.249669,0.041400,0.123376,-0.296006,0.307540,0.010823,0.916921,0.037574,-0.283202,-0.106806,0.018896,-0.181335,-0.064421,1.369550,0.107351,-0.038438,0.027743
1.701393,2.297254,0.809321,0.028262,0.012622,0.241759,0.969842,0.231793,0.024636,0.169671,0.596362,-0.032395,-0.219535,-0.277209,-0.000120,-0.270921,0.247660,0.023748,0.113832,-0.210765,0.058059,0.108017,-0.245286,0.278871,0.001397,0.915442,0.051035,-0.278812,-0.149842,0.021052,-0.191172,-0.076886,1.372617,0.114015,-0.048565,0.020247
1.727386,2.309122,0.811917,0.032907,0.014221,0.222657,0.974237,0.146868,0.043470,0.198545,0.767196,-0.017946,-0.159615,-0.240339,0.007219,-0.240251,0.253423,-0.022758,0.094431,-0.177822,0.054999,0.099653,-0.194750,0.266830,-0.014380,0.909313,0.080487,-0.272387,-0.181853,0.022595,-0.193154,-0.083006,1.357141,0.144819,-0.067472,-0.002659
1.752886,2.320194,0.814291,0.037196,0.006443,0.203526,0.978342,0.078123,0.082354,0.235774,0.918732,-0.095351,-0.121420,-0.186102,0.015844,-0.207829,0.263158,-0.056032,0.095971,-0.149502,0.050309,0.127813,-0.165253,0.253828,-0.012252,0.921062,0.063207,-0.252264,-0.232019,-0.000512,-0.198263,-0.080910,1.331208,0.154807,-0.074797,-0.003706
1.779653,2.329284,0.816980,0.040804,-0.001337,0.179768,0.982861,0.011856,0.118034,0.264637,1.018508,-0.138601,-0.078493,-0.128691,0.032671,-0.157490,0.258888,-0.075344,0.078535,-0.126714,0.041703,0.154683,-0.123903,0.244375,-0.008364,0.948612,0.048470,-0.244040,-0.224654,-0.037209,-0.200302,-0.057221,1.306656,0.156805,-0.077790,-0.008030
1.804718,2.337469,0.818859,0.045299,-0.004121,0.152119,0.987315,-0.065396,0.128939,0.275353,1.065166,-0.185334,-0.056305,-0.083193,0.043635,-0.104709,0.254203,-0.090714,0.071468,-0.109145,0.026967,0.167570,-0.072831,0.235871,0.010245,0.987529,0.065787,-0.238153,-0.201488,-0.083669,-0.200388,-0.029207,1.283495,0.155201,-0.083467,-0.006672
1.830384,2.346279,0.820065,0.049741,-0.007051,0.123178,0.991112,-0.139855,0.115222,0.265290,1.061404,-0.237579,-0.039636,-0.031431,0.049362,-0.046441,0.241528,-0.111114,0.073325,-0.083263,0.011757,0.170467,-0.017626,0.219036,0.022958,1.037323,0.061708,-0.228453,-0.163852,-0.111249,-0.195358,-0.011639,1.246832,0.169124,-0.092349,-0.007517
1.857007,2.355090,0.820520,0.052533,-0.012062,0.095261,0.993992,-0.194496,0.110647,0.257389,1.009814,-0.272659,-0.030590,0.030075,0.053015,0.013720,0.219269,-0.127493,0.076600,-0.055859,0.000765,0.175931,0.032203,0.202249,0.040147,1.090626,0.074296,-0.213499,-0.135600,-0.128526,-0.188356,-0.009454,1.194916,0.198322,-0.105593,-0.008385
1.883508,2.363937,0.819603,0.054562,-0.014969,0.071160,0.995859,-0.240723,0.107920,0.260574,0.917672,-0.304983,-0.030804,0.092693,0.049381,0.061499,0.187340,-0.145334,0.086646,-0.031073,-0.008432,0.183539,0.068966,0.189432,0.053334,1.146353,0.086507,-0.191979,-0.143345,-0.142178,-0.183566,-0.001866,1.133079,0.233075,-0.119142,-0.003428
1.909778,2.372294,0.817452,0.054443,-0.016855,0.047657,0.997237,-0.277205,0.103572,0.257196,0.786840,-0.305625,-0.043080,0.147895,0.044890,0.099451,0.162259,-0.160980,0.097871,-0.006131,-0.012522,0.185338,0.107525,0.172146,0.070429,1.197844,0.100741,-0.163940,-0.152051,-0.142320,-0.177785,0.009864,1.055964,0.248902,-0.123312,0.026534
1.935978,2.380670,0.814094,0.049742,-0.016732,0.027554,0.998242,-0.305776,0.105816,0.254846,0.625918,-0.278633,-0.057411,0.192241,0.047484,0.136528,0.148635,-0.179549,0.098128,0.011509,-0.006731,0.184585,0.145051,0.153614,0.083080,1.236453,0.106031,-0.153928,-0.164056,-0.148201,-0.172278,0.022135,0.996881,0.262904,-0.135941,0.032243
1.962856,2.388854,0.810037,0.045172,-0.017238,0.012285,0.998755,-0.324015,0.098237,0.241810,0.448557,-0.224195,-0.071385,0.235983,0.047730,0.159564,0.143877,-0.196551,0.106204,0.021766,-0.000158,0.187030,0.174828,0.137942,0.087604,1.278268,0.127044,-0.144586,-0.167975,-0.156047,-0.169277,0.027414,0.949479,0.236086,-0.154695,0.042031
1.990062,2.396586,0.805764,0.041217,-0.019487,-0.004586,0.998950,-0.330471,0.075698,0.196495,0.272097,-0.156434,-0.072745,0.278404,0.044435,0.179719,0.149447,-0.212333,0.113868,0.037005,0.004815,0.194791,0.203580,0.121579,0.102856,1.291514,0.118076,-0.122044,-0.196607,-0.161178,-0.164530,0.034943,0.906747,0.227463,-0.161155,0.067335
2.018934,2.403446,0.801339,0.036315,-0.021563,-0.021764,0.998871,-0.319309,0.064579,0.152965,0.115788,-0.146608,-0.109010,0.315917,0.043365,0.205373,0.167227,-0.218151,0.131554,0.059156,0.009531,0.204820,0.222500,0.113034,0.103323,1.297188,0.135946,-0.111734,-0.212876,-0.168780,-0.162728,0.042941,0.876956,0.228064,-0.158038,0.081687
2.048994,2.410938,0.797498,0.035852,-0.019432,-0.036509,0.998501,-0.316516,0.054969,0.134063,0.042303,-0.162311,-0.127428,0.337642,0.032572,0.243297,0.197714,-0.220203,0.162610,0.077749,0.001411,0.199324,0.241737,0.108883,0.108050,1.295130,0.129982,-0.113078,-0.210491,-0.172871,-0.160886,0.054345,0.868617,0.237934,-0.156383,0.078404
2.079704,2.419300,0.794762,0.037015,-0.017312,-0.042631,0.998255,-0.327436,0.046002,0.150123,0.091158,-0.142537,-0.118852,0.354508,0.020380,0.270034,0.242655,-0.206272,0.192869,0.085935,-0.014430,0.193481,0.242110,0.113419,0.108274,1.295659,0.117743,-0.117589,-0.205990,-0.179897,-0.158324,0.056548,0.882906,0.236431,-0.153182,0.076249
2.112225,2.427237,0.794251,0.043107,-0.013620,-0.043639,0.998024,-0.344250,0.018397,0.144741,0.176130,-0.072911,-0.076209,0.361954,0.002106,0.288864,0.301719,-0.171535,0.226138,0.089936,-0.043423,0.182514,0.235021,0.126390,0.099414,1.291621,0.102859,-0.118252,-0.195445,-0.173590,-0.156483,0.060088,0.907985,0.226978,-0.145555,0.080651
2.145952,2.432170,0.796458,0.045800,-0.012876,-0.043915,0.997902,-0.338918,-0.006621,0.107694,0.243097,-0.057718,-0.070780,0.362182,0.003133,0.282351,0.381494,-0.087798,0.261796,0.094657,-0.071920,0.180114,0.214279,0.150296,0.089854,1.285595,0.078940,-0.124160,-0.174755,-0.162635,-0.145322,0.056013,0.945737,0.225100,-0.136268,0.070348
2.179068,2.431490,0.800651,0.039432,-0.009853,-0.038902,0.998416,-0.315449,0.003817,0.100657,0.277718,-0.075144,-0.052147,0.321434,0.037107,0.208136,0.512577,0.047387,0.261800,0.089334,-0.087201,0.176910,0.170721,0.184460,0.073198,1.283762,0.074180,-0.134175,-0.143951,-0.166332,-0.132724,0.061036,1.009224,0.225416,-0.133755,0.061165
2.210041,2.437532,0.806374,0.034353,-0.005160,-0.037427,0.998695,-0.284619,-0.002829,0.089283,0.284737,-0.100309,-0.018950,0.236325,0.039300,0.140266,0.681728,0.171954,0.261800,0.076084,-0.089946,0.162361,0.132224,0.199752,0.064243,1.278843,0.063029,-0.138345,-0.115790,-0.155524,-0.128367,0.072391,1.058215,0.216920,-0.113045,0.049553
2.239765,2.448262,0.811315,0.033079,-0.005110,-0.037752,0.998726,-0.231968,-0.021764,0.090445,0.268192,-0.129438,0.013270,0.134154,0.002188,0.089155,0.868307,0.257418,0.261800,0.053653,-0.091726,0.155936,0.105619,0.213868,0.049640,1.257170,0.039521,-0.134200,-0.124163,-0.143496,-0.127172,0.070800,1.103789,0.204302,-0.100729,0.041233
2.269155,2.458832,0.815398,0.034350,-0.009056,-0.029557,0.998932,-0.170358,-0.051696,0.081457,0.244233,-0.151994,0.026173,0.039066,-0.020919,0.069419,1.028607,0.194886,0.261108,0.019133,-0.094817,0.161992,0.059970,0.232950,0.025492,1.244222,0.039705,-0.151917,-0.095641,-0.127251,-0.128476,0.063294,1.138112,0.193123,-0.092282,0.044861
2.299199,2.465206,0.819622,0.028691,-0.017034,-0.017892,0.999283,-0.097445,-0.061553,0.052147,0.218025,-0.173772,0.033139,-0.033034,-0.013950,0.037471,1.114297,0.127162,0.247593,-0.016722,-0.083476,0.174944,-0.001639,0.250997,0.018555,1.236453,0.023138,-0.145351,-0.093072,-0.101872,-0.131565,0.048755,1.157770,0.175415,-0.080123,0.051353
2.327901,2.469992,0.822524,0.021014,-0.020814,-0.003591,0.999556,-0.038711,-0.062119,0.021645,0.197523,-0.195408,0.042593,-0.113448,0.012499,0.011010,1.150198,0.075964,0.234108,-0.054615,-0.066576,0.179455,-0.062145,0.264624,0.009881,1.216921,0.028720,-0.147713,-0.071044,-0.069976,-0.136748,0.036767,1.168724,0.164253,-0.072258,0.054208
2.356927,2.474385,0.824275,0.015702,-0.025497,0.008412,0.999516,0.022642,-0.061977,-0.002911,0.178550,-0.221499,0.041428,-0.180724,0.027371,-0.012468,1.130871,0.007179,0.233185,-0.086039,-0.052993,0.177729,-0.108078,0.272300,0.005568,1.186600,0.033322,-0.153503,-0.052165,-0.023398,-0.147828,0.044616,1.175173,0.146805,-0.075423,0.061075
2.384670,2.478490,0.824446,0.011288,-0.028165,0.022865,0.999278,0.084204,-0.060700,-0.026672,0.146344,-0.234914,0.030502,-0.246057,0.025620,-0.045049,1.068260,-0.041109,0.227276,-0.119811,-0.040179,0.185126,-0.172829,0.280113,-0.004330,1.156216,0.014506,-0.172166,-0.042491,0.000048,-0.159681,0.042325,1.186414,0.142604,-0.074531,0.063169
2.412652,2.481505,0.823320,0.009864,-0.030885,0.035242,0.998853,0.142756,-0.061635,-0.052266,0.118613,-0.250446,0.031902,-0.292061,0.009983,-0.078226,0.955773,-0.060331,0.216506,-0.145251,-0.035113,0.186601,-0.219791,0.284030,-0.014763,1.118832,-0.021914,-0.198325,-0.029247,0.030570,-0.165447,0.036972,1.205980,0.130320,-0.078164,0.060699
2.440690,2.483843,0.820574,0.011438,-0.032862,0.046735,0.998301,0.198910,-0.063063,-0.056678,0.094874,-0.266112,0.017123,-0.317815,-0.019223,-0.118151,0.796779,-0.065749,0.231912,-0.167363,-0.037548,0.188380,-0.261590,0.290689,-0.017092,1.068703,-0.014968,-0.222291,-0.044366,0.054885,-0.159181,0.021235,1.229004,0.166461,-0.081617,0.039631
2.467873,2.486197,0.816514,0.017277,-0.032389,0.055912,0.997761,0.243845,-0.076696,-0.073087,0.084624,-0.290107,0.016495,-0.335722,-0.054610,-0.148694,0.608205,-0.040272,0.239044,-0.181638,-0.047504,0.185629,-0.299975,0.299126,-0.031404,1.020867,-0.012952,-0.243141,-0.031724,0.075325,-0.163367,0.000733,1.253007,0.118379,-0.062250,0.080899
2.495446,2.488576,0.811500,0.025111,-0.030957,0.060626,0.997364,0.288797,-0.094851,-0.088327,0.071580,-0.298556,0.014054,-0.344920,-0.083266,-0.162849,0.404401,0.008939,0.247310,-0.185472,-0.058766,0.180139,-0.329413,0.296453,-0.034181,0.972104,-0.031069,-0.254274,-0.053366,0.091769,-0.163162,-0.017319,1.278657,0.112328,-0.047612,0.096378
2.524921,2.490859,0.806097,0.032084,-0.030739,0.066884,0.996771,0.334208,-0.106223,-0.100067,0.068202,-0.314268,0.000684,-0.354263,-0.109202,-0.164235,0.242588,0.020220,0.258703,-0.190359,-0.069810,0.168254,-0.330973,0.292772,-0.039314,0.920189,-0.021248,-0.268774,-0.062330,0.132139,-0.158751,-0.036840,1.285192,0.082091,-0.045319,0.107231
2.554087,2.492116,0.801510,0.030851,-0.028410,0.071330,0.996571,0.363129,-0.098663,-0.107192,0.087147,-0.326484,-0.024478,-0.364654,-0.114150,-0.173875,0.128071,-0.004172,0.261665,-0.191474,-0.063828,0.159705,-0.337000,0.289024,-0.052366,0.882076,-0.014532,-0.278533,-0.072033,0.154632,-0.154448,-0.054611,1.296468,0.070833,-0.037390,0.114831
2.585623,2.491122,0.796931,0.024151,-0.027867,0.069433,0.996905,0.388061,-0.077108,-0.115009,0.127300,-0.336869,-0.050842,-0.360888,-0.089054,-0.187954,0.096055,-0.029964,0.261800,-0.184604,-0.045210,0.154821,-0.325482,0.286433,-0.068406,0.848752,-0.003635,-0.291467,-0.074325,0.180368,-0.151290,-0.059779,1.294294,0.057846,-0.035605,0.114332
2.617793,2.495606,0.794535,0.023590,-0.028809,0.080245,0.996079,0.405236,-0.078184,-0.162733,0.181464,-0.321620,-0.075761,-0.352556,-0.108326,-0.175324,0.160423,0.012915,0.255923,-0.207936,-0.029935,0.154540,-0.301753,0.274745,-0.078074,0.824916,0.014468,-0.302800,-0.079005,0.188025,-0.159505,-0.070033,1.297368,0.045056,-0.035176,0.112933
2.652067,2.496900,0.793491,0.019841,-0.024228,0.082510,0.996098,0.401530,-0.072596,-0.191119,0.254551,-0.290497,-0.111048,-0.359022,-0.112135,-0.199179,0.227797,0.085958,0.252892,-0.223479,-0.003087,0.149863,-0.277705,0.258185,-0.072790,0.823527,0.035632,-0.300259,-0.091214,0.156996,-0.177541,-0.085870,1.325330,0.038430,-0.032535,0.111117
2.687670,2.497254,0.795396,0.012105,-0.018863,0.080813,0.996477,0.374884,-0.058153,-0.180642,0.362812,-0.214333,-0.167586,-0.350378,-0.075817,-0.153075,0.264274,0.131917,0.249191,-0.233850,0.032868,0.140701,-0.234702,0.239343,-0.062221,0.839414,0.061172,-0.305177,-0.108278,0.132271,-0.197028,-0.100257,1.342331,0.027565,-0.040626,0.108397
2.723347,2.496929,0.799150,0.003971,-0.012742,0.070995,0.997387,0.315857,-0.040357,-0.129023,0.513041,-0.086411,-0.223433,-0.332691,-0.044922,-0.149038,0.294385,0.123902,0.197834,-0.222358,0.068611,0.121484,-0.186536,0.214412,-0.054866,0.880422,0.087173,-0.291841,-0.131573,0.119924,-0.213109,-0.110201,1.341641,0.030707,-0.040984,0.103854
2.756466,2.496479,0.803898,0.001703,-0.012199,0.060534,0.998090,0.229945,-0.024448,-0.073595,0.688762,0.000270,-0.195761,-0.297303,-0.022477,-0.132819,0.312946,0.088808,0.154025,-0.201931,0.084091,0.116360,-0.144205,0.202714,-0.060748,0.930763,0.089265,-0.267651,-0.156600,0.104429,-0.222256,-0.103328,1.324790,0.065025,-0.045606,0.090831
2.786881,2.496667,0.808010,0.003947,-0.013829,0.058111,0.998207,0.124005,0.023961,0.014038,0.871890,-0.078997,-0.135444,-0.249957,-0.020476,-0.128285,0.319492,0.042576,0.146419,-0.190738,0.084239,0.127045,-0.116637,0.186421,-0.051385,0.977715,0.087523,-0.233690,-0.171906,0.078490,-0.226539,-0.096402,1.294659,0.097549,-0.059991,0.068244
2.816590,2.496115,0.812785,0.006735,-0.018980,0.050760,0.998508,0.030440,0.051293,0.063608,0.994121,-0.134793,-0.101925,-0.186878,-0.012700,-0.114781,0.304720,0.008717,0.133670,-0.164083,0.078395,0.147981,-0.100732,0.174044,-0.050095,1.040593,0.039575,-0.202059,-0.179327,0.046521,-0.229147,-0.075331,1.259310,0.163283,-0.068382,0.068587
2.845808,2.495476,0.816808,0.011647,-0.022412,0.037467,0.998979,-0.057685,0.054357,0.096160,1.049362,-0.187285,-0.084202,-0.128697,-0.006135,-0.087502,0.284375,-0.017563,0.125247,-0.128204,0.062633,0.159736,-0.075086,0.176100,-0.060740,1.106145,0.063880,-0.185012,-0.166573,0.009728,-0.228304,-0.050620,1.233474,0.211333,-0.083566,0.061264
2.874880,2.495960,0.819748,0.018411,-0.025254,0.018169,0.999346,-0.133116,0.040327,0.124472,1.039830,-0.229225,-0.080909,-0.071021,-0.005648,-0.049954,0.260360,-0.044042,0.130314,-0.085734,0.040290,0.162605,-0.026710,0.179799,-0.076000,1.150311,0.060529,-0.173889,-0.154176,-0.016183,-0.225367,-0.000670,1.197360,0.210407,-0.093934,0.031738
2.904041,2.496624,0.820971,0.020587,-0.027325,0.000350,0.999415,-0.200812,0.042335,0.147957,0.986721,-0.271105,-0.089307,-0.014327,-0.001006,-0.016670,0.234432,-0.068195,0.132710,-0.049326,0.029799,0.165307,0.024710,0.173151,-0.047457,1.184751,0.069343,-0.166661,-0.145272,-0.047232,-0.220608,0.014397,1.160296,0.223878,-0.106050,0.019836
2.932870,2.497456,0.820447,0.022479,-0.028460,-0.016795,0.999201,-0.254732,0.061591,0.186961,0.887971,-0.287241,-0.085907,0.036405,0.000239,0.016583,0.215555,-0.093994,0.139147,-0.015255,0.021023,0.170310,0.069101,0.168282,-0.026740,1.212141,0.075409,-0.162288,-0.139223,-0.081750,-0.219468,0.021711,1.114634,0.228411,-0.107603,0.028264
2.961698,2.498737,0.818424,0.021486,-0.032002,-0.028852,0.998840,-0.288777,0.083565,0.214231,0.752261,-0.271944,-0.090097,0.094884,0.002033,0.035939,0.196663,-0.116542,0.138905,0.006952,0.020106,0.186854,0.099776,0.160579,-0.000846,1.237427,0.055706,-0.147728,-0.153919,-0.119249,-0.222896,0.027190,1.062208,0.238532,-0.116125,0.036834
2.990749,2.500551,0.815370,0.018070,-0.032939,-0.044558,0.998300,-0.312107,0.103017,0.229462,0.587326,-0.248804,-0.104707,0.140394,0.006024,0.060767,0.189105,-0.151284,0.139108,0.030829,0.025768,0.191800,0.145014,0.149306,0.017571,1.252410,0.075992,-0.154765,-0.134514,-0.140922,-0.223184,0.036727,1.004458,0.233625,-0.132296,0.039602
3.020485,2.502631,0.811126,0.015871,-0.036090,-0.053918,0.997767,-0.321212,0.102081,0.212133,0.414161,-0.237126,-0.109391,0.194104,0.004170,0.075814,0.182032,-0.180766,0.139304,0.042600,0.027284,0.200457,0.187176,0.139317,0.038315,1.259239,0.070487,-0.153064,-0.145242,-0.158212,-0.220052,0.039949,0.951870,0.238933,-0.156406,0.049239
3.050692,2.503911,0.806150,0.013783,-0.039487,-0.067937,0.996813,-0.320851,0.098005,0.166934,0.258276,-0.232837,-0.117615,0.243276,0.001284,0.097276,0.184412,-0.209155,0.149860,0.064314,0.027135,0.209530,0.221154,0.131250,0.071542,1.260703,0.078722,-0.145269,-0.168488,-0.168643,-0.214871,0.042279,0.893982,0.202836,-0.159249,0.054713
3.081218,2.505714,0.801484,0.013966,-0.041069,-0.083666,0.995549,-0.317283,0.096839,0.130233,0.147988,-0.231917,-0.131396,0.278893,-0.009190,0.127019,0.204384,-0.227072,0.163058,0.089991,0.018602,0.212217,0.250424,0.127838,0.095860,1.258396,0.078558,-0.137058,-0.190314,-0.174267,-0.206792,0.051204,0.852143,0.197169,-0.166399,0.060025
3.112739,2.508306,0.797568,0.014967,-0.040656,-0.097221,0.994319,-0.310992,0.102849,0.135087,0.110707,-0.221937,-0.144707,0.301774,-0.021450,0.162553,0.241800,-0.241236,0.179748,0.117966,0.007327,0.210380,0.262433,0.130046,0.112745,1.257792,0.096444,-0.139815,-0.193900,-0.173414,-0.198886,0.049307,0.823283,0.181745,-0.174168,0.058244
3.145752,2.512645,0.794997,0.018551,-0.038283,-0.103454,0.993724,-0.313918,0.097184,0.146871,0.148586,-0.196288,-0.127738,0.320380,-0.040291,0.196837,0.283749,-0.233845,0.197238,0.132819,-0.009065,0.197454,0.280861,0.130530,0.117783,1.248307,0.098391,-0.143492,-0.184765,-0.154724,-0.196512,0.053702,0.808978,0.168806,-0.174334,0.051952
3.179966,2.517296,0.792928,0.021431,-0.033990,-0.103806,0.993785,-0.322755,0.084980,0.160272,0.225826,-0.173839,-0.104662,0.322394,-0.050939,0.217237,0.354387,-0.213398,0.227123,0.141293,-0.028325,0.190650,0.263398,0.141981,0.113542,1.248550,0.088131,-0.137223,-0.171822,-0.152122,-0.189602,0.044956,0.819739,0.166995,-0.168250,0.057287
3.215689,2.522152,0.792552,0.024476,-0.030047,-0.102258,0.994003,-0.321983,0.057766,0.148153,0.272161,-0.113622,-0.081306,0.313565,-0.065090,0.210676,0.446981,-0.153503,0.259610,0.139133,-0.046264,0.174117,0.258275,0.149697,0.102596,1.240178,0.067077,-0.129627,-0.153692,-0.129920,-0.185975,0.050095,0.837669,0.170777,-0.160724,0.063032
3.250134,2.523528,0.794653,0.018919,-0.027118,-0.091492,0.995257,-0.311234,0.050766,0.125411,0.318792,-0.100017,-0.049835,0.281184,-0.049376,0.141431,0.579277,-0.031931,0.261800,0.118852,-0.054458,0.165336,0.226506,0.169803,0.096514,1.244343,0.034499,-0.130055,-0.166919,-0.118724,-0.175448,0.052841,0.880776,0.180233,-0.147500,0.067172
3.283369,2.528340,0.797783,0.020228,-0.025861,-0.081948,0.996096,-0.288088,0.024510,0.114812,0.349143,-0.110815,-0.007749,0.215632,-0.074664,0.065818,0.749318,0.093488,0.261800,0.099257,-0.070097,0.155873,0.190599,0.188825,0.072674,1.251578,0.037379,-0.129000,-0.148195,-0.104464,-0.168121,0.058489,0.941136,0.183356,-0.135137,0.074557
3.315272,2.537802,0.800875,0.030886,-0.029641,-0.077749,0.996053,-0.235468,-0.026628,0.121118,0.343856,-0.138761,0.039228,0.124764,-0.141310,0.041012,0.942888,0.171310,0.249039,0.086416,-0.095750,0.164322,0.143015,0.205122,0.045826,1.252451,0.019993,-0.130722,-0.132101,-0.095567,-0.162031,0.065683,1.002643,0.180219,-0.108694,0.063306
3.344361,2.541853,0.805421,0.026598,-0.035011,-0.074352,0.996262,-0.168480,-0.037325,0.108820,0.321566,-0.171025,0.044594,0.035121,-0.137551,0.024051,1.091937,0.120861,0.203976,0.068550,-0.093804,0.174810,0.088602,0.227195,0.027966,1.247388,0.016348,-0.117884,-0.143022,-0.092178,-0.149118,0.063717,1.074730,0.175160,-0.098533,0.061890
3.373603,2.544835,0.810239,0.019882,-0.038434,-0.064558,0.996975,-0.100957,-0.043554,0.084353,0.286198,-0.190257,0.047239,-0.044166,-0.101529,0.010734,1.168654,0.064481,0.192993,0.038911,-0.082390,0.176164,0.029975,0.242338,0.012662,1.243747,0.026824,-0.130411,-0.106056,-0.080546,-0.143854,0.056134,1.146437,0.155953,-0.087483,0.068094
3.403414,2.547400,0.814361,0.012280,-0.041467,-0.046750,0.997970,-0.036219,-0.048371,0.049001,0.251631,-0.206432,0.046588,-0.108083,-0.053501,-0.009447,1.176923,0.030435,0.194690,-0.006327,-0.065498,0.176244,-0.024971,0.249223,-0.000208,1.228060,0.039562,-0.136523,-0.079153,-0.060091,-0.143572,0.034386,1.197349,0.129202,-0.074558,0.064795
3.432668,2.549449,0.816670,0.007252,-0.042918,-0.027909,0.998662,0.026291,-0.052825,0.014699,0.211914,-0.220054,0.045105,-0.171613,-0.027660,-0.040961,1.140129,-0.003938,0.194984,-0.048613,-0.053076,0.173168,-0.078391,0.257294,-0.013911,1.205010,0.036385,-0.152851,-0.057335,-0.033304,-0.147324,0.017785,1.238058,0.115749,-0.064226,0.079652
3.461754,2.551477,0.817081,0.003957,-0.044258,-0.011574,0.998945,0.089970,-0.056537,-0.017229,0.171173,-0.233798,0.044157,-0.225461,-0.018039,-0.071824,1.060437,-0.038252,0.190591,-0.087387,-0.042372,0.170354,-0.124758,0.258956,-0.006233,1.169898,0.033682,-0.174901,-0.066853,0.001225,-0.155314,0.003493,1.258602,0.102332,-0.055975,0.089410
3.489856,2.553302,0.815717,0.004006,-0.046394,0.006703,0.998893,0.144885,-0.064655,-0.055596,0.146930,-0.251833,0.044169,-0.261373,-0.031927,-0.114944,0.937061,-0.060010,0.192763,-0.124570,-0.039066,0.171140,-0.173928,0.260508,-0.003718,1.131824,0.016326,-0.199066,-0.062567,0.036526,-0.158804,-0.008912,1.274130,0.095889,-0.056100,0.089811
3.517939,2.554427,0.812725,0.006892,-0.046973,0.018706,0.998697,0.197988,-0.072585,-0.072973,0.124292,-0.268200,0.036951,-0.286477,-0.050709,-0.148637,0.778095,-0.053138,0.203593,-0.149198,-0.044034,0.176325,-0.224080,0.272165,-0.017144,1.090361,-0.010876,-0.223734,-0.069039,0.058185,-0.159257,-0.011431,1.291228,0.104633,-0.057660,0.084520
3.545498,2.555259,0.808055,0.014847,-0.046149,0.028237,0.998425,0.241537,-0.091883,-0.092961,0.114929,-0.295272,0.044390,-0.303811,-0.066223,-0.158723,0.592630,-0.021518,0.226665,-0.162393,-0.059126,0.173651,-0.265314,0.277438,-0.021092,1.042012,-0.012679,-0.232584,-0.066137,0.084889,-0.155317,-0.025466,1.299153,0.089245,-0.046241,0.086555
3.573737,2.555600,0.802475,0.024657,-0.046470,0.037225,0.997921,0.286303,-0.112813,-0.111583,0.110791,-0.312631,0.043442,-0.311095,-0.071175,-0.133053,0.400795,-0.004879,0.252842,-0.173222,-0.078896,0.168065,-0.292633,0.279662,-0.025743,0.998305,-0.018174,-0.248890,-0.068655,0.118246,-0.146432,-0.040493,1.308042,0.089692,-0.051251,0.090591
3.602559,2.556022,0.796955,0.031756,-0.046272,0.044765,0.997420,0.328989,-0.125764,-0.131277,0.111736,-0.332382,0.036363,-0.320738,-0.078449,-0.105203,0.246286,-0.016822,0.261680,-0.181378,-0.093485,0.158372,-0.300105,0.280494,-0.031191,0.953691,-0.003824,-0.268821,-0.066189,0.156913,-0.136845,-0.047826,1.308550,0.087680,-0.049843,0.095260
3.631544,2.556069,0.792292,0.031884,-0.045127,0.048318,0.997303,0.362237,-0.121545,-0.140361,0.126766,-0.347455,0.012294,-0.326505,-0.079575,-0.117857,0.137004,-0.036080,0.261754,-0.183868,-0.086819,0.155419,-0.309555,0.273837,-0.035891,0.919607,0.000222,-0.277706,-0.069193,0.179771,-0.135742,-0.053508,1.304162,0.081212,-0.046780,0.086882
3.662475,2.553149,0.787600,0.026006,-0.043296,0.049869,0.997478,0.386403,-0.098873,-0.143247,0.161137,-0.362606,-0.019588,-0.321343,-0.058739,-0.162167,0.099595,-0.046481,0.261800,-0.184249,-0.069265,0.148255,-0.301232,0.264630,-0.041879,0.892785,0.003736,-0.282574,-0.068664,0.203295,-0.130040,-0.063870,1.304787,0.082057,-0.034079,0.108924
3.693741,2.555299,0.784840,0.027536,-0.041325,0.061857,0.996849,0.398776,-0.101359,-0.175285,0.211381,-0.353044,-0.038536,-0.316261,-0.075380,-0.153097,0.152190,-0.012093,0.261633,-0.205074,-0.060090,0.144642,-0.286123,0.258201,-0.057000,0.870112,0.015425,-0.283873,-0.071638,0.207305,-0.137159,-0.073278,1.304324,0.080596,-0.033389,0.111130
3.726392,2.556121,0.783548,0.025352,-0.035783,0.066978,0.996790,0.389997,-0.100855,-0.202107,0.288884,-0.323200,-0.074498,-0.324900,-0.076623,-0.155324,0.214439,0.071344,0.259122,-0.219257,-0.037134,0.139070,-0.275894,0.241872,-0.050977,0.869373,0.033094,-0.274663,-0.085170,0.175106,-0.153188,-0.079374,1.328156,0.081082,-0.030734,0.103008
3.761282,2.554776,0.784536,0.016874,-0.029682,0.067631,0.997126,0.367714,-0.084636,-0.206322,0.385874,-0.258133,-0.135536,-0.318666,-0.051565,-0.142631,0.253969,0.124310,0.238924,-0.226472,-0.002177,0.130108,-0.236149,0.227911,-0.041684,0.879613,0.053649,-0.289292,-0.104247,0.157101,-0.165961,-0.080494,1.332321,0.044613,-0.041693,0.084444
3.795102,2.552759,0.787253,0.008248,-0.021550,0.059684,0.997951,0.309156,-0.071733,-0.178063,0.526748,-0.144327,-0.210987,-0.311870,-0.018483,-0.138400,0.290747,0.103646,0.193847,-0.212185,0.035318,0.114401,-0.204293,0.211397,-0.041543,0.922486,0.068243,-0.286484,-0.124493,0.133294,-0.182089,-0.082958,1.338414,0.005665,-0.045451,0.068941
3.826827,2.550811,0.791362,0.004946,-0.019233,0.049038,0.998599,0.230430,-0.069831,-0.153035,0.683720,-0.037685,-0.208202,-0.279700,0.006679,-0.124878,0.304367,0.073637,0.159109,-0.184661,0.054638,0.108929,-0.167287,0.202546,-0.042668,0.959153,0.065537,-0.264760,-0.142376,0.114900,-0.191037,-0.076679,1.320334,0.046742,-0.059501,0.053428
3.856117,2.549294,0.795536,0.006638,-0.019757,0.046032,0.998722,0.131491,-0.035204,-0.082036,0.842795,-0.092988,-0.167637,-0.228346,0.012474,-0.120733,0.294053,0.039698,0.144800,-0.168438,0.058122,0.112888,-0.124243,0.188806,-0.028371,0.991059,0.067069,-0.246548,-0.161311,0.091441,-0.198046,-0.070884,1.296336,0.089391,-0.069686,0.042196
3.885751,2.547365,0.800070,0.010231,-0.024026,0.038930,0.998901,0.044940,0.002570,-0.011717,0.951416,-0.136363,-0.121220,-0.164764,0.020139,-0.102110,0.274352,0.011264,0.135314,-0.141902,0.052498,0.128275,-0.089476,0.181248,-0.023484,1.029697,0.061615,-0.219006,-0.165712,0.061963,-0.200234,-0.057935,1.264812,0.116950,-0.081804,0.016937
3.913866,2.544436,0.803991,0.016906,-0.028066,0.026486,0.999112,-0.031728,0.022035,0.042271,0.998608,-0.181038,-0.102421,-0.105384,0.023341,-0.075337,0.253430,-0.014598,0.132053,-0.106238,0.035448,0.138676,-0.049578,0.176513,-0.018458,1.079587,0.076200,-0.210422,-0.145834,0.038456,-0.199629,-0.028169,1.221522,0.149328,-0.095644,-0.001231
3.940356,2.542499,0.806495,0.022818,-0.028348,0.010644,0.999281,-0.117020,0.026052,0.079344,1.009100,-0.237352,-0.071482,-0.059798,0.025402,-0.042385,0.236510,-0.039148,0.129445,-0.064265,0.018041,0.144470,-0.012188,0.183744,-0.031781,1.123357,0.075741,-0.198717,-0.138203,0.001404,-0.202260,0.003839,1.183673,0.186565,-0.101366,-0.014566
3.967457,2.541608,0.807875,0.026911,-0.030277,-0.004659,0.999168,-0.184337,0.023115,0.102836,0.965318,-0.273147,-0.056146,-0.006604,0.026867,-0.007509,0.214075,-0.060367,0.130865,-0.028924,0.005992,0.157344,0.030429,0.188965,-0.041453,1.158179,0.080958,-0.185951,-0.136840,-0.031640,-0.204691,0.015395,1.134610,0.215636,-0.125080,-0.017710
3.994517,2.540633,0.807704,0.028787,-0.032092,-0.022114,0.998826,-0.234112,0.029152,0.131606,0.873538,-0.293106,-0.056020,0.046206,0.030300,0.024516,0.189697,-0.075281,0.134863,0.006448,0.000346,0.168771,0.072894,0.186954,-0.026842,1.185897,0.088385,-0.171960,-0.147192,-0.059351,-0.210273,0.021792,1.074202,0.219999,-0.141800,-0.009360
4.020651,2.539969,0.806348,0.027352,-0.034826,-0.035128,0.998401,-0.266298,0.041840,0.160118,0.741001,-0.268878,-0.067049,0.100026,0.035569,0.044869,0.168036,-0.098255,0.135805,0.032129,0.001475,0.186308,0.105616,0.180898,-0.016211,1.217349,0.110263,-0.168918,-0.146477,-0.094737,-0.214478,0.019824,1.022255,0.228860,-0.145435,0.003785
4.047323,2.539454,0.803475,0.023369,-0.035567,-0.044113,0.998120,-0.288436,0.062683,0.201115,0.588083,-0.233664,-0.078561,0.146550,0.044793,0.058867,0.159460,-0.126295,0.134078,0.044128,0.009311,0.195521,0.143392,0.167920,0.009284,1.242384,0.122202,-0.160987,-0.153047,-0.119318,-0.223611,0.019878,0.968662,0.214940,-0.144667,0.003028
4.074690,2.539512,0.799982,0.018521,-0.037057,-0.052170,0.997779,-0.295462,0.070253,0.231942,0.420336,-0.203594,-0.078154,0.192140,0.053519,0.076195,0.156256,-0.151090,0.132737,0.055763,0.019673,0.201325,0.184740,0.154687,0.026957,1.254874,0.135018,-0.162214,-0.163247,-0.133599,-0.230215,0.021347,0.919653,0.198808,-0.154861,0.032802
4.102733,2.538361,0.795352,0.013838,-0.038214,-0.057489,0.997519,-0.294591,0.062894,0.239989,0.253658,-0.169249,-0.098401,0.240938,0.062883,0.087443,0.149170,-0.168824,0.133353,0.059649,0.027589,0.203692,0.222638,0.142627,0.043899,1.269047,0.125784,-0.153574,-0.181130,-0.146673,-0.233062,0.028856,0.891114,0.195464,-0.164495,0.039783
4.131148,2.537994,0.791025,0.011051,-0.037968,-0.065402,0.997075,-0.292831,0.051288,0.230485,0.117339,-0.153313,-0.112798,0.277944,0.066253,0.110763,0.157974,-0.185900,0.141911,0.069558,0.028274,0.201683,0.255595,0.132350,0.067126,1.271420,0.133444,-0.146890,-0.196901,-0.153332,-0.229118,0.029214,0.872414,0.188404,-0.180224,0.029321
4.160150,2.538301,0.787000,0.010942,-0.036560,-0.073090,0.996595,-0.284867,0.044052,0.250417,0.043740,-0.156324,-0.118881,0.302612,0.061643,0.131060,0.186750,-0.201764,0.154738,0.086652,0.023031,0.199250,0.271095,0.128887,0.087909,1.268790,0.134021,-0.136220,-0.218679,-0.158236,-0.226749,0.020260,0.865987,0.175227,-0.176172,0.036565
4.190161,2.538612,0.783540,0.012438,-0.034934,-0.078305,0.996240,-0.286847,0.035564,0.259226,0.064872,-0.140139,-0.112821,0.325133,0.053676,0.151483,0.220350,-0.203282,0.171798,0.102249,0.009065,0.184563,0.299082,0.132219,0.083542,1.256124,0.120767,-0.133406,-0.221667,-0.133521,-0.221805,0.022850,0.866595,0.182372,-0.175404,0.045011
4.221597,2.538512,0.781245,0.015955,-0.029856,-0.081275,0.996117,-0.299400,0.024681,0.249593,0.140183,-0.133665,-0.085726,0.328012,0.044557,0.160588,0.282601,-0.193280,0.207685,0.120284,-0.009728,0.176270,0.281858,0.140556,0.094926,1.261611,0.101707,-0.132347,-0.202523,-0.134136,-0.215431,0.016887,0.899633,0.176990,-0.172198,0.042802
4.254615,2.538044,0.780845,0.022894,-0.025557,-0.085142,0.995778,-0.293784,-0.001052,0.229014,0.166289,-0.069530,-0.053535,0.322588,0.032442,0.184036,0.361666,-0.154073,0.247858,0.129346,-0.041994,0.162650,0.272979,0.153234,0.098031,1.255465,0.093425,-0.130151,-0.186915,-0.119444,-0.203191,0.027571,0.933046,0.174144,-0.157029,0.051022
4.286686,2.531800,0.782396,0.022803,-0.020604,-0.079674,0.996347,-0.280899,-0.001223,0.208812,0.197026,-0.041562,-0.030810,0.297071,0.056542,0.152187,0.471832,-0.070934,0.261800,0.114474,-0.071362,0.151360,0.242659,0.183830,0.084840,1.258994,0.077803,-0.126539,-0.175102,-0.125649,-0.179839,0.039164,1.002979,0.182148,-0.140631,0.055969
4.316634,2.525276,0.785960,0.021145,-0.016121,-0.070332,0.997169,-0.267218,-0.006294,0.172816,0.229269,-0.052038,-0.002130,0.232216,0.074747,0.077873,0.627857,0.070846,0.261800,0.087912,-0.089782,0.138449,0.208754,0.212751,0.052704,1.258785,0.058769,-0.119689,-0.168844,-0.125661,-0.162328,0.046839,1.068205,0.186532,-0.106686,0.060641
4.345892,2.526364,0.789934,0.022269,-0.016594,-0.063782,0.997577,-0.228890,-0.025628,0.155108,0.235993,-0.074594,0.034290,0.149727,0.063951,0.049762,0.806910,0.195141,0.261800,0.068903,-0.105725,0.137945,0.167137,0.234853,0.030019,1.257473,0.046483,-0.119627,-0.146922,-0.111103,-0.142545,0.039974,1.120904,0.174671,-0.095083,0.062429
4.373841,2.530702,0.794080,0.020314,-0.021415,-0.059674,0.997781,-0.169444,-0.038479,0.148826,0.222140,-0.112035,0.045738,0.059492,0.048065,0.044291,0.983975,0.195997,0.261800,0.050812,-0.106263,0.146982,0.118884,0.251775,0.004433,1.249455,0.042020,-0.112519,-0.134498,-0.092800,-0.130206,0.041694,1.164537,0.172312,-0.068699,0.071604
4.402041,2.536548,0.798362,0.020123,-0.028583,-0.050523,0.998111,-0.100818,-0.064000,0.126183,0.194682,-0.134052,0.059391,-0.021333,0.023817,0.040749,1.110546,0.114977,0.261458,0.017985,-0.101459,0.156290,0.062349,0.257888,-0.001013,1.246179,0.037166,-0.114466,-0.127807,-0.079071,-0.127701,0.037912,1.212689,0.144057,-0.051958,0.076849
4.428816,2.538691,0.802073,0.015220,-0.032818,-0.035493,0.998715,-0.038740,-0.072224,0.091342,0.163720,-0.148846,0.063944,-0.095966,0.018948,0.018099,1.171259,0.072594,0.260927,-0.016795,-0.084707,0.161973,-0.003918,0.260663,-0.019704,1.235723,0.045298,-0.119581,-0.109825,-0.058819,-0.132367,0.029065,1.245536,0.126359,-0.045175,0.078662
4.456227,2.537934,0.804553,0.008502,-0.040258,-0.015207,0.999037,0.029201,-0.068485,0.054908,0.137412,-0.168861,0.059807,-0.149149,0.022503,-0.011063,1.170158,0.036188,0.237866,-0.065707,-0.069382,0.167783,-0.050100,0.265968,-0.022394,1.205918,0.063555,-0.136040,-0.090062,-0.027116,-0.134532,0.013829,1.263749,0.095623,-0.039547,0.078370
4.482905,2.537359,0.805277,0.006920,-0.044491,-0.003291,0.998980,0.087866,-0.070346,0.027652,0.114863,-0.187551,0.052944,-0.205727,0.021426,-0.017835,1.129465,-0.009063,0.232754,-0.093423,-0.063753,0.165569,-0.087259,0.267362,-0.026612,1.153210,0.034496,-0.157304,-0.082211,0.012463,-0.136380,0.002680,1.272598,0.098472,-0.044575,0.079134
4.509111,2.536683,0.804351,0.006837,-0.046667,0.012144,0.998813,0.137675,-0.073446,-0.002201,0.099380,-0.213436,0.055925,-0.255038,0.005533,-0.031719,1.045531,-0.041210,0.222468,-0.119847,-0.058098,0.165590,-0.131051,0.270522,-0.037968,1.102455,0.015350,-0.185365,-0.079133,0.046114,-0.137114,-0.028417,1.279964,0.088256,-0.046949,0.086633
4.534226,2.535538,0.802760,0.007866,-0.049187,0.021325,0.998531,0.182848,-0.074374,-0.021432,0.093489,-0.236397,0.047013,-0.286778,-0.020743,-0.050602,0.915390,-0.055841,0.214790,-0.131184,-0.056751,0.167998,-0.179823,0.272023,-0.047308,1.060468,-0.008785,-0.211125,-0.079242,0.071387,-0.136439,-0.033648,1.288287,0.111242,-0.045133,0.064128
4.559041,2.534417,0.799652,0.009726,-0.052671,0.030617,0.998095,0.226289,-0.072878,-0.024418,0.096233,-0.276543,0.029517,-0.294980,-0.057782,-0.086958,0.740209,-0.048029,0.212576,-0.139204,-0.057217,0.179716,-0.240327,0.274788,-0.058795,1.021729,-0.018164,-0.224968,-0.079229,0.075578,-0.135005,-0.050634,1.309709,0.110489,-0.040975,0.057193
4.583912,2.532344,0.795424,0.016873,-0.051941,0.035197,0.997887,0.255776,-0.087329,-0.037880,0.108879,-0.294951,0.030550,-0.301354,-0.081366,-0.093662,0.538989,-0.014256,0.234443,-0.146820,-0.068909,0.179318,-0.278789,0.276165,-0.059043,0.979839,-0.021617,-0.237726,-0.078192,0.076253,-0.133413,-0.057469,1.330264,0.099988,-0.029784,0.059078
4.609718,2.530184,0.791190,0.026791,-0.053349,0.036951,0.997532,0.295694,-0.104589,-0.046283,0.113426,-0.318885,0.038036,-0.298712,-0.099992,-0.067565,0.343185,0.016734,0.261794,-0.142687,-0.084928,0.174979,-0.299871,0.271949,-0.063877,0.939740,-0.011747,-0.252716,-0.076865,0.089747,-0.131198,-0.054605,1.340234,0.094676,-0.030888,0.070626
4.636160,2.527166,0.786577,0.031165,-0.050727,0.035772,0.997585,0.327376,-0.107168,-0.050549,0.118868,-0.337236,0.021765,-0.310514,-0.105306,-0.061381,0.200243,-0.001189,0.261799,-0.133842,-0.090634,0.159152,-0.301688,0.268825,-0.067224,0.900973,-0.003672,-0.267268,-0.082388,0.110902,-0.125865,-0.067419,1.335123,0.082937,-0.030421,0.077216
4.663330,2.524029,0.782757,0.029004,-0.048495,0.036119,0.997749,0.351310,-0.095274,-0.061883,0.140793,-0.351919,-0.007065,-0.304653,-0.109880,-0.123419,0.111850,-0.035953,0.261800,-0.128034,-0.076629,0.147787,-0.305236,0.260776,-0.073362,0.875473,0.001520,-0.274640,-0.093126,0.120210,-0.128193,-0.079183,1.328033,0.084292,-0.030803,0.082475
4.690966,2.518970,0.778480,0.025868,-0.047695,0.034241,0.997940,0.372582,-0.079169,-0.070228,0.177818,-0.366793,-0.034052,-0.293202,-0.097993,-0.154535,0.122381,-0.026248,0.261800,-0.122562,-0.063401,0.138701,-0.289228,0.257333,-0.083417,0.852308,0.005449,-0.288816,-0.088781,0.131759,-0.127560,-0.081854,1.309765,0.085182,-0.036614,0.082803
4.719484,2.517564,0.775675,0.030383,-0.046067,0.042145,0.997586,0.380382,-0.086345,-0.105404,0.231303,-0.362583,-0.047202,-0.292109,-0.123485,-0.177735,0.196270,0.056349,0.261700,-0.147327,-0.059835,0.132726,-0.272073,0.246466,-0.075437,0.843794,0.015910,-0.292017,-0.091697,0.110038,-0.138872,-0.080390,1.306610,0.090365,-0.036338,0.082986
4.749737,2.511399,0.775008,0.022851,-0.042523,0.042475,0.997931,0.375613,-0.060615,-0.118395,0.303678,-0.342453,-0.088794,-0.292629,-0.084845,-0.145443,0.221681,0.124648,0.261800,-0.156701,-0.030554,0.124406,-0.240956,0.238256,-0.071453,0.851514,0.034190,-0.295395,-0.094719,0.093532,-0.147256,-0.081602,1.292888,0.085633,-0.039670,0.072461
4.779827,2.509633,0.777119,0.018739,-0.035010,0.047359,0.998088,0.346664,-0.048976,-0.125719,0.394674,-0.283964,-0.137286,-0.291549,-0.077597,-0.124677,0.270957,0.121915,0.252913,-0.176533,-0.000044,0.100729,-0.193494,0.214621,-0.058986,0.880170,0.057678,-0.287177,-0.112442,0.088465,-0.162467,-0.089180,1.271875,0.090403,-0.039432,0.074084
4.808291,2.504186,0.780274,0.009769,-0.030152,0.045307,0.998470,0.292179,-0.019950,-0.103764,0.534037,-0.192611,-0.205761,-0.273861,-0.048451,-0.135428,0.296072,0.101664,0.204800,-0.184803,0.033707,0.079778,-0.152251,0.196913,-0.036939,0.939963,0.079412,-0.278287,-0.135626,0.078604,-0.178359,-0.074541,1.252954,0.115867,-0.046951,0.065972
4.835571,2.498313,0.784315,0.008946,-0.029372,0.041263,0.998676,0.218680,-0.010005,-0.082927,0.695718,-0.103255,-0.186189,-0.234809,-0.029784,-0.140887,0.294308,0.088184,0.144397,-0.172150,0.049720,0.081958,-0.122445,0.180930,-0.033463,0.997029,0.089753,-0.247701,-0.151425,0.066884,-0.187935,-0.076374,1.219555,0.135056,-0.052257,0.067567
4.859357,2.493909,0.787235,0.011517,-0.028654,0.043829,0.998562,0.119222,0.035267,-0.016795,0.867034,-0.146758,-0.136018,-0.192517,-0.028632,-0.146585,0.282360,0.063035,0.131316,-0.167908,0.052915,0.089767,-0.095485,0.173128,-0.038244,1.045932,0.082186,-0.201734,-0.167758,0.049421,-0.195242,-0.069333,1.182290,0.167786,-0.060249,0.048905
4.882594,2.489246,0.790684,0.012368,-0.030493,0.047229,0.998342,0.022121,0.080787,0.031052,1.004918,-0.189814,-0.080736,-0.143610,-0.018140,-0.144656,0.262973,0.058378,0.110239,-0.164378,0.055525,0.118363,-0.094967,0.170058,-0.043286,1.113110,0.076065,-0.177234,-0.180445,0.003894,-0.201843,-0.055203,1.163521,0.205053,-0.076324,0.037235
4.906797,2.484618,0.793804,0.017701,-0.037569,0.039744,0.998346,-0.033455,0.094047,0.071957,1.055809,-0.236886,-0.055595,-0.081319,-0.012200,-0.129627,0.237335,0.054959,0.099391,-0.136514,0.042996,0.137412,-0.064844,0.171897,-0.064093,1.160351,0.092816,-0.160834,-0.179383,-0.011027,-0.203784,-0.031403,1.131591,0.222644,-0.081362,0.027203
4.929536,2.480404,0.795565,0.020876,-0.042875,0.026607,0.998508,-0.091289,0.085420,0.091813,1.066921,-0.273789,-0.036159,-0.028397,-0.002686,-0.109726,0.217910,0.034528,0.092642,-0.103264,0.036372,0.159312,-0.032991,0.173347,-0.078395,1.189713,0.093749,-0.140578,-0.178527,-0.033845,-0.213596,0.007174,1.097452,0.261943,-0.089517,0.010449
4.951789,2.476891,0.795842,0.019980,-0.043768,0.011351,0.998777,-0.139876,0.085462,0.119661,1.019152,-0.308279,-0.072594,0.011270,0.015618,-0.085958,0.198880,0.022287,0.092420,-0.069164,0.037667,0.164924,0.012307,0.171242,-0.061240,1.209338,0.103418,-0.144419,-0.183184,-0.054746,-0.215993,0.017458,1.073548,0.264734,-0.097597,0.001809
4.973711,2.473434,0.795546,0.022800,-0.046269,-0.002687,0.998665,-0.187154,0.069662,0.135399,0.943739,-0.334155,-0.010115,0.054217,0.019813,-0.063642,0.185209,0.014380,0.087061,-0.037980,0.031849,0.176471,0.058834,0.173356,-0.057331,1.210454,0.092932,-0.135063,-0.176487,-0.076321,-0.218550,0.029397,1.044912,0.282637,-0.105158,-0.003809
4.996756,2.470390,0.795245,0.022151,-0.049918,-0.018513,0.998336,-0.211557,0.070813,0.158395,0.831676,-0.338206,0.012625,0.096668,0.029992,-0.033810,0.179650,-0.018202,0.055913,-0.008011,0.031229,0.181309,0.116126,0.165153,-0.031989,1.211904,0.075823,-0.142996,-0.169909,-0.080874,-0.215557,0.037169,1.020931,0.286235,-0.112036,0.001513
5.019908,2.467356,0.792749,0.020235,-0.053530,-0.029894,0.997914,-0.212743,0.070847,0.182072,0.672199,-0.314288,-0.010834,0.144400,0.040329,-0.021075,0.166007,-0.034514,0.065963,0.004310,0.035213,0.190355,0.165265,0.153746,0.001144,1.215285,0.079979,-0.142791,-0.168503,-0.091913,-0.219992,0.045988,1.003151,0.277867,-0.120037,-0.002243
5.043070,2.464508,0.789571,0.014200,-0.056354,-0.037389,0.997609,-0.213272,0.079960,0.209182,0.517466,-0.291363,-0.014730,0.185958,0.052973,-0.022970,0.164321,-0.053752,0.061117,0.016554,0.046682,0.194834,0.208576,0.144890,0.021232,1.215094,0.080057,-0.143552,-0.173488,-0.094391,-0.220638,0.039769,0.990998,0.259167,-0.132904,-0.014121
5.066377,2.461050,0.785978,0.012296,-0.057353,-0.047982,0.997124,-0.203504,0.057006,0.204671,0.341136,-0.254621,-0.026958,0.218722,0.068430,0.014862,0.168963,-0.054420,0.047477,0.027241,0.047209,0.195799,0.240598,0.136138,0.045551,1.229477,0.079969,-0.151740,-0.186364,-0.096892,-0.219784,0.036872,0.984938,0.236924,-0.132638,0.014603
5.090631,2.456693,0.781508,0.009968,-0.057944,-0.058580,0.996550,-0.197096,0.027521,0.142232,0.193547,-0.222073,-0.041803,0.247055,0.079147,0.035885,0.187457,-0.082068,0.041641,0.038707,0.047777,0.184660,0.278749,0.132428,0.051385,1.234666,0.077288,-0.146451,-0.195303,-0.089396,-0.223326,0.046327,0.984992,0.266143,-0.131328,0.033184
5.114189,2.455757,0.777373,0.015288,-0.054416,-0.068132,0.996074,-0.206958,-0.011812,0.090041,0.107602,-0.191478,-0.040969,0.252595,0.064696,0.046487,0.228354,-0.120687,0.047242,0.050413,0.029917,0.172475,0.306317,0.131375,0.049454,1.224771,0.064718,-0.136287,-0.199660,-0.077889,-0.217880,0.050204,0.987220,0.285008,-0.130227,0.040546
5.138468,2.450271,0.771598,0.009415,-0.051507,-0.071766,0.996046,-0.211961,0.007797,0.117530,0.092929,-0.159254,-0.027749,0.269585,0.085366,0.056053,0.256226,-0.143954,0.040970,0.049603,0.029010,0.159212,0.323653,0.139518,0.055826,1.226110,0.052711,-0.124863,-0.206604,-0.056716,-0.211797,0.052324,0.995449,0.269074,-0.136002,-0.001864
5.161991,2.447256,0.767623,0.011450,-0.050991,-0.077115,0.995652,-0.224211,-0.004164,0.100638,0.134451,-0.138235,-0.019043,0.279261,0.084192,0.079202,0.304872,-0.165285,0.063243,0.055600,0.018812,0.164087,0.305875,0.153069,0.031119,1.230670,0.033888,-0.109571,-0.177846,-0.069105,-0.207443,0.038135,1.031568,0.321110,-0.129593,-0.007540
5.191605,2.441623,0.764122,0.015647,-0.044022,-0.099721,0.993918,-0.227719,-0.025841,0.066659,0.173142,-0.151552,0.006916,0.279104,0.078335,0.133884,0.356818,-0.171262,0.074859,0.090257,-0.002257,0.136290,0.300504,0.162568,0.039876,1.246389,0.016490,-0.118371,-0.209712,-0.056585,-0.202822,0.061293,1.079611,0.302059,-0.112359,0.021734
5.218225,2.438506,0.759571,0.008377,-0.044368,-0.107448,0.993185,-0.224066,-0.086307,-0.127349,0.200243,-0.054106,-0.057640,0.296222,0.093295,0.140614,0.404870,-0.157335,0.074474,0.089701,-0.001617,0.127212,0.301326,0.175354,0.037950,1.249779,-0.001030,-0.132124,-0.211674,-0.034065,-0.191817,0.048743,1.120020,0.299634,-0.107642,0.038837
5.244232,2.435123,0.758103,0.016885,-0.034928,-0.113866,0.992738,-0.226076,-0.104481,-0.098921,0.242389,-0.004665,-0.067353,0.256719,0.069470,0.115968,0.510496,-0.136018,0.110010,0.091192,-0.038097,0.100176,0.256400,0.198343,0.064321,1.284339,-0.156612,-0.130576,-0.284989,-0.041318,-0.178603,0.047041,1.197947,0.295754,-0.086890,0.035705
