0.000000,0.000000,0.794484,0.011749,0.000267,0.716706,0.697276,0.088540,-0.068361,0.098095,0.076996,-0.290880,0.049190,0.051447,0.013970,-0.039037,0.106322,-0.268064,0.062650,-0.050922,0.004658,0.055694,0.043358,0.237835,-0.263663,1.119089,0.030750,-0.167332,-0.129418,0.094951,-0.248862,0.316311,1.094395,0.112337,-0.065507,0.066062
-0.001511,0.000296,0.795148,-0.004921,0.012951,0.718382,0.695511,0.026430,-0.060590,0.104772,0.107565,-0.294868,0.043744,-0.007631,0.015588,-0.040117,0.131765,-0.260771,0.028193,-0.056673,0.023962,0.013521,-0.033926,0.209835,-0.247510,1.224607,0.078910,-0.286368,-0.192663,0.034221,-0.256218,0.290658,1.186032,0.033696,-0.269886,0.155177
-0.003558,0.003069,0.795463,-0.009640,0.016165,0.714396,0.699488,0.014068,-0.060002,0.112968,0.119212,-0.302063,0.051674,-0.015431,0.016615,-0.028672,0.125498,-0.259281,0.018204,-0.043344,0.034691,-0.004580,-0.033821,0.195129,-0.253484,1.237572,0.077641,-0.291859,-0.159701,0.064810,-0.228811,0.231261,1.177566,0.135836,-0.317657,0.095103
-0.004501,0.007295,0.795026,-0.009392,0.014298,0.715594,0.698307,0.016319,-0.057986,0.110816,0.135246,-0.322897,0.058104,-0.007622,0.017082,-0.031156,0.132007,-0.273047,0.012881,-0.042213,0.036144,-0.001925,-0.031950,0.194946,-0.254769,1.237527,0.077788,-0.297360,-0.165114,0.063377,-0.236313,0.244619,1.179997,0.110460,-0.317202,0.090014
-0.006225,0.010008,0.794776,-0.011942,0.015304,0.713963,0.699914,0.007417,-0.055089,0.115527,0.153120,-0.336021,0.062588,-0.018524,0.017886,-0.026973,0.150084,-0.280755,0.013628,-0.033392,0.039812,-0.005928,-0.034719,0.191015,-0.251785,1.242203,0.077006,-0.297883,-0.170096,0.065948,-0.239746,0.242833,1.177290,0.110798,-0.310919,0.098579
-0.008029,0.013944,0.794183,-0.013141,0.015522,0.713930,0.699922,0.003183,-0.056807,0.112979,0.169625,-0.350719,0.065391,-0.025025,0.016734,-0.024448,0.171678,-0.296282,0.010566,-0.032861,0.041452,-0.004772,-0.034604,0.188947,-0.248733,1.239589,0.080606,-0.299963,-0.175858,0.067027,-0.239553,0.239219,1.173645,0.104347,-0.316797,0.094388
-0.009546,0.017974,0.793272,-0.014100,0.016136,0.714878,0.698921,-0.003680,-0.060179,0.102421,0.191027,-0.364908,0.072119,-0.041031,0.013946,-0.027402,0.214561,-0.320080,0.010862,-0.031502,0.039442,-0.003319,-0.035278,0.188383,-0.252332,1.237801,0.077288,-0.296399,-0.174309,0.067044,-0.239698,0.238343,1.172215,0.111337,-0.317460,0.095620
-0.010671,0.022724,0.792093,-0.014928,0.016947,0.716865,0.696847,-0.011252,-0.064923,0.086717,0.216079,-0.384616,0.076453,-0.065522,0.009226,-0.033417,0.275562,-0.347284,0.011340,-0.036098,0.037245,-0.001683,-0.034407,0.189836,-0.258431,1.230809,0.087660,-0.286129,-0.165183,0.068124,-0.238574,0.240419,1.165469,0.108945,-0.314951,0.091829
-0.012640,0.027003,0.790237,-0.015013,0.018718,0.718035,0.695594,-0.016748,-0.071672,0.080904,0.236271,-0.401748,0.083799,-0.109280,-0.005985,-0.059320,0.377193,-0.377528,0.021515,-0.041431,0.033216,0.004134,-0.033267,0.191649,-0.255903,1.216758,0.074726,-0.294162,-0.176840,0.067186,-0.239824,0.239799,1.160779,0.120523,-0.319157,0.092374
-0.014791,0.032080,0.788096,-0.013738,0.019411,0.720292,0.693264,-0.014084,-0.081402,0.068110,0.247224,-0.414205,0.098757,-0.157405,-0.027605,-0.081192,0.496984,-0.396042,0.041982,-0.052319,0.025150,0.015543,-0.029598,0.201201,-0.272639,1.189362,0.079888,-0.294434,-0.175088,0.064672,-0.238409,0.234813,1.151435,0.118690,-0.320529,0.094453
-0.016842,0.036904,0.786732,-0.016782,0.021349,0.720382,0.693046,-0.023571,-0.087162,0.053637,0.264472,-0.420504,0.108901,-0.222860,-0.035979,-0.083693,0.616316,-0.411377,0.041827,-0.057634,0.024921,0.019173,-0.035944,0.199631,-0.282060,1.175667,0.082334,-0.291936,-0.168763,0.064022,-0.238063,0.228569,1.144448,0.103350,-0.333415,0.048561
-0.018311,0.044469,0.785844,-0.015905,0.017710,0.726945,0.686283,-0.009288,-0.087614,0.037481,0.269545,-0.428672,0.105602,-0.266184,-0.040072,-0.089798,0.702364,-0.433825,0.038839,-0.086820,0.028088,0.037999,-0.034873,0.204974,-0.294736,1.151597,0.082377,-0.298790,-0.174836,0.063737,-0.235688,0.226304,1.141144,0.109085,-0.330993,0.057713
-0.020269,0.053613,0.785839,-0.016240,0.015447,0.732079,0.680851,0.009954,-0.088193,0.018829,0.265069,-0.437529,0.103719,-0.310084,-0.046767,-0.100146,0.740585,-0.427695,0.041923,-0.110584,0.033387,0.049786,-0.041795,0.201524,-0.298603,1.139575,0.071274,-0.306844,-0.190312,0.072749,-0.233436,0.215622,1.138697,0.127123,-0.337481,0.065128
-0.021676,0.062854,0.785623,-0.016029,0.012829,0.735175,0.677567,0.036726,-0.087133,0.008615,0.247103,-0.438359,0.097292,-0.355199,-0.057524,-0.114265,0.740056,-0.413409,0.041975,-0.126919,0.039373,0.065552,-0.051917,0.200966,-0.312153,1.119791,0.064227,-0.302055,-0.183892,0.079557,-0.236814,0.222525,1.139560,0.157677,-0.323873,0.078915
-0.021914,0.073102,0.785135,-0.017250,0.011777,0.738734,0.673674,0.060233,-0.083371,-0.002658,0.228692,-0.441567,0.088675,-0.401579,-0.071859,-0.137036,0.708620,-0.393429,0.043114,-0.143996,0.046113,0.074475,-0.063368,0.198843,-0.318931,1.100942,0.051946,-0.307729,-0.187851,0.086256,-0.241836,0.228077,1.144228,0.155206,-0.317195,0.083642
-0.022343,0.086140,0.783989,-0.019111,0.010488,0.743868,0.667971,0.088305,-0.080309,-0.024123,0.206439,-0.437779,0.081434,-0.442225,-0.081779,-0.155961,0.657841,-0.368058,0.045972,-0.166359,0.054540,0.083037,-0.075851,0.197076,-0.326135,1.079871,0.060460,-0.311887,-0.181234,0.095485,-0.248061,0.230563,1.151996,0.132485,-0.310571,0.086053
-0.022398,0.098845,0.781700,-0.018388,0.011369,0.748519,0.662761,0.113795,-0.079187,-0.029473,0.192299,-0.455203,0.076881,-0.484465,-0.092427,-0.163332,0.597765,-0.331347,0.065445,-0.188808,0.055613,0.094585,-0.094719,0.202018,-0.343014,1.060880,0.053180,-0.314436,-0.165254,0.103552,-0.248069,0.223778,1.163810,0.143570,-0.307692,0.085525
-0.022765,0.114295,0.778870,-0.015971,0.011337,0.750956,0.660062,0.150414,-0.080188,-0.039057,0.173413,-0.464495,0.070534,-0.515814,-0.100839,-0.164366,0.528919,-0.301328,0.077085,-0.201692,0.057832,0.107012,-0.115139,0.205610,-0.360697,1.049230,0.051190,-0.323782,-0.167398,0.113809,-0.249877,0.220745,1.175689,0.151183,-0.305472,0.093705
-0.021979,0.130613,0.775300,-0.013359,0.012067,0.754158,0.656447,0.182386,-0.080264,-0.048558,0.164998,-0.480680,0.066435,-0.544349,-0.112908,-0.169897,0.466380,-0.277748,0.083204,-0.216182,0.055856,0.118171,-0.133985,0.208284,-0.368186,1.039507,0.051089,-0.327457,-0.150575,0.119839,-0.250004,0.215729,1.191096,0.144551,-0.299258,0.095677
-0.021339,0.149538,0.770423,-0.011444,0.013544,0.754329,0.656257,0.216160,-0.082187,-0.058695,0.157818,-0.488599,0.062738,-0.568864,-0.121794,-0.178774,0.410247,-0.254059,0.089850,-0.222486,0.054367,0.125478,-0.150556,0.207994,-0.369483,1.036075,0.052581,-0.331300,-0.149426,0.125197,-0.250725,0.216156,1.206783,0.134961,-0.297728,0.102793
-0.020295,0.169756,0.765653,-0.009600,0.015296,0.757870,0.652155,0.243203,-0.081346,-0.073739,0.167304,-0.508866,0.060355,-0.584566,-0.135932,-0.194098,0.366667,-0.241813,0.094163,-0.238670,0.054095,0.132108,-0.167847,0.207896,-0.372375,1.042176,0.060900,-0.332799,-0.142520,0.131275,-0.252851,0.208068,1.218764,0.130417,-0.296226,0.102143
-0.018873,0.192419,0.760741,-0.007595,0.016305,0.758055,0.651943,0.274995,-0.081207,-0.094795,0.177729,-0.516303,0.058847,-0.596800,-0.139615,-0.197536,0.350940,-0.239901,0.094897,-0.243333,0.054494,0.134749,-0.182442,0.204383,-0.373138,1.062401,0.070198,-0.332435,-0.143362,0.134382,-0.256626,0.206455,1.237981,0.117196,-0.292133,0.109818
-0.016475,0.217887,0.755953,-0.008818,0.017457,0.758051,0.651902,0.303102,-0.073514,-0.115635,0.191881,-0.516818,0.043292,-0.609711,-0.133017,-0.193747,0.369048,-0.249119,0.085231,-0.246977,0.059149,0.135154,-0.191370,0.200956,-0.373302,1.084190,0.079494,-0.328208,-0.134709,0.142741,-0.261579,0.220079,1.239861,0.116751,-0.284918,0.105935
-0.013767,0.246018,0.751829,-0.010998,0.018360,0.760292,0.649229,0.328215,-0.059869,-0.131201,0.215411,-0.515055,0.027148,-0.615419,-0.124405,-0.184792,0.417412,-0.259516,0.083965,-0.260002,0.065002,0.127863,-0.189602,0.196679,-0.373397,1.117292,0.087065,-0.322114,-0.129684,0.142510,-0.263832,0.221486,1.261268,0.110754,-0.284588,0.107494
-0.010105,0.275530,0.748908,-0.016285,0.020518,0.761247,0.647932,0.340700,-0.044060,-0.138122,0.251779,-0.494663,0.002603,-0.626196,-0.122938,-0.194120,0.502177,-0.234187,0.054919,-0.269595,0.075355,0.114740,-0.180571,0.189978,-0.368833,1.152599,0.094006,-0.316199,-0.123726,0.139416,-0.266442,0.222655,1.278762,0.107430,-0.284647,0.105043
-0.006861,0.307632,0.749538,-0.023149,0.019694,0.760990,0.648051,0.343243,-0.021516,-0.136842,0.312551,-0.460797,-0.029875,-0.623668,-0.112854,-0.206275,0.572050,-0.245182,0.044467,-0.278438,0.093421,0.103088,-0.166394,0.178794,-0.358038,1.194808,0.100186,-0.305839,-0.115431,0.128683,-0.270841,0.216294,1.302034,0.097064,-0.285472,0.097566
-0.002625,0.341421,0.751985,-0.027280,0.016575,0.758438,0.650963,0.335144,-0.000101,-0.126662,0.409316,-0.384181,-0.077985,-0.598313,-0.085664,-0.207104,0.614078,-0.257665,0.026445,-0.279961,0.106359,0.091328,-0.138904,0.175938,-0.358201,1.230365,0.100561,-0.302696,-0.119263,0.116046,-0.272874,0.226633,1.321363,0.092018,-0.282827,0.104059
0.002435,0.376143,0.755383,-0.026488,0.020358,0.749994,0.660600,0.301415,-0.005820,-0.108434,0.536722,-0.268509,-0.115662,-0.569999,-0.061469,-0.189927,0.646019,-0.294433,-0.018483,-0.253804,0.097835,0.068381,-0.107742,0.176733,-0.357456,1.250151,0.090044,-0.276267,-0.129430,0.119530,-0.268438,0.232740,1.305803,0.088802,-0.268955,0.108053
0.008010,0.407301,0.759049,-0.025457,0.022213,0.744252,0.667044,0.219414,-0.008590,-0.095066,0.726650,-0.163187,-0.134058,-0.534080,-0.036840,-0.173954,0.661312,-0.332062,-0.054824,-0.226605,0.089083,0.052963,-0.080449,0.188065,-0.369864,1.252834,0.097308,-0.279007,-0.156314,0.115002,-0.262101,0.221952,1.289005,0.089067,-0.280794,0.118828
0.013081,0.437565,0.763205,-0.019731,0.023834,0.739684,0.672243,0.120746,0.029164,-0.020558,0.929482,-0.157689,-0.101097,-0.484187,-0.020754,-0.154306,0.665141,-0.371028,-0.083777,-0.197024,0.071880,0.057040,-0.055118,0.197044,-0.354266,1.231327,0.085732,-0.285442,-0.164367,0.104390,-0.257425,0.223959,1.248798,0.091450,-0.293116,0.106892
0.017400,0.465182,0.768420,-0.014042,0.027868,0.733445,0.679032,0.010045,0.081815,0.067678,1.086354,-0.232673,-0.044536,-0.430706,-0.011025,-0.132920,0.646729,-0.397199,-0.088467,-0.159411,0.053033,0.065372,-0.044054,0.201764,-0.350536,1.221791,0.082313,-0.294971,-0.155979,0.077703,-0.259918,0.238778,1.204794,0.082695,-0.313563,0.092308
0.022097,0.494305,0.774514,-0.009410,0.033246,0.729185,0.683444,-0.098656,0.101568,0.109870,1.157225,-0.292366,-0.009560,-0.366397,-0.008027,-0.119377,0.604424,-0.419169,-0.091309,-0.123519,0.030430,0.061054,-0.032203,0.209913,-0.340440,1.220310,0.082672,-0.296927,-0.157664,0.052225,-0.256129,0.253451,1.171988,0.087925,-0.320009,0.104630
0.026089,0.525338,0.780942,-0.003003,0.035482,0.719282,0.693805,-0.182164,0.082482,0.122542,1.143893,-0.340021,0.009531,-0.283311,0.003552,-0.091155,0.540799,-0.429797,-0.089493,-0.071669,0.011086,0.060494,-0.012437,0.208632,-0.318639,1.216595,0.070676,-0.296067,-0.150829,0.042167,-0.252644,0.244993,1.119329,0.087776,-0.341485,0.077888
0.029519,0.555841,0.786931,0.006607,0.031596,0.707291,0.706186,-0.232896,0.059266,0.137388,1.049112,-0.355920,0.000494,-0.177758,0.014761,-0.061106,0.457008,-0.423540,-0.082467,-0.013599,-0.006231,0.074304,0.011495,0.213074,-0.302179,1.203939,0.060315,-0.297431,-0.157588,0.028334,-0.254743,0.256515,1.069497,0.097158,-0.347621,0.054135
0.032455,0.584953,0.790342,0.011842,0.028936,0.694862,0.718463,-0.283189,0.062866,0.173051,0.921543,-0.369976,0.001800,-0.089133,0.024669,-0.033393,0.383647,-0.417275,-0.063606,0.038392,-0.016390,0.089037,0.030677,0.216078,-0.288974,1.190132,0.046143,-0.300868,-0.169059,0.001679,-0.262151,0.269356,1.022266,0.112783,-0.355066,0.049558
0.033546,0.614059,0.790708,0.014465,0.024904,0.686006,0.727026,-0.326114,0.054538,0.188653,0.758975,-0.347407,-0.005434,-0.000041,0.032912,-0.011708,0.308090,-0.410386,-0.035596,0.077843,-0.016090,0.100185,0.051672,0.214217,-0.281510,1.174771,0.033834,-0.297981,-0.180211,-0.021527,-0.275925,0.284701,0.973048,0.119554,-0.365747,0.044232
0.034311,0.643119,0.788318,0.012972,0.018763,0.678574,0.734178,-0.360099,0.063436,0.208412,0.582487,-0.319193,-0.014265,0.078708,0.048472,0.014981,0.249714,-0.406914,-0.027060,0.105171,-0.008656,0.113030,0.071178,0.213251,-0.279797,1.154295,0.032930,-0.294266,-0.166453,-0.055846,-0.292307,0.301745,0.929510,0.115736,-0.368042,0.035748
0.034178,0.672214,0.783224,0.010323,0.010692,0.671585,0.740778,-0.384525,0.066779,0.213092,0.396412,-0.266562,-0.026078,0.158870,0.063239,0.034042,0.191970,-0.405333,-0.014226,0.126869,0.006987,0.127222,0.085255,0.207539,-0.278626,1.149950,0.021563,-0.305726,-0.184593,-0.094027,-0.314100,0.322326,0.896327,0.113683,-0.373807,0.039371
0.035143,0.703052,0.776209,0.006546,0.004570,0.666477,0.745483,-0.403855,0.068033,0.216488,0.224981,-0.231417,-0.040426,0.233537,0.076530,0.053330,0.144424,-0.409400,0.001122,0.140944,0.020200,0.136302,0.092760,0.200242,-0.284104,1.155917,0.011043,-0.296848,-0.184096,-0.131652,-0.335486,0.342389,0.869876,0.109154,-0.372302,0.036118
0.036188,0.735389,0.768853,0.002464,0.001730,0.661351,0.750070,-0.419220,0.065912,0.211737,0.093450,-0.212353,-0.045952,0.288872,0.083951,0.075720,0.129743,-0.418950,0.015084,0.153628,0.026467,0.141146,0.097756,0.201020,-0.296964,1.162337,0.030797,-0.302275,-0.189197,-0.164438,-0.349086,0.355198,0.856907,0.109231,-0.376763,0.032915
0.036404,0.768720,0.762076,-0.001246,0.005572,0.656063,0.754685,-0.444314,0.065816,0.244505,0.063887,-0.221455,-0.031390,0.314489,0.078934,0.096755,0.154593,-0.429994,0.031160,0.169379,0.018535,0.133124,0.095065,0.193662,-0.289086,1.185266,0.043495,-0.298339,-0.190845,-0.181953,-0.353072,0.360640,0.855672,0.102690,-0.376788,0.023097
0.036354,0.805075,0.756615,-0.002300,0.010586,0.650418,0.759499,-0.464995,0.065273,0.282333,0.138071,-0.253530,-0.018281,0.341785,0.065702,0.117753,0.188461,-0.419409,0.052416,0.182901,0.002577,0.127088,0.092173,0.191532,-0.282834,1.203170,0.062248,-0.293312,-0.193566,-0.188873,-0.348051,0.351183,0.867504,0.090096,-0.377389,0.014495
0.035692,0.844014,0.753926,-0.003626,0.018734,0.646034,0.763070,-0.494806,0.064982,0.297699,0.266908,-0.244894,0.011525,0.355988,0.047966,0.140641,0.238829,-0.380459,0.080819,0.196016,-0.018320,0.111900,0.089976,0.194815,-0.287122,1.220550,0.072423,-0.296313,-0.205516,-0.177150,-0.336213,0.336846,0.889119,0.085284,-0.376214,0.002041
0.034638,0.884381,0.755735,-0.006578,0.036265,0.645788,0.762626,-0.526322,0.055143,0.304219,0.374733,-0.223367,0.042120,0.326377,0.021883,0.156204,0.338456,-0.310324,0.112861,0.193372,-0.055270,0.076877,0.081603,0.197632,-0.278024,1.253778,0.050504,-0.308585,-0.222129,-0.151140,-0.315173,0.324324,0.926075,0.080605,-0.373774,-0.010410
0.032968,0.926494,0.759655,-0.003833,0.046979,0.652133,0.756638,-0.515401,0.019395,0.296136,0.439856,-0.222056,0.054895,0.295863,0.006073,0.150536,0.461244,-0.153594,0.166180,0.176993,-0.083156,0.057783,0.068501,0.201173,-0.282277,1.286190,0.044469,-0.315931,-0.230807,-0.111989,-0.295013,0.308017,0.970246,0.087647,-0.370138,-0.008308
0.031245,0.968097,0.764403,-0.007402,0.049144,0.664550,0.745589,-0.489369,-0.013675,0.256490,0.477989,-0.251087,0.094926,0.232625,0.022934,0.140104,0.631028,-0.021885,0.190044,0.140031,-0.084013,0.035722,0.057349,0.202401,-0.301436,1.293766,0.088486,-0.296718,-0.200319,-0.067331,-0.277926,0.298345,1.008026,0.103481,-0.350813,-0.002731
0.027974,1.007363,0.769490,-0.011655,0.050565,0.672119,0.738622,-0.445974,-0.038456,0.231877,0.484634,-0.285665,0.126851,0.131359,-0.003256,0.077709,0.828115,0.065551,0.199249,0.103688,-0.080745,0.020903,0.039630,0.208451,-0.303988,1.287135,0.073657,-0.306567,-0.214446,-0.034129,-0.263715,0.293537,1.043273,0.142709,-0.343540,0.051450
0.024628,1.045578,0.775856,-0.013759,0.044733,0.681090,0.730703,-0.372078,-0.055214,0.206804,0.461391,-0.313786,0.133673,0.028887,-0.042294,0.008126,0.979067,0.010181,0.151695,0.063770,-0.064024,0.019185,0.021062,0.210933,-0.310160,1.263925,0.088082,-0.296538,-0.180205,0.004519,-0.259949,0.297096,1.068271,0.130692,-0.346219,0.053195
0.021837,1.082810,0.782127,-0.016488,0.035560,0.691418,0.721391,-0.293478,-0.066097,0.168486,0.431493,-0.335242,0.135004,-0.073551,-0.080169,-0.056648,1.067698,-0.088591,0.085326,0.019985,-0.036012,0.024073,-0.009289,0.214027,-0.319025,1.243964,0.086716,-0.298959,-0.162440,0.042166,-0.259426,0.308172,1.096854,0.130107,-0.348900,0.056688
0.020000,1.118974,0.787873,-0.019030,0.028373,0.700381,0.712951,-0.209288,-0.069342,0.142199,0.384922,-0.352370,0.126286,-0.181819,-0.090013,-0.083586,1.097104,-0.179170,0.046434,-0.019098,-0.012877,0.030506,-0.041403,0.224270,-0.313475,1.206732,0.085785,-0.303110,-0.151634,0.073401,-0.259089,0.307309,1.127149,0.133194,-0.338523,0.084435
0.018711,1.154270,0.792045,-0.019383,0.021561,0.712415,0.701160,-0.119475,-0.073704,0.107623,0.326648,-0.359821,0.113337,-0.273117,-0.092046,-0.111519,1.054264,-0.254461,0.030004,-0.064820,0.007899,0.040477,-0.067464,0.237555,-0.308227,1.158124,0.079101,-0.312193,-0.140808,0.105635,-0.262895,0.305636,1.154339,0.108381,-0.333438,0.099154
0.018523,1.189648,0.793535,-0.017511,0.017261,0.724539,0.688795,-0.031106,-0.076944,0.080145,0.271478,-0.365524,0.092981,-0.343682,-0.109936,-0.152501,0.952066,-0.293669,0.030089,-0.112859,0.019844,0.053444,-0.095871,0.250752,-0.296963,1.106581,0.061455,-0.317313,-0.119720,0.130980,-0.262254,0.296084,1.179517,0.126323,-0.321993,0.110312
0.019198,1.224907,0.792074,-0.013394,0.013239,0.736282,0.676413,0.058754,-0.080333,0.036178,0.215616,-0.365589,0.070751,-0.396766,-0.125013,-0.191676,0.806131,-0.292745,0.048117,-0.158917,0.026933,0.071556,-0.122327,0.270249,-0.287653,1.046750,0.042804,-0.329922,-0.118648,0.152556,-0.267054,0.293933,1.199166,0.118877,-0.306180,0.133889
0.020570,1.260815,0.788069,-0.007703,0.014203,0.747109,0.664506,0.146488,-0.086097,0.009395,0.159638,-0.375188,0.049962,-0.439929,-0.145435,-0.218233,0.628161,-0.266517,0.070967,-0.197762,0.022603,0.082907,-0.150804,0.291046,-0.285000,0.992952,0.032425,-0.348459,-0.116268,0.179123,-0.265948,0.281335,1.210019,0.112146,-0.300475,0.137656
0.022755,1.297765,0.781092,-0.004409,0.018189,0.757427,0.652651,0.217037,-0.086350,-0.017510,0.125131,-0.391295,0.032673,-0.474760,-0.155321,-0.226736,0.417754,-0.231727,0.095275,-0.232828,0.018797,0.082515,-0.175602,0.309580,-0.285084,0.945177,0.026793,-0.361746,-0.101468,0.205348,-0.262946,0.264976,1.222808,0.106954,-0.296231,0.141932
0.023881,1.335972,0.772839,-0.000437,0.021155,0.764932,0.643763,0.288333,-0.082623,-0.030140,0.100123,-0.407331,0.015981,-0.498088,-0.166393,-0.229111,0.219884,-0.211453,0.120060,-0.257595,0.014231,0.083380,-0.194022,0.322208,-0.276962,0.905406,0.026922,-0.375531,-0.095410,0.228445,-0.265248,0.254425,1.233571,0.070733,-0.294403,0.138551
0.025828,1.374944,0.763981,0.001912,0.025496,0.769350,0.638316,0.346748,-0.077959,-0.049210,0.094554,-0.419084,-0.003240,-0.524491,-0.178284,-0.233749,0.105061,-0.211818,0.139610,-0.273578,0.010226,0.081410,-0.207797,0.333982,-0.270043,0.874484,0.025165,-0.383184,-0.083353,0.242116,-0.265893,0.243980,1.242348,0.072345,-0.286309,0.153555
0.027471,1.415174,0.756625,0.002781,0.025872,0.775832,0.630403,0.385848,-0.061224,-0.087922,0.133789,-0.428138,-0.016910,-0.541955,-0.192181,-0.246579,0.126600,-0.222607,0.129319,-0.292776,0.013217,0.077854,-0.207965,0.337660,-0.266761,0.856982,0.019159,-0.386537,-0.077664,0.256500,-0.265132,0.236822,1.254217,0.080590,-0.279561,0.161474
0.030531,1.459229,0.750886,0.003440,0.021345,0.780832,0.624367,0.419345,-0.033305,-0.121250,0.205653,-0.417869,-0.041364,-0.548190,-0.192739,-0.253149,0.253048,-0.245337,0.110211,-0.310914,0.022003,0.081144,-0.202823,0.330703,-0.252850,0.864138,0.013247,-0.376501,-0.065575,0.251682,-0.265641,0.232974,1.276562,0.081951,-0.267656,0.160169
0.033938,1.505602,0.748089,-0.005669,0.019933,0.779080,0.626582,0.416583,-0.008336,-0.133894,0.310956,-0.367501,-0.071420,-0.574003,-0.171407,-0.240854,0.388122,-0.181803,0.063366,-0.304430,0.045704,0.054731,-0.182011,0.307071,-0.242020,0.900019,0.023141,-0.373595,-0.057869,0.256635,-0.267456,0.235677,1.301568,0.055423,-0.276240,0.154050
0.037543,1.552690,0.749705,-0.015571,0.013465,0.774738,0.631947,0.376999,0.024687,-0.113000,0.482213,-0.254657,-0.105653,-0.577760,-0.125552,-0.216488,0.500910,-0.166427,0.031772,-0.290763,0.077708,0.039853,-0.160792,0.279071,-0.233226,0.958707,0.028405,-0.367103,-0.073412,0.243497,-0.270355,0.234491,1.322036,0.044718,-0.268034,0.149560
0.041889,1.598358,0.753650,-0.016022,0.004868,0.764871,0.643966,0.324252,0.041745,-0.076949,0.674436,-0.113723,-0.140476,-0.538296,-0.069906,-0.194278,0.564457,-0.196920,-0.024671,-0.261285,0.090055,0.038436,-0.130220,0.256448,-0.232142,1.026161,0.028349,-0.352847,-0.087398,0.223315,-0.269113,0.243583,1.328791,0.044692,-0.266310,0.143800
0.047315,1.639146,0.759001,-0.010491,0.007803,0.757278,0.652962,0.213747,0.069060,-0.000790,0.897314,-0.086648,-0.097382,-0.491746,-0.047076,-0.172761,0.598385,-0.248454,-0.072095,-0.229723,0.070654,0.037915,-0.120506,0.238481,-0.240121,1.098681,0.031012,-0.336515,-0.106099,0.191627,-0.261345,0.253490,1.312343,0.020642,-0.278456,0.137016
0.051474,1.677684,0.767149,-0.006429,0.010058,0.750229,0.661071,0.092561,0.087437,0.047856,1.057991,-0.170167,-0.054700,-0.418383,-0.027984,-0.159405,0.574296,-0.284592,-0.095356,-0.190124,0.054502,0.036475,-0.112633,0.227937,-0.265349,1.164785,0.042032,-0.319316,-0.139270,0.162591,-0.250229,0.237955,1.273065,0.075877,-0.293422,0.127728
0.054529,1.716122,0.775754,-0.001232,0.014708,0.740111,0.672323,-0.023861,0.080750,0.087900,1.129128,-0.237099,-0.026676,-0.340261,-0.011142,-0.129261,0.530105,-0.309558,-0.096158,-0.144964,0.031806,0.032122,-0.094629,0.219178,-0.285074,1.218413,0.065685,-0.312000,-0.153532,0.130843,-0.242971,0.244462,1.220941,0.093056,-0.315030,0.114831
0.057392,1.755467,0.783783,0.007119,0.015585,0.726421,0.687036,-0.111677,0.073770,0.136807,1.111843,-0.292664,-0.004502,-0.243487,0.005578,-0.092802,0.470352,-0.326144,-0.089781,-0.092513,0.007802,0.037461,-0.059107,0.216933,-0.295003,1.244819,0.081441,-0.303709,-0.165575,0.103852,-0.238460,0.254608,1.152559,0.103503,-0.331306,0.086030
0.059911,1.794146,0.789995,0.016466,0.011930,0.711088,0.702809,-0.175290,0.072002,0.185369,1.023628,-0.329798,0.005947,-0.136453,0.019947,-0.056712,0.402795,-0.333590,-0.076658,-0.037659,-0.009728,0.053761,-0.017222,0.218399,-0.296212,1.258286,0.081404,-0.293844,-0.179712,0.074877,-0.241029,0.267486,1.075414,0.121898,-0.348635,0.065692
0.061629,1.831481,0.792840,0.022475,0.007383,0.695847,0.717801,-0.222937,0.084724,0.243095,0.872238,-0.350272,0.005621,-0.042127,0.031928,-0.020559,0.350605,-0.338226,-0.064984,0.016344,-0.020535,0.071857,0.020372,0.219402,-0.285053,1.265602,0.070750,-0.289069,-0.198495,0.045743,-0.248810,0.278656,0.993336,0.142108,-0.362430,0.055790
0.061743,1.868440,0.792355,0.025409,0.000452,0.681390,0.731479,-0.260694,0.096276,0.290236,0.686567,-0.347168,0.000144,0.055607,0.042538,0.008003,0.290494,-0.340381,-0.036087,0.062707,-0.017984,0.091036,0.060425,0.221928,-0.284397,1.257025,0.064713,-0.286241,-0.210967,0.013536,-0.268085,0.287482,0.910998,0.148531,-0.372293,0.041662
0.061395,1.905312,0.788268,0.023283,-0.009250,0.666724,0.744883,-0.290784,0.106543,0.298352,0.472777,-0.319225,-0.025465,0.146938,0.056157,0.028273,0.238661,-0.354863,-0.018708,0.102974,-0.003217,0.104728,0.101029,0.219552,-0.283867,1.247195,0.056133,-0.282322,-0.211069,-0.022915,-0.290485,0.297196,0.842168,0.153732,-0.370079,0.036616
0.061809,1.942397,0.781057,0.019664,-0.018310,0.656664,0.753705,-0.320335,0.117318,0.290450,0.263974,-0.279353,-0.047302,0.234059,0.069335,0.041615,0.193113,-0.373110,-0.003513,0.128961,0.012196,0.114694,0.140233,0.219712,-0.288303,1.232326,0.059305,-0.276472,-0.203056,-0.061961,-0.310076,0.304121,0.787184,0.157204,-0.372749,0.029026
0.061183,1.979963,0.772657,0.014744,-0.022176,0.647352,0.761726,-0.348960,0.130443,0.305186,0.088924,-0.256843,-0.056404,0.295134,0.072581,0.061294,0.181471,-0.396863,0.014144,0.151449,0.022975,0.117813,0.171908,0.213009,-0.278365,1.221476,0.043836,-0.268324,-0.189953,-0.098577,-0.328731,0.307697,0.739519,0.163531,-0.370684,0.017255
0.060465,2.019241,0.763051,0.009057,-0.024293,0.640708,0.767347,-0.373348,0.149385,0.354227,0.003234,-0.241393,-0.078491,0.343363,0.073205,0.084187,0.191968,-0.416007,0.035315,0.171127,0.032505,0.118585,0.192504,0.209201,-0.260457,1.216666,0.044925,-0.266254,-0.194267,-0.124728,-0.346516,0.299548,0.707350,0.149056,-0.382986,0.003572
0.058145,2.060297,0.754647,-0.000499,-0.024856,0.630336,0.775925,-0.416795,0.193585,0.409669,0.077050,-0.288476,-0.090632,0.370445,0.076247,0.122059,0.230494,-0.425464,0.096411,0.205565,0.042987,0.097747,0.185225,0.200142,-0.254492,1.268126,0.079387,-0.331896,-0.204505,-0.115436,-0.352505,0.278415,0.675802,0.176555,-0.414816,-0.032429
0.055815,2.104318,0.748820,0.000650,-0.021396,0.624650,0.780611,-0.432961,0.204599,0.432031,0.205395,-0.326606,-0.065316,0.399178,0.051919,0.141234,0.289751,-0.396746,0.141692,0.234239,0.030821,0.085530,0.187869,0.197423,-0.252165,1.290946,0.087392,-0.343917,-0.195703,-0.096070,-0.351113,0.258938,0.680115,0.162718,-0.424611,-0.056087
0.053186,2.149352,0.746519,0.003508,-0.012927,0.619822,0.784628,-0.448094,0.192542,0.412817,0.312949,-0.247926,-0.017002,0.395151,0.019277,0.150772,0.395710,-0.310857,0.177127,0.257278,0.007835,0.057698,0.204784,0.198020,-0.259219,1.303679,0.083331,-0.345033,-0.190120,-0.060104,-0.340219,0.248397,0.701560,0.134868,-0.410877,-0.071465
0.048092,2.196174,0.748577,0.008444,0.005213,0.623437,0.781810,-0.472149,0.138586,0.371101,0.419835,-0.197275,0.035804,0.331206,-0.029397,0.132133,0.572262,-0.162346,0.191898,0.252241,-0.034329,0.018973,0.217134,0.195615,-0.262969,1.316329,0.083534,-0.337974,-0.180165,-0.027662,-0.313788,0.233984,0.762548,0.126094,-0.396626,-0.061298
0.044147,2.239227,0.751455,0.017217,0.012592,0.634685,0.772477,-0.465661,0.077490,0.329819,0.511585,-0.221189,0.088268,0.266037,-0.052062,0.105673,0.762648,0.005542,0.241786,0.229577,-0.061764,0.014994,0.200860,0.195179,-0.278230,1.331561,0.057278,-0.331806,-0.178068,0.005005,-0.287478,0.222375,0.826723,0.136808,-0.385805,-0.054441
0.039311,2.278323,0.756724,0.016414,0.008807,0.645323,0.763683,-0.426587,0.047336,0.301525,0.547318,-0.261958,0.121525,0.169962,-0.108275,0.015115,0.951146,0.064331,0.184299,0.200789,-0.052925,0.016184,0.173006,0.191452,-0.292253,1.331964,0.038926,-0.326296,-0.177126,0.026487,-0.272234,0.232345,0.896114,0.145663,-0.384029,-0.050985
0.033655,2.314880,0.763820,0.016948,0.004969,0.655430,0.755049,-0.361262,0.012444,0.275536,0.531785,-0.292183,0.134713,0.059103,-0.179802,-0.062274,1.091738,-0.036852,0.092887,0.168843,-0.041186,0.024337,0.134861,0.188856,-0.298396,1.314811,0.040620,-0.328979,-0.177973,0.033712,-0.264217,0.249206,0.972212,0.139411,-0.387621,-0.037967
0.030179,2.350206,0.771208,0.015857,-0.001510,0.676658,0.736125,-0.291341,-0.021108,0.228600,0.498783,-0.305172,0.130099,-0.032726,-0.197825,-0.114391,1.144349,-0.165668,0.031343,0.105046,-0.026731,0.036372,0.098872,0.192092,-0.260798,1.270331,0.062247,-0.311872,-0.193880,0.030240,-0.252751,0.272510,1.059368,0.101639,-0.379928,0.008169
0.028014,2.384476,0.777485,0.015480,-0.007487,0.699011,0.714905,-0.222947,-0.048918,0.173626,0.466668,-0.322235,0.117988,-0.119409,-0.182995,-0.133420,1.125011,-0.259284,0.006637,0.043259,-0.012426,0.044879,0.069706,0.197282,-0.239529,1.212113,0.055579,-0.311945,-0.181181,0.045455,-0.249561,0.280362,1.117514,0.067793,-0.365414,0.038498
0.026733,2.417468,0.782494,0.016169,-0.013724,0.721885,0.691688,-0.157778,-0.067511,0.120754,0.444364,-0.336618,0.104387,-0.187445,-0.175646,-0.165467,1.034078,-0.331958,-0.001499,-0.017761,0.000586,0.055493,0.046827,0.208530,-0.229665,1.140693,0.033685,-0.322902,-0.154620,0.070480,-0.247626,0.279602,1.155295,0.064115,-0.354842,0.069128
0.025594,2.450173,0.785397,0.018253,-0.018310,0.741847,0.670071,-0.092770,-0.086273,0.053758,0.425128,-0.353394,0.085361,-0.239429,-0.178014,-0.196972,0.887121,-0.360236,0.001159,-0.063487,0.009679,0.066160,0.022199,0.224025,-0.226899,1.062860,0.020421,-0.336602,-0.127720,0.099964,-0.245195,0.267356,1.181974,0.069885,-0.342859,0.077801
0.025413,2.481872,0.785830,0.021748,-0.021955,0.762981,0.645682,-0.037154,-0.099606,-0.010818,0.424811,-0.378791,0.073719,-0.277994,-0.164536,-0.190614,0.709695,-0.356086,0.035312,-0.111289,0.013403,0.076780,0.001772,0.240467,-0.218472,0.983909,0.006137,-0.353679,-0.107193,0.130905,-0.244113,0.259298,1.199737,0.070334,-0.329103,0.089526
0.025565,2.514117,0.784655,0.027909,-0.021978,0.780831,0.623732,0.016281,-0.117768,-0.076996,0.429812,-0.393630,0.067210,-0.307837,-0.150707,-0.135561,0.513911,-0.321996,0.061402,-0.145565,0.006470,0.079315,-0.013546,0.255651,-0.212230,0.911548,-0.009022,-0.374727,-0.088733,0.169738,-0.239576,0.248083,1.208630,0.071797,-0.325312,0.100272
0.025730,2.545822,0.781959,0.034989,-0.019993,0.796435,0.603380,0.064427,-0.130776,-0.128995,0.442339,-0.422995,0.061393,-0.336226,-0.146226,-0.050949,0.344143,-0.286586,0.084163,-0.170440,-0.006445,0.081178,-0.026725,0.265533,-0.200835,0.847452,-0.021579,-0.391614,-0.067029,0.207491,-0.232366,0.237274,1.209266,0.069277,-0.323797,0.104181
0.025631,2.579133,0.778774,0.040183,-0.019940,0.811122,0.583154,0.118007,-0.130569,-0.178032,0.449230,-0.446735,0.046415,-0.352890,-0.144077,0.035175,0.202642,-0.273678,0.103784,-0.188638,-0.015667,0.082717,-0.036510,0.276321,-0.192461,0.791404,-0.020728,-0.406502,-0.051582,0.250312,-0.222841,0.225195,1.199506,0.063777,-0.320243,0.107544
0.024328,2.612395,0.774794,0.042319,-0.019200,0.825812,0.562028,0.162939,-0.121949,-0.219126,0.459259,-0.472570,0.016955,-0.368617,-0.152473,0.084586,0.123773,-0.280792,0.140741,-0.204917,-0.019167,0.068580,-0.036005,0.277018,-0.195792,0.750031,-0.023038,-0.418080,-0.039877,0.294845,-0.216544,0.224359,1.193675,0.083169,-0.320177,0.110452
0.022728,2.645589,0.770687,0.045547,-0.020830,0.841462,0.537990,0.204314,-0.106554,-0.257539,0.484468,-0.499667,-0.004335,-0.370462,-0.166647,0.108076,0.128356,-0.303142,0.166057,-0.225431,-0.019779,0.063315,-0.045044,0.270638,-0.197783,0.735655,-0.021787,-0.411610,-0.047737,0.325122,-0.215853,0.231003,1.187405,0.083806,-0.316313,0.119558
0.023489,2.679172,0.766151,0.051863,-0.027904,0.857026,0.511896,0.249358,-0.073200,-0.288256,0.521628,-0.516585,-0.031735,-0.350353,-0.162061,0.151514,0.188540,-0.327421,0.165705,-0.256164,-0.021386,0.077583,-0.041277,0.266712,-0.171869,0.729612,-0.001913,-0.421222,-0.037962,0.336870,-0.216326,0.241042,1.185948,0.071574,-0.316144,0.147795
0.024509,2.714456,0.760617,0.056274,-0.026935,0.868456,0.491824,0.286941,-0.040662,-0.292591,0.544462,-0.518271,-0.056749,-0.338690,-0.162265,0.147873,0.269287,-0.276289,0.183228,-0.273389,-0.027844,0.075849,-0.022788,0.257284,-0.162957,0.738158,-0.025655,-0.424726,-0.020909,0.347338,-0.218497,0.256512,1.184158,0.067593,-0.316491,0.149530
0.026336,2.747555,0.757165,0.051954,-0.021625,0.876923,0.477325,0.290481,-0.008370,-0.283734,0.579223,-0.506554,-0.078282,-0.355503,-0.154956,0.132884,0.361574,-0.199436,0.189398,-0.278578,-0.028993,0.054381,0.002200,0.245222,-0.151012,0.769948,-0.022497,-0.422884,-0.008372,0.342619,-0.216138,0.256986,1.204116,0.055623,-0.316897,0.160817
0.026830,2.776920,0.756557,0.045649,-0.021450,0.884057,0.464650,0.279339,0.032688,-0.259152,0.632109,-0.473616,-0.095322,-0.362157,-0.144311,0.091383,0.434607,-0.159377,0.178015,-0.278241,-0.013942,0.040849,0.011042,0.233217,-0.159925,0.850755,-0.018159,-0.422094,0.001778,0.318476,-0.219295,0.261100,1.242200,0.046375,-0.318548,0.139951
0.028581,2.802596,0.757903,0.040948,-0.016728,0.890730,0.452376,0.250540,0.060674,-0.222793,0.692693,-0.425658,-0.114747,-0.375155,-0.142681,0.051215,0.502355,-0.141476,0.124006,-0.266038,-0.010704,0.037238,0.003475,0.222623,-0.166994,0.951199,-0.004513,-0.407378,-0.005656,0.289090,-0.217192,0.253041,1.255697,0.056873,-0.312640,0.116551
0.030630,2.825025,0.760695,0.035692,-0.008298,0.900078,0.434185,0.197379,0.107812,-0.139710,0.758585,-0.394814,-0.116991,-0.379530,-0.156305,0.009435,0.545286,-0.168362,0.073203,-0.262156,-0.011791,0.038583,-0.014898,0.217080,-0.189121,1.060595,-0.005336,-0.384020,-0.022707,0.249702,-0.219783,0.255102,1.251872,0.078853,-0.308121,0.089498
0.032221,2.845037,0.765085,0.029610,0.000673,0.913307,0.406194,0.130680,0.175735,-0.028531,0.813791,-0.395522,-0.086098,-0.367112,-0.185597,-0.045798,0.563478,-0.203660,0.060207,-0.270566,-0.014744,0.039790,-0.033845,0.218253,-0.221071,1.156730,-0.004459,-0.364838,-0.045672,0.214394,-0.225733,0.260492,1.223052,0.100879,-0.318035,0.049978
0.033056,2.861497,0.769902,0.023174,0.010150,0.923422,0.382951,0.080742,0.216490,0.082478,0.820896,-0.395786,-0.071603,-0.348979,-0.210925,-0.091987,0.554801,-0.227856,0.062270,-0.265995,-0.016228,0.041623,-0.040488,0.217279,-0.234766,1.226956,0.005655,-0.349652,-0.067855,0.182780,-0.240519,0.266840,1.182058,0.130058,-0.325031,0.045915
0.033385,2.876408,0.774353,0.016587,0.017237,0.931019,0.364186,0.047188,0.221678,0.164352,0.791244,-0.374434,-0.086096,-0.329993,-0.226406,-0.134125,0.538853,-0.241621,0.062710,-0.248195,-0.014807,0.040265,-0.026274,0.221494,-0.240314,1.265145,0.020964,-0.342170,-0.061530,0.162938,-0.262633,0.266186,1.125014,0.139755,-0.343982,0.029438
0.034708,2.890059,0.777964,0.010049,0.025055,0.938876,0.343196,0.020789,0.251792,0.291583,0.775986,-0.354977,-0.078550,-0.316326,-0.244995,-0.179274,0.529293,-0.258409,0.059449,-0.235886,-0.017621,0.037544,-0.000614,0.229913,-0.219343,1.276281,-0.009949,-0.338908,-0.054587,0.143208,-0.287078,0.257718,1.066301,0.166721,-0.358922,0.017283
0.035637,2.902528,0.781409,0.003193,0.031722,0.948541,0.315044,0.003138,0.302065,0.433809,0.777312,-0.333634,-0.049522,-0.297934,-0.266132,-0.231481,0.518599,-0.270867,0.058400,-0.238391,-0.017744,0.036326,0.022357,0.245169,-0.193587,1.269360,-0.035369,-0.346075,-0.056976,0.121927,-0.314041,0.237493,1.013928,0.177549,-0.372821,0.003932
0.036075,2.913969,0.784242,-0.002617,0.034878,0.958197,0.283964,-0.008044,0.340927,0.531201,0.775772,-0.320985,-0.020452,-0.272339,-0.278312,-0.281553,0.504244,-0.282656,0.057949,-0.245625,-0.013495,0.035340,0.043547,0.264940,-0.181947,1.254937,-0.027902,-0.346642,-0.082100,0.105772,-0.335666,0.204460,0.972073,0.193638,-0.379071,0.002662
0.036023,2.924257,0.786326,-0.007254,0.036768,0.966800,0.252770,-0.010528,0.369636,0.608116,0.757408,-0.313063,0.002486,-0.247167,-0.286525,-0.323965,0.494471,-0.294980,0.059625,-0.248782,-0.008238,0.034964,0.058890,0.282742,-0.181138,1.240970,-0.019581,-0.345716,-0.097280,0.096193,-0.356847,0.164377,0.942807,0.203649,-0.384594,-0.017169
0.035149,2.933378,0.787630,-0.010118,0.037699,0.973546,0.225133,-0.002991,0.379929,0.659487,0.719234,-0.305521,-0.001708,-0.225597,-0.291909,-0.356004,0.492815,-0.308157,0.063105,-0.243122,-0.004887,0.033662,0.070469,0.300982,-0.177517,1.228461,-0.016797,-0.348617,-0.108974,0.093725,-0.373068,0.125590,0.920819,0.228575,-0.392944,-0.041576
0.034416,2.941419,0.788502,-0.011069,0.037304,0.978490,0.202590,0.001329,0.381478,0.665580,0.683090,-0.295825,-0.009920,-0.207032,-0.288318,-0.365168,0.492029,-0.318601,0.064892,-0.227398,-0.000313,0.034142,0.079220,0.315550,-0.168798,1.216464,-0.024719,-0.351936,-0.120817,0.096500,-0.388687,0.095379,0.905766,0.249010,-0.400726,-0.069631
0.034229,2.947285,0.788453,-0.012026,0.035812,0.982875,0.180358,-0.009233,0.377932,0.628245,0.654760,-0.289668,-0.017467,-0.193444,-0.283327,-0.364017,0.494975,-0.331149,0.064217,-0.212788,0.005334,0.034003,0.088447,0.327646,-0.155167,1.199406,-0.018125,-0.351225,-0.126690,0.096931,-0.407305,0.071524,0.905281,0.224532,-0.398028,-0.078485
0.033730,2.952306,0.788043,-0.012183,0.033829,0.986647,0.158852,-0.028123,0.374663,0.570869,0.641250,-0.283618,-0.026844,-0.180296,-0.273777,-0.351194,0.497380,-0.350310,0.062401,-0.197963,0.012476,0.035134,0.092468,0.332378,-0.139713,1.184998,-0.041402,-0.345380,-0.117233,0.090424,-0.417579,0.050998,0.915495,0.235733,-0.393100,-0.089132
0.033684,2.956288,0.787131,-0.012944,0.031763,0.989760,0.138561,-0.051549,0.373078,0.512771,0.636828,-0.281155,-0.037115,-0.170412,-0.267193,-0.347584,0.502305,-0.358686,0.060300,-0.180258,0.019892,0.036603,0.092749,0.342289,-0.129386,1.171907,-0.050278,-0.354484,-0.107938,0.086412,-0.429587,0.043695,0.928446,0.238009,-0.395135,-0.089484
0.033741,2.959183,0.786478,-0.013705,0.029531,0.992334,0.119218,-0.072662,0.370948,0.462097,0.630763,-0.278635,-0.044028,-0.162992,-0.262346,-0.349221,0.505201,-0.371064,0.047841,-0.158533,0.029741,0.040698,0.084424,0.343638,-0.116341,1.159261,-0.051865,-0.355402,-0.104039,0.086031,-0.441540,0.045930,0.938833,0.235155,-0.399534,-0.084857
0.034404,2.961246,0.786416,-0.017302,0.028100,0.994177,0.102580,-0.095924,0.367034,0.423874,0.620722,-0.274116,-0.054670,-0.160152,-0.263934,-0.372634,0.508771,-0.372994,0.047253,-0.131322,0.041164,0.035792,0.077069,0.342435,-0.109858,1.148661,-0.052283,-0.356699,-0.098927,0.087633,-0.455520,0.048135,0.950454,0.218278,-0.400849,-0.069605
0.035712,2.963261,0.786241,-0.020141,0.027867,0.995604,0.087119,-0.114437,0.362109,0.397905,0.608397,-0.264750,-0.065985,-0.156064,-0.269704,-0.402338,0.508361,-0.379531,0.040942,-0.099969,0.053308,0.036965,0.063486,0.335149,-0.112432,1.140445,-0.067820,-0.361496,-0.097005,0.091925,-0.468248,0.046460,0.951996,0.214888,-0.396204,-0.051326
0.036271,2.964422,0.786378,-0.022092,0.027774,0.996887,0.070399,-0.129860,0.353211,0.371117,0.593446,-0.260225,-0.071277,-0.149755,-0.276470,-0.427641,0.508858,-0.382386,0.035275,-0.071245,0.062271,0.040493,0.048434,0.329785,-0.116242,1.136125,-0.071142,-0.366168,-0.092879,0.097282,-0.478981,0.044648,0.950383,0.173515,-0.395903,-0.041706
0.037858,2.965624,0.786534,-0.023316,0.027869,0.997867,0.054224,-0.141718,0.345319,0.349166,0.574366,-0.252952,-0.081321,-0.149551,-0.278319,-0.425778,0.514939,-0.382034,0.039766,-0.047361,0.064817,0.048013,0.036719,0.326830,-0.116537,1.129297,-0.076961,-0.363998,-0.098908,0.098700,-0.478735,0.049577,0.947643,0.152271,-0.392623,-0.039043
0.039199,2.966259,0.785939,-0.024538,0.028051,0.998650,0.036170,-0.160346,0.329024,0.304491,0.563944,-0.227975,-0.083130,-0.154591,-0.275975,-0.394168,0.524521,-0.383941,0.039617,-0.032621,0.067054,0.054320,0.036064,0.325179,-0.121796,1.115982,-0.083810,-0.370911,-0.093650,0.100275,-0.471348,0.051470,0.935214,0.158191,-0.389857,-0.037465
0.040584,2.966561,0.785471,-0.025304,0.028094,0.999192,0.013629,-0.180306,0.311407,0.257103,0.548856,-0.235783,-0.089262,-0.151230,-0.268399,-0.349877,0.520391,-0.384578,0.047987,-0.024875,0.068295,0.062068,0.032709,0.323864,-0.132055,1.109206,-0.094601,-0.379699,-0.090456,0.105068,-0.463857,0.048955,0.922758,0.143632,-0.392640,-0.034598
0.042634,2.966458,0.784729,-0.025575,0.028468,0.999222,-0.009487,-0.202140,0.293554,0.214306,0.541998,-0.234281,-0.088301,-0.147825,-0.256938,-0.293205,0.514198,-0.395097,0.058382,-0.018875,0.069015,0.070605,0.031564,0.318118,-0.138467,1.105814,-0.101208,-0.387825,-0.085933,0.110621,-0.457500,0.053165,0.909786,0.142540,-0.394108,-0.027365
0.044700,2.966253,0.783957,0.026335,-0.027635,-0.998761,0.031930,-0.226223,0.279420,0.179023,0.539847,-0.229581,-0.091426,-0.139464,-0.245737,-0.253639,0.502579,-0.399430,0.063341,-0.013656,0.070746,0.078315,0.030364,0.312595,-0.144705,1.105257,-0.101230,-0.384564,-0.088982,0.110277,-0.449359,0.056989,0.902001,0.141519,-0.394888,-0.020643
0.047832,2.966359,0.783815,0.029004,-0.027151,-0.997897,0.051224,-0.252953,0.269800,0.161615,0.540338,-0.223125,-0.089352,-0.135861,-0.236875,-0.228830,0.490062,-0.403756,0.066084,-0.004688,0.070482,0.084156,0.028043,0.305637,-0.146410,1.110327,-0.091509,-0.384466,-0.081940,0.105926,-0.438652,0.061725,0.896084,0.146124,-0.399775,-0.008457
0.051066,2.965883,0.783355,0.032262,-0.026124,-0.997045,0.064636,-0.275166,0.262446,0.154443,0.538909,-0.215113,-0.093574,-0.134750,-0.236428,-0.232359,0.479214,-0.406262,0.069590,0.011849,0.069963,0.090142,0.029071,0.295961,-0.137459,1.116158,-0.089519,-0.382034,-0.085075,0.097958,-0.431754,0.073765,0.889653,0.135130,-0.403311,0.004033
0.054274,2.964679,0.783380,0.034864,-0.024737,-0.996455,0.072457,-0.288288,0.258422,0.152254,0.532974,-0.211516,-0.094809,-0.133610,-0.242038,-0.257481,0.468494,-0.406326,0.061911,0.032781,0.069385,0.097596,0.032602,0.286592,-0.142715,1.124222,-0.099889,-0.381960,-0.075766,0.082818,-0.427898,0.097120,0.887356,0.132297,-0.404647,-0.005553
0.057769,2.963080,0.783249,0.038515,-0.022615,-0.996012,0.077241,-0.299928,0.254744,0.150233,0.522814,-0.210779,-0.095597,-0.138249,-0.243935,-0.274462,0.458382,-0.405519,0.050058,0.050534,0.068806,0.102359,0.046240,0.281313,-0.146887,1.125900,-0.093941,-0.381804,-0.072482,0.062709,-0.423601,0.115795,0.881436,0.130483,-0.413591,-0.007034
0.061438,2.960887,0.782667,0.041764,-0.019329,-0.995477,0.083109,-0.313203,0.253085,0.142806,0.514584,-0.211894,-0.098126,-0.141007,-0.243782,-0.291391,0.446763,-0.405010,0.043320,0.061177,0.071631,0.108212,0.055300,0.276331,-0.156796,1.141801,-0.105156,-0.389577,-0.089952,0.039267,-0.426591,0.140441,0.868665,0.121332,-0.419192,0.003929
0.065038,2.957511,0.781443,0.044952,-0.017535,-0.994830,0.089357,-0.325998,0.243865,0.132525,0.508460,-0.222091,-0.097976,-0.143246,-0.251507,-0.312113,0.439754,-0.403050,0.055046,0.067603,0.070084,0.115561,0.073548,0.264696,-0.154412,1.146171,-0.088239,-0.393942,-0.096998,0.016703,-0.433190,0.168988,0.843224,0.095389,-0.428719,-0.002201
0.068770,2.953152,0.779902,0.050000,-0.012924,-0.993674,0.099726,-0.347471,0.238274,0.118554,0.502580,-0.228023,-0.109753,-0.152770,-0.257776,-0.334761,0.442873,-0.401843,0.057241,0.065462,0.074394,0.116538,0.091712,0.249772,-0.153053,1.153395,-0.090842,-0.396748,-0.102919,0.000298,-0.438277,0.190194,0.808426,0.071876,-0.439109,0.001798
0.071303,2.947907,0.778698,0.054211,-0.009076,-0.992150,0.112323,-0.362002,0.235769,0.117865,0.491204,-0.235448,-0.126728,-0.157705,-0.268713,-0.360838,0.449479,-0.402074,0.062429,0.065430,0.074247,0.116775,0.105183,0.238351,-0.159617,1.163916,-0.074740,-0.397380,-0.104525,-0.010499,-0.441874,0.204861,0.775471,0.046840,-0.450439,0.008572
0.073239,2.941477,0.777660,0.058696,-0.005368,-0.989998,0.128177,-0.378942,0.247203,0.155992,0.492348,-0.260748,-0.139941,-0.159434,-0.284755,-0.393771,0.457130,-0.404590,0.066659,0.067067,0.069919,0.117691,0.107172,0.229729,-0.168530,1.180041,-0.066623,-0.398114,-0.108668,-0.019843,-0.439342,0.213281,0.742688,0.037061,-0.458386,0.011242
0.074340,2.933688,0.776775,0.062004,-0.000564,-0.987179,0.147079,-0.398611,0.273225,0.223493,0.504307,-0.302220,-0.146100,-0.150648,-0.302306,-0.435941,0.460090,-0.404879,0.065341,0.071553,0.065303,0.119933,0.104272,0.221270,-0.177356,1.191861,-0.055998,-0.389107,-0.106516,-0.023518,-0.433673,0.221150,0.713326,0.044459,-0.449780,0.005448
0.074581,2.924305,0.775578,0.067291,0.007851,-0.982996,0.170671,-0.429348,0.323902,0.324496,0.534417,-0.332045,-0.138478,-0.133918,-0.310689,-0.488213,0.449195,-0.398007,0.066320,0.072358,0.065556,0.112344,0.104392,0.211775,-0.173962,1.200085,-0.047952,-0.388803,-0.108588,-0.020592,-0.428267,0.219649,0.686885,0.039954,-0.462205,-0.015633
0.073361,2.913500,0.774763,0.070242,0.015947,-0.977988,0.195834,-0.446829,0.385609,0.454811,0.571793,-0.346201,-0.117179,-0.100945,-0.315385,-0.543654,0.425061,-0.385770,0.074685,0.076905,0.061546,0.108774,0.102244,0.205798,-0.171726,1.206152,-0.041985,-0.386576,-0.106610,-0.012573,-0.416459,0.219880,0.669685,0.026231,-0.469668,-0.036547
0.072042,2.900580,0.773338,0.074278,0.028954,-0.971580,0.222885,-0.467046,0.455808,0.577665,0.623910,-0.363886,-0.082464,-0.063018,-0.304798,-0.604601,0.384396,-0.367196,0.082974,0.079206,0.068766,0.095874,0.103452,0.195841,-0.160161,1.209008,-0.027184,-0.382129,-0.112741,-0.002446,-0.410134,0.217897,0.661970,0.029551,-0.462611,-0.030482
0.068849,2.885471,0.770827,0.075466,0.042508,-0.965893,0.244025,-0.479218,0.510723,0.660417,0.679159,-0.381434,-0.056878,-0.016838,-0.287854,-0.664580,0.339865,-0.346409,0.100200,0.095856,0.071764,0.086362,0.104469,0.190430,-0.155292,1.209593,0.003346,-0.372368,-0.112319,0.006934,-0.399661,0.210352,0.660350,0.030839,-0.449544,-0.024436
0.065245,2.867364,0.767061,0.073624,0.054310,-0.961515,0.259074,-0.484234,0.540651,0.695324,0.726158,-0.394058,-0.035630,0.025990,-0.276557,-0.697721,0.308174,-0.328148,0.113512,0.124589,0.070726,0.077076,0.110420,0.187540,-0.150755,1.209965,-0.001513,-0.377223,-0.117409,0.020591,-0.392679,0.206746,0.669714,0.035764,-0.440828,-0.020222
0.061997,2.845792,0.761866,0.070070,0.065638,-0.957995,0.270237,-0.490319,0.540106,0.676029,0.759030,-0.417127,-0.020831,0.061507,-0.273524,-0.705825,0.298830,-0.308550,0.125762,0.157767,0.069546,0.066968,0.117137,0.185519,-0.142387,1.212288,-0.025322,-0.385608,-0.120972,0.037906,-0.390529,0.211054,0.686289,0.046428,-0.440721,-0.024177
0.060356,2.821673,0.756255,0.066618,0.074510,-0.954881,0.279665,-0.515965,0.521748,0.614035,0.820070,-0.473625,0.002613,0.078595,-0.293007,-0.691135,0.328928,-0.285999,0.132685,0.186754,0.065337,0.062350,0.116855,0.183763,-0.137383,1.219473,-0.043798,-0.383074,-0.127202,0.046775,-0.390887,0.211539,0.714660,0.057413,-0.439518,-0.017360
0.059679,2.794297,0.752176,0.064605,0.077130,-0.950429,0.294215,-0.526034,0.477297,0.569386,0.861699,-0.521533,0.024621,0.078905,-0.345018,-0.671546,0.409949,-0.250354,0.137778,0.203378,0.054475,0.064410,0.109106,0.183459,-0.146540,1.222505,-0.042655,-0.375359,-0.127204,0.058376,-0.384752,0.196462,0.747097,0.067569,-0.428874,-0.014510
0.059846,2.765348,0.749862,0.060403,0.081112,-0.942985,0.317100,-0.514642,0.425341,0.537361,0.874673,-0.569063,0.044792,0.067121,-0.401372,-0.640096,0.530291,-0.208491,0.100639,0.203398,0.051748,0.065786,0.087459,0.190416,-0.167150,1.234892,-0.044103,-0.369559,-0.133595,0.072266,-0.377962,0.183812,0.792064,0.092534,-0.413597,-0.011287
0.060866,2.737567,0.748520,0.058596,0.081549,-0.930419,0.352471,-0.499956,0.347279,0.494290,0.862083,-0.602044,0.067044,0.014964,-0.444697,-0.562422,0.691298,-0.185452,0.046059,0.176420,0.045025,0.069232,0.061754,0.202509,-0.177433,1.232070,-0.044730,-0.360733,-0.135750,0.084771,-0.372414,0.167257,0.845228,0.109189,-0.395803,-0.003056
0.059277,2.711107,0.748393,0.055309,0.076952,-0.908404,0.407212,-0.473130,0.245553,0.426524,0.830014,-0.623647,0.082430,-0.044299,-0.386113,-0.407574,0.807041,-0.227570,0.056251,0.110245,0.035307,0.074266,0.043776,0.217856,-0.173451,1.214293,-0.045171,-0.362016,-0.144145,0.109489,-0.361795,0.151377,0.895907,0.112947,-0.381534,0.011999
0.057726,2.685258,0.750875,0.053583,0.071388,-0.884270,0.458365,-0.430472,0.149076,0.361921,0.776467,-0.626104,0.091996,-0.112342,-0.309268,-0.292820,0.896170,-0.261672,0.071372,0.047279,0.022687,0.086665,0.015605,0.238794,-0.169820,1.183209,-0.061675,-0.369035,-0.153828,0.130784,-0.350224,0.145737,0.939992,0.123489,-0.366548,0.041134
0.057460,2.658817,0.755509,0.053568,0.070534,-0.858624,0.504896,-0.378040,0.072621,0.302095,0.701935,-0.618958,0.096958,-0.193120,-0.234823,-0.221792,0.955663,-0.290017,0.080979,-0.008958,0.022120,0.091624,-0.023788,0.256265,-0.167667,1.147528,-0.033929,-0.367803,-0.144162,0.153876,-0.341614,0.144383,0.978462,0.117922,-0.354200,0.064357
0.057433,2.631895,0.761732,0.053536,0.071664,-0.835146,0.542706,-0.310280,0.007595,0.235549,0.601249,-0.592004,0.091582,-0.282745,-0.169977,-0.172235,0.971553,-0.316719,0.080482,-0.051240,0.026679,0.091801,-0.067284,0.267827,-0.171836,1.114959,-0.016812,-0.370607,-0.123800,0.175280,-0.335921,0.155413,1.015602,0.118424,-0.343639,0.087970
0.057223,2.603964,0.768871,0.050621,0.073232,-0.813325,0.574958,-0.218621,-0.034069,0.181526,0.481473,-0.556839,0.078437,-0.371872,-0.122463,-0.142978,0.953152,-0.335246,0.073249,-0.083329,0.039199,0.093874,-0.109659,0.274066,-0.174929,1.081698,-0.014876,-0.375031,-0.110067,0.198753,-0.334418,0.162995,1.045331,0.108565,-0.335944,0.109580
0.055685,2.574570,0.774372,0.045337,0.073622,-0.790500,0.606328,-0.117656,-0.056565,0.133160,0.366180,-0.523066,0.044207,-0.447705,-0.092947,-0.142792,0.897515,-0.334966,0.058901,-0.127995,0.051836,0.100518,-0.145081,0.281303,-0.173456,1.044908,-0.014059,-0.375498,-0.097038,0.217169,-0.333112,0.171241,1.068382,0.101357,-0.326954,0.126250
0.053381,2.544533,0.776833,0.040779,0.072451,-0.766074,0.637353,-0.026457,-0.071005,0.071522,0.277987,-0.489719,0.020715,-0.513357,-0.082991,-0.158233,0.812522,-0.325963,0.064082,-0.180666,0.060322,0.109353,-0.176245,0.293366,-0.182368,1.002294,-0.028072,-0.372027,-0.092497,0.229537,-0.333072,0.182703,1.091205,0.101678,-0.319491,0.135477
0.051040,2.513848,0.775590,0.037945,0.069882,-0.741376,0.666362,0.057837,-0.081271,0.006201,0.204874,-0.465116,0.003776,-0.580238,-0.084565,-0.176721,0.713952,-0.293788,0.069327,-0.231433,0.068959,0.116986,-0.202137,0.299711,-0.187500,0.955299,-0.025159,-0.380873,-0.101163,0.245645,-0.337600,0.174933,1.108776,0.078181,-0.316835,0.150937
0.048458,2.481107,0.770332,0.035632,0.065073,-0.716911,0.693206,0.142556,-0.084693,-0.041009,0.146400,-0.454263,-0.003101,-0.631722,-0.095101,-0.199193,0.591679,-0.266442,0.093750,-0.282050,0.072635,0.125022,-0.227658,0.307680,-0.205982,0.915108,-0.026614,-0.391065,-0.094744,0.259840,-0.339787,0.168996,1.132316,0.083184,-0.318417,0.148167
0.045824,2.446584,0.761148,0.031870,0.055283,-0.697777,0.713467,0.243339,-0.087355,-0.079601,0.087736,-0.438685,-0.010476,-0.662558,-0.111909,-0.218434,0.458840,-0.238299,0.125209,-0.321213,0.065812,0.143247,-0.254788,0.316292,-0.224591,0.882409,-0.024815,-0.400061,-0.087945,0.268039,-0.343110,0.164737,1.155131,0.099944,-0.319671,0.145526
0.042801,2.411169,0.750050,0.031037,0.046960,-0.682191,0.729004,0.324026,-0.086879,-0.133196,0.061988,-0.439685,-0.025934,-0.694105,-0.136744,-0.246371,0.347619,-0.220905,0.132004,-0.354548,0.057469,0.156094,-0.276034,0.329253,-0.246294,0.857792,-0.026010,-0.404013,-0.081904,0.270097,-0.350123,0.164022,1.173755,0.106037,-0.320715,0.137690
0.039244,2.373787,0.739818,0.034551,0.043687,-0.667831,0.742226,0.375530,-0.081371,-0.193584,0.069662,-0.436300,-0.056116,-0.728821,-0.151660,-0.255417,0.282999,-0.228159,0.125473,-0.383303,0.055556,0.152890,-0.290801,0.337025,-0.271479,0.852550,-0.030628,-0.406015,-0.080290,0.275122,-0.359798,0.162303,1.180782,0.098721,-0.320063,0.129061
0.035502,2.332152,0.732605,0.035869,0.045942,-0.654020,0.754228,0.410848,-0.059585,-0.243249,0.104728,-0.409563,-0.096097,-0.747606,-0.152446,-0.270649,0.288825,-0.250623,0.109843,-0.410391,0.069107,0.142010,-0.288232,0.337338,-0.292228,0.863694,-0.021092,-0.406333,-0.085186,0.278970,-0.370693,0.156350,1.191894,0.091743,-0.321502,0.118608
0.033309,2.285819,0.727887,0.033075,0.051300,-0.642123,0.764168,0.433745,-0.031561,-0.285410,0.173949,-0.357068,-0.144119,-0.748948,-0.141609,-0.279436,0.371173,-0.281038,0.085280,-0.438158,0.099399,0.136639,-0.276855,0.322477,-0.300279,0.902344,-0.015901,-0.409161,-0.089300,0.269190,-0.384078,0.148714,1.213496,0.085241,-0.322370,0.108283
0.031106,2.236364,0.725919,0.033235,0.060428,-0.640637,0.764741,0.430133,-0.018983,-0.304766,0.271372,-0.254064,-0.188342,-0.762701,-0.134597,-0.283996,0.497262,-0.227929,0.021808,-0.430970,0.135038,0.113013,-0.248531,0.295355,-0.316307,0.954981,-0.024026,-0.406840,-0.094032,0.270329,-0.394621,0.141321,1.227287,0.084446,-0.321962,0.102468
0.028437,2.185286,0.727680,0.025617,0.066695,-0.645504,0.760408,0.405053,-0.017663,-0.316287,0.425618,-0.111404,-0.237814,-0.756967,-0.099096,-0.267173,0.617766,-0.210002,-0.019381,-0.402684,0.172947,0.106072,-0.215948,0.263859,-0.334326,1.013418,-0.032987,-0.395500,-0.075341,0.263225,-0.396885,0.126930,1.239959,0.111055,-0.316828,0.078979
0.025292,2.137281,0.731421,0.026107,0.060728,-0.659262,0.749002,0.332121,-0.042731,-0.259767,0.644333,0.032595,-0.250390,-0.730939,-0.068264,-0.232525,0.708862,-0.259001,-0.066944,-0.347429,0.163594,0.092123,-0.183789,0.252555,-0.352118,1.065893,-0.038195,-0.389426,-0.102420,0.232335,-0.382472,0.140570,1.262480,0.131595,-0.301762,0.074926
0.019227,2.092219,0.737222,0.035737,0.054314,-0.665468,0.743589,0.192935,0.011219,-0.112099,0.886333,0.023048,-0.200931,-0.688553,-0.062120,-0.213732,0.754739,-0.331347,-0.101943,-0.293687,0.134595,0.068764,-0.156283,0.249078,-0.368161,1.112884,-0.016669,-0.392903,-0.122672,0.201578,-0.357292,0.160447,1.257381,0.147104,-0.300922,0.083363
0.013758,2.049380,0.746977,0.043467,0.045202,-0.676791,0.733500,0.056610,0.057643,0.000081,1.064651,-0.119461,-0.106770,-0.617162,-0.047113,-0.185698,0.743969,-0.374053,-0.107745,-0.228638,0.100037,0.050994,-0.120532,0.235858,-0.355581,1.151995,-0.005750,-0.379638,-0.128521,0.167560,-0.336848,0.188320,1.226134,0.161883,-0.308397,0.080023
0.009411,2.007137,0.758388,0.050850,0.037613,-0.686347,0.724519,-0.078296,0.087631,0.072303,1.161413,-0.238572,-0.046600,-0.532233,-0.034934,-0.156818,0.701287,-0.403010,-0.102270,-0.172544,0.067129,0.036328,-0.076134,0.226875,-0.341453,1.183833,0.007656,-0.370545,-0.121065,0.130389,-0.323304,0.220293,1.171923,0.173120,-0.328548,0.058506
0.006178,1.966297,0.769993,0.057064,0.035243,-0.694739,0.716128,-0.216673,0.095046,0.112286,1.176427,-0.321427,-0.015090,-0.437807,-0.024096,-0.137911,0.623145,-0.411256,-0.086632,-0.117666,0.045469,0.019623,-0.025296,0.217513,-0.314818,1.206826,0.028678,-0.359437,-0.118592,0.104283,-0.316576,0.227212,1.090146,0.181763,-0.354206,0.040756
0.002416,1.921221,0.781135,0.054992,0.025449,-0.710561,0.701021,-0.290848,0.091878,0.157936,1.083260,-0.366337,-0.003703,-0.303285,-0.005602,-0.102120,0.515313,-0.404283,-0.057890,-0.049460,0.019181,0.022093,0.035964,0.217673,-0.306290,1.222590,0.023667,-0.365592,-0.131376,0.085340,-0.315887,0.241187,1.001217,0.192997,-0.382045,0.017535
0.000066,1.877563,0.788595,0.046492,0.015675,-0.725155,0.686835,-0.337564,0.094267,0.200298,0.928599,-0.387092,-0.004589,-0.157244,0.010277,-0.069544,0.399468,-0.388098,-0.015414,0.013916,0.006645,0.041131,0.087668,0.222302,-0.305321,1.236805,0.008371,-0.357920,-0.168153,0.057154,-0.326886,0.253478,0.914628,0.203343,-0.395408,0.009853
-0.000466,1.836194,0.790763,0.037630,0.009794,-0.738459,0.673176,-0.378104,0.102970,0.247759,0.738572,-0.378598,-0.011630,-0.029425,0.018172,-0.043987,0.303878,-0.370787,0.027572,0.070186,0.003918,0.063842,0.135094,0.231496,-0.313743,1.239746,0.023455,-0.358754,-0.196032,0.016022,-0.343882,0.257172,0.837760,0.195274,-0.412293,-0.000462
-0.000760,1.794732,0.787700,0.026736,0.007772,-0.752687,0.657790,-0.408802,0.110281,0.271111,0.523475,-0.344388,-0.035335,0.092303,0.031295,-0.005874,0.215737,-0.365876,0.050653,0.124957,0.011836,0.084586,0.181603,0.240669,-0.321059,1.238248,0.028193,-0.357662,-0.226762,-0.027717,-0.365621,0.256263,0.766040,0.201743,-0.407895,0.013196
-0.001155,1.752678,0.780223,0.017588,0.007902,-0.765099,0.643624,-0.438494,0.118448,0.284371,0.312539,-0.304471,-0.054810,0.202890,0.036431,0.019150,0.143609,-0.368924,0.070045,0.172301,0.018674,0.097317,0.227306,0.255845,-0.331685,1.229759,0.035834,-0.355102,-0.256506,-0.076222,-0.390007,0.266252,0.711790,0.197739,-0.409022,0.008147
-0.000919,1.710562,0.770067,0.012211,0.009907,-0.775338,0.631351,-0.480714,0.126204,0.285151,0.162373,-0.295375,-0.068356,0.292158,0.032694,0.038183,0.099961,-0.377823,0.091519,0.210562,0.022256,0.103812,0.268251,0.268245,-0.334634,1.220800,0.038591,-0.356416,-0.263350,-0.118349,-0.407536,0.268253,0.666585,0.224151,-0.412434,0.000311
-0.000948,1.666287,0.759538,0.010197,0.010715,-0.786702,0.617155,-0.514762,0.141701,0.297312,0.111535,-0.304180,-0.068630,0.354642,0.017313,0.085101,0.106107,-0.389120,0.114514,0.256812,0.017087,0.107341,0.290461,0.277036,-0.324402,1.232549,0.050675,-0.354963,-0.289872,-0.148875,-0.430662,0.261098,0.637031,0.204352,-0.401676,0.023263
0.000078,1.620341,0.751012,0.011696,0.009025,-0.797887,0.602626,-0.545603,0.156888,0.306014,0.188415,-0.325155,-0.051194,0.389922,-0.011689,0.139483,0.161623,-0.386492,0.143564,0.301850,0.004450,0.106120,0.297049,0.274463,-0.303314,1.264748,0.066301,-0.348005,-0.283061,-0.157823,-0.443497,0.252646,0.627616,0.193962,-0.399899,0.015037
0.001636,1.569845,0.744263,0.019207,0.007030,-0.805875,0.591732,-0.573354,0.154812,0.308278,0.334655,-0.323350,-0.029549,0.401745,-0.047180,0.180841,0.251343,-0.338549,0.178421,0.331956,-0.019897,0.090450,0.301357,0.267769,-0.288147,1.301250,0.078535,-0.337792,-0.249289,-0.141991,-0.436809,0.249176,0.642922,0.212397,-0.400707,0.001796
0.003597,1.517384,0.741996,0.037126,0.006664,-0.802817,0.595031,-0.605934,0.123042,0.309721,0.459759,-0.258110,0.021396,0.367929,-0.079537,0.186702,0.388162,-0.207989,0.213638,0.318098,-0.062584,0.052784,0.302809,0.262401,-0.283159,1.331649,0.063152,-0.330735,-0.236844,-0.113357,-0.416853,0.244990,0.684558,0.206536,-0.396676,0.001368
0.005854,1.464579,0.744521,0.044179,0.003206,-0.791396,0.609697,-0.605607,0.067164,0.282284,0.573494,-0.259968,0.058797,0.323229,-0.085664,0.171627,0.562795,-0.023682,0.240480,0.277355,-0.084472,0.034616,0.285585,0.256680,-0.301364,1.353712,0.050808,-0.325399,-0.235725,-0.068255,-0.393471,0.231776,0.739950,0.198094,-0.385006,0.015686
0.008794,1.416787,0.750823,0.047380,0.007628,-0.779419,0.624662,-0.573686,0.019225,0.250698,0.611300,-0.299374,0.103398,0.206757,-0.100380,0.110962,0.800475,0.133135,0.221375,0.225280,-0.085947,0.018443,0.241698,0.247675,-0.313082,1.360198,0.018467,-0.319527,-0.222882,-0.039794,-0.366454,0.234229,0.816422,0.198672,-0.376159,0.012730
0.012039,1.371447,0.760443,0.043241,0.009017,-0.768227,0.638652,-0.494034,-0.022465,0.220960,0.586342,-0.328780,0.123592,0.082316,-0.126961,0.047342,0.999530,0.089193,0.157320,0.171667,-0.072796,0.016807,0.197801,0.239480,-0.310059,1.333349,-0.000609,-0.312794,-0.224927,-0.006689,-0.340596,0.243017,0.893474,0.214823,-0.358618,0.042630
0.015207,1.327401,0.771727,0.037276,0.012831,-0.753434,0.656341,-0.398469,-0.058667,0.177869,0.522502,-0.337542,0.133763,-0.044061,-0.139802,-0.005263,1.117715,-0.019884,0.100493,0.112481,-0.048190,0.011828,0.139576,0.235527,-0.304654,1.299207,-0.015793,-0.322274,-0.216087,0.025318,-0.324593,0.262858,0.986155,0.186881,-0.348677,0.061233
0.017136,1.283852,0.783152,0.024044,0.014991,-0.737128,0.675159,-0.282220,-0.075456,0.131733,0.447352,-0.329772,0.126822,-0.144912,-0.138113,-0.058505,1.151656,-0.123377,0.051424,0.044769,-0.017123,0.034177,0.084104,0.231567,-0.253427,1.236026,-0.003676,-0.300371,-0.181952,0.050162,-0.305169,0.275707,1.075183,0.148610,-0.334906,0.089625
0.018436,1.240843,0.792538,0.013237,0.013821,-0.719236,0.694502,-0.158455,-0.089586,0.084382,0.358814,-0.321994,0.111643,-0.233549,-0.132299,-0.094784,1.112225,-0.190081,0.032803,-0.017107,0.007873,0.054828,0.031958,0.236788,-0.233117,1.161230,-0.007649,-0.311637,-0.135547,0.089684,-0.296997,0.278740,1.147238,0.123490,-0.328694,0.093446
0.018992,1.199289,0.797949,0.006215,0.012902,-0.698998,0.714981,-0.050016,-0.098022,0.030776,0.283146,-0.317368,0.088677,-0.316417,-0.123582,-0.119525,1.010559,-0.235165,0.029902,-0.079019,0.025855,0.070361,-0.023353,0.246037,-0.217939,1.086757,-0.026439,-0.326322,-0.108597,0.133562,-0.293074,0.287075,1.205917,0.110878,-0.306858,0.136131
0.018062,1.157165,0.799264,0.000457,0.009831,-0.677785,0.735195,0.057918,-0.098718,-0.027999,0.212584,-0.310497,0.057666,-0.368292,-0.124181,-0.151938,0.838052,-0.251127,0.045117,-0.140383,0.038888,0.088353,-0.077001,0.258844,-0.210436,1.009847,-0.049951,-0.336929,-0.101752,0.180367,-0.291783,0.281373,1.243564,0.107616,-0.287938,0.167327
0.016748,1.114628,0.796170,-0.002464,0.003162,-0.656667,0.754170,0.163748,-0.096279,-0.071932,0.152321,-0.316049,0.035673,-0.397641,-0.137226,-0.183995,0.626551,-0.250321,0.076771,-0.199411,0.040758,0.106070,-0.137736,0.281352,-0.210603,0.947913,-0.074750,-0.360845,-0.106452,0.222862,-0.295157,0.271773,1.274215,0.102009,-0.278669,0.172510
0.015817,1.071606,0.788946,-0.000762,-0.002488,-0.638848,0.769329,0.254282,-0.092786,-0.104656,0.108495,-0.332398,0.016315,-0.422152,-0.156037,-0.209514,0.394773,-0.234453,0.107766,-0.250294,0.034360,0.114139,-0.185292,0.308133,-0.208897,0.869464,-0.069892,-0.372069,-0.089641,0.264265,-0.296200,0.251593,1.292446,0.084993,-0.267551,0.194677
0.014870,1.028116,0.779601,0.004503,-0.005310,-0.626755,0.779185,0.322728,-0.087885,-0.129135,0.093897,-0.356583,0.000016,-0.456672,-0.175731,-0.230441,0.199446,-0.232296,0.126324,-0.287737,0.028874,0.109440,-0.221572,0.330866,-0.202088,0.804365,-0.072250,-0.386518,-0.083388,0.307094,-0.303259,0.217697,1.293719,0.063726,-0.263925,0.206813
0.012739,0.983848,0.769505,0.010226,-0.005234,-0.619821,0.784659,0.374236,-0.077128,-0.154639,0.105588,-0.376339,-0.021112,-0.503572,-0.185537,-0.242756,0.118677,-0.238622,0.131409,-0.311671,0.025557,0.102195,-0.250547,0.361274,-0.195391,0.751249,-0.054392,-0.392281,-0.087082,0.340384,-0.311348,0.191199,1.290280,0.053833,-0.261031,0.214427
0.010876,0.936956,0.760255,0.009605,-0.006798,-0.611439,0.791204,0.420292,-0.057050,-0.192964,0.156398,-0.388831,-0.038714,-0.527105,-0.188181,-0.237758,0.157332,-0.258610,0.122855,-0.340085,0.026925,0.101047,-0.259577,0.381083,-0.185640,0.715444,-0.057676,-0.401186,-0.074884,0.367869,-0.319266,0.175126,1.289322,0.062449,-0.259707,0.213088
0.009791,0.887065,0.752463,0.003874,-0.007630,-0.605639,0.795693,0.458533,-0.033025,-0.227137,0.241671,-0.369177,-0.070400,-0.532215,-0.174778,-0.224552,0.275742,-0.238263,0.105625,-0.363793,0.039975,0.105043,-0.255363,0.387722,-0.175850,0.708204,-0.060975,-0.403884,-0.073196,0.378824,-0.332218,0.161049,1.297176,0.069162,-0.255127,0.207586
0.008133,0.836293,0.748574,0.002922,0.002365,-0.610804,0.791773,0.443158,-0.015693,-0.217312,0.376930,-0.295795,-0.112173,-0.569727,-0.147500,-0.203725,0.429606,-0.174065,0.061129,-0.354607,0.066525,0.081924,-0.240325,0.362564,-0.168213,0.731533,-0.059116,-0.385120,-0.042105,0.380459,-0.339945,0.154836,1.308347,0.072164,-0.251735,0.192383
0.006219,0.785617,0.749527,-0.007845,0.009277,-0.619655,0.784781,0.401793,0.004987,-0.184871,0.569963,-0.155829,-0.163158,-0.558909,-0.089925,-0.188731,0.541554,-0.166148,0.019460,-0.336036,0.099407,0.076893,-0.215214,0.339941,-0.165072,0.778488,-0.034154,-0.374568,-0.066396,0.362143,-0.348995,0.150915,1.328513,0.058128,-0.252002,0.192667
0.002685,0.737533,0.753425,-0.010331,0.005613,-0.631212,0.775521,0.321593,0.024069,-0.107806,0.788776,-0.041138,-0.167972,-0.519766,-0.053993,-0.172636,0.616136,-0.225072,-0.039905,-0.301668,0.094985,0.073217,-0.176221,0.311686,-0.176648,0.837885,-0.055723,-0.372752,-0.059374,0.328230,-0.340890,0.164174,1.336323,0.056571,-0.257159,0.177182
-0.001196,0.693844,0.760576,-0.007073,0.001288,-0.638831,0.769313,0.201152,0.069253,-0.015847,0.993012,-0.088691,-0.116887,-0.460450,-0.036083,-0.163598,0.633143,-0.274127,-0.073622,-0.263245,0.079578,0.068598,-0.161079,0.282325,-0.194262,0.926952,-0.056180,-0.355448,-0.085289,0.291353,-0.325847,0.176216,1.307525,0.066029,-0.267324,0.159253
-0.003485,0.653385,0.770372,-0.000556,-0.003633,-0.649133,0.760666,0.067810,0.086404,0.045640,1.127892,-0.184649,-0.060631,-0.389745,-0.020828,-0.140836,0.604716,-0.296476,-0.089508,-0.213129,0.056796,0.058065,-0.151329,0.262604,-0.223658,1.040506,-0.029349,-0.336629,-0.107633,0.250128,-0.309156,0.192371,1.262594,0.087237,-0.287458,0.138714
-0.005596,0.612661,0.781037,0.004719,-0.010175,-0.662007,0.749414,-0.045469,0.086503,0.095146,1.162916,-0.252309,-0.028639,-0.304756,-0.005621,-0.108773,0.554772,-0.311882,-0.091225,-0.162547,0.030036,0.053544,-0.117851,0.245052,-0.239542,1.124432,0.008674,-0.326701,-0.115853,0.206470,-0.292468,0.198615,1.193570,0.115989,-0.310844,0.131421
-0.007124,0.571568,0.790879,0.003901,-0.019629,-0.678216,0.734590,-0.126165,0.085972,0.145668,1.113178,-0.304847,-0.007827,-0.193515,0.007660,-0.081945,0.479142,-0.314954,-0.080419,-0.106225,0.009034,0.066223,-0.067048,0.233462,-0.254590,1.188248,0.033627,-0.314909,-0.124230,0.162638,-0.286746,0.212761,1.103482,0.128639,-0.334104,0.105187
-0.007977,0.530980,0.797979,0.002200,-0.026975,-0.694200,0.719273,-0.189040,0.088626,0.196078,0.988914,-0.321728,-0.000148,-0.087188,0.019213,-0.048425,0.405446,-0.311653,-0.059803,-0.053451,-0.008555,0.079556,-0.009889,0.226762,-0.263113,1.238707,0.042063,-0.296956,-0.145941,0.118473,-0.286398,0.230861,1.005807,0.131443,-0.349388,0.071245
-0.007606,0.491794,0.801118,-0.000681,-0.030391,-0.709523,0.704026,-0.238568,0.098712,0.245471,0.807381,-0.321388,0.004722,0.009224,0.030459,-0.009995,0.339076,-0.305560,-0.031992,-0.003613,-0.016887,0.092052,0.046267,0.225555,-0.270766,1.273526,0.054785,-0.283312,-0.163147,0.071397,-0.292512,0.244055,0.904043,0.144125,-0.362644,0.063045
-0.006528,0.452866,0.799928,-0.006634,-0.029268,-0.723927,0.689224,-0.272022,0.115025,0.287941,0.590110,-0.309997,-0.011735,0.100797,0.043934,0.020865,0.278285,-0.316826,-0.010534,0.041669,-0.010389,0.105530,0.104206,0.224897,-0.281017,1.292351,0.069310,-0.271457,-0.180821,0.027695,-0.309632,0.249617,0.800190,0.146787,-0.373470,0.048633
-0.005671,0.413738,0.794973,-0.014348,-0.027967,-0.736756,0.675427,-0.293275,0.123734,0.305997,0.359919,-0.280338,-0.038646,0.195438,0.055201,0.050830,0.222023,-0.327063,0.008109,0.082482,-0.001302,0.120382,0.161928,0.227092,-0.287748,1.301725,0.073328,-0.271341,-0.189577,-0.017552,-0.329319,0.255711,0.713270,0.162140,-0.382290,0.034298
-0.004011,0.374750,0.786650,-0.017453,-0.015707,-0.748932,0.662230,-0.347167,0.145075,0.313747,0.187741,-0.273441,-0.078299,0.254875,0.072059,0.079335,0.187774,-0.349792,0.052795,0.124474,0.016229,0.104183,0.202684,0.226504,-0.311122,1.342830,0.126990,-0.332222,-0.172810,-0.037932,-0.351047,0.249440,0.628740,0.214363,-0.419597,0.000850
-0.002553,0.334319,0.778203,-0.019318,-0.009425,-0.759723,0.649892,-0.388477,0.152775,0.291033,0.095737,-0.274811,-0.096136,0.311177,0.073077,0.116899,0.180198,-0.366795,0.078562,0.165662,0.022639,0.097335,0.240707,0.227137,-0.308625,1.352054,0.107029,-0.324838,-0.187063,-0.058379,-0.373122,0.243457,0.569754,0.237102,-0.429049,-0.014662
-0.001171,0.292520,0.770406,-0.020974,-0.008005,-0.768900,0.638974,-0.412267,0.164870,0.298559,0.116069,-0.285181,-0.084791,0.358464,0.065454,0.159907,0.209313,-0.375184,0.097475,0.206257,0.020453,0.097672,0.265464,0.236884,-0.309547,1.362872,0.112647,-0.330675,-0.201807,-0.070256,-0.384377,0.230584,0.538221,0.235036,-0.434038,-0.027589
0.001514,0.247857,0.763011,-0.017782,-0.012717,-0.772903,0.634147,-0.420974,0.143499,0.283731,0.208797,-0.302569,-0.064589,0.399405,0.039255,0.185020,0.262911,-0.360772,0.129992,0.232526,0.000744,0.094021,0.281353,0.248208,-0.310669,1.377829,0.096691,-0.336844,-0.212145,-0.063402,-0.382291,0.216528,0.535363,0.238061,-0.440217,-0.042701
0.005554,0.199964,0.757809,-0.006211,-0.015381,-0.777072,0.629193,-0.431638,0.100932,0.239739,0.292489,-0.241271,-0.036712,0.398609,-0.000002,0.184211,0.364339,-0.301761,0.163831,0.255228,-0.027687,0.060203,0.302569,0.253528,-0.298132,1.390162,0.092498,-0.332395,-0.218502,-0.030935,-0.378684,0.212249,0.556545,0.207750,-0.432002,-0.047207
0.009805,0.153304,0.756547,0.012720,-0.016434,-0.772793,0.634318,-0.466192,0.046105,0.212613,0.403857,-0.189925,0.017832,0.343327,-0.038573,0.145667,0.525564,-0.159970,0.202484,0.243941,-0.066770,0.014852,0.308914,0.254475,-0.290982,1.407730,0.080723,-0.327456,-0.204933,0.003541,-0.358909,0.215277,0.609381,0.193197,-0.427887,-0.059574
0.013271,0.108391,0.758662,0.020860,-0.022166,-0.766207,0.641873,-0.459324,-0.006577,0.190041,0.496315,-0.212277,0.074748,0.272892,-0.058053,0.121694,0.721924,0.013852,0.220490,0.224532,-0.094226,0.000169,0.288394,0.255256,-0.286198,1.420290,0.071644,-0.320998,-0.191525,0.030296,-0.333402,0.216850,0.694771,0.181172,-0.408263,-0.043604
0.017862,0.069041,0.763622,0.020541,-0.022542,-0.761867,0.647016,-0.419004,-0.037165,0.173170,0.529335,-0.254661,0.114929,0.160578,-0.100791,0.059949,0.939626,0.104220,0.184593,0.204097,-0.094073,0.001389,0.243151,0.249219,-0.295909,1.415084,0.049473,-0.313614,-0.191555,0.035286,-0.313014,0.235441,0.804551,0.197717,-0.383504,-0.015018
0.022609,0.032845,0.771615,0.017043,-0.021032,-0.756132,0.653859,-0.349755,-0.061688,0.154044,0.502352,-0.282184,0.127962,0.036507,-0.148029,-0.005101,1.100636,0.045310,0.115911,0.170738,-0.079945,0.006008,0.186296,0.240159,-0.299730,1.394284,0.034851,-0.314582,-0.190668,0.029595,-0.299140,0.266492,0.925345,0.179946,-0.356103,0.022012
0.026375,-0.003840,0.780647,0.011190,-0.017488,-0.746763,0.664766,-0.262845,-0.079863,0.123605,0.441574,-0.297127,0.129626,-0.075357,-0.180433,-0.067362,1.176176,-0.070052,0.047025,0.125172,-0.058402,0.005100,0.130367,0.238836,-0.293821,1.351864,0.042407,-0.328425,-0.165730,0.032156,-0.288514,0.294179,1.039461,0.141067,-0.341574,0.045942
0.028024,-0.039527,0.788848,0.000759,-0.015112,-0.730431,0.682818,-0.173209,-0.089554,0.078886,0.388516,-0.297649,0.117042,-0.156345,-0.173779,-0.120572,1.165241,-0.163077,0.014529,0.063497,-0.032069,0.019489,0.065901,0.234277,-0.258955,1.297537,0.058622,-0.307742,-0.172230,0.044635,-0.280124,0.307945,1.127769,0.089776,-0.318128,0.104770
0.027860,-0.074162,0.795113,-0.007760,-0.014123,-0.709789,0.704230,-0.084112,-0.093661,0.035754,0.330691,-0.296980,0.094246,-0.219799,-0.159035,-0.169399,1.076129,-0.223252,0.012197,-0.004696,-0.008135,0.032995,0.008759,0.237167,-0.248643,1.225488,0.047727,-0.298694,-0.161946,0.076682,-0.281526,0.308550,1.181562,0.074062,-0.297782,0.142436
0.027597,-0.108670,0.798399,-0.014711,-0.014892,-0.687919,0.725485,0.000933,-0.095978,-0.012779,0.279603,-0.298329,0.069095,-0.259431,-0.150062,-0.216444,0.913211,-0.250517,0.026056,-0.073044,0.011262,0.046931,-0.044062,0.245027,-0.251485,1.147081,0.024542,-0.311119,-0.140613,0.117197,-0.285853,0.300429,1.221478,0.084876,-0.289878,0.148654
0.027506,-0.143210,0.798448,-0.018238,-0.021738,-0.667110,0.744418,0.091940,-0.104628,-0.062149,0.226210,-0.302423,0.049157,-0.276918,-0.151272,-0.240724,0.697385,-0.247236,0.057588,-0.130868,0.014423,0.066259,-0.102104,0.261583,-0.264350,1.075124,0.011660,-0.335410,-0.123448,0.159008,-0.289378,0.285386,1.249816,0.091163,-0.284144,0.149174
0.027186,-0.178448,0.795160,-0.017977,-0.029444,-0.649856,0.759274,0.178720,-0.113886,-0.113098,0.179669,-0.310543,0.040503,-0.286762,-0.156737,-0.240679,0.453018,-0.228105,0.088914,-0.174260,0.008907,0.079248,-0.156726,0.274266,-0.264346,1.008058,0.008631,-0.350555,-0.108275,0.202770,-0.289825,0.261488,1.265725,0.086107,-0.280896,0.152231
0.026457,-0.213547,0.788516,-0.012653,-0.035291,-0.639638,0.767761,0.249016,-0.119733,-0.134712,0.146970,-0.344847,0.035015,-0.311968,-0.170958,-0.233423,0.233930,-0.202234,0.115467,-0.196291,-0.001290,0.078463,-0.205513,0.285742,-0.262784,0.946077,0.002862,-0.359529,-0.091033,0.244175,-0.288237,0.242266,1.280854,0.078174,-0.277889,0.156448
0.024381,-0.249328,0.779962,-0.005724,-0.037722,-0.636521,0.770315,0.303832,-0.121505,-0.147852,0.135423,-0.375643,0.029640,-0.353289,-0.180215,-0.241461,0.095429,-0.183656,0.135279,-0.201896,-0.011775,0.071534,-0.247650,0.299017,-0.250645,0.898417,0.011625,-0.357975,-0.037751,0.278906,-0.283602,0.234285,1.289935,0.068720,-0.272437,0.154716
0.022374,-0.285605,0.770637,-0.002376,-0.038957,-0.635169,0.771386,0.352181,-0.116586,-0.159961,0.146788,-0.411553,0.018853,-0.389151,-0.181156,-0.232705,0.061456,-0.173147,0.136180,-0.205853,-0.015719,0.068394,-0.275420,0.309015,-0.233874,0.849191,0.010641,-0.366762,-0.006493,0.305673,-0.281494,0.233898,1.293506,0.067310,-0.266436,0.156204
0.020581,-0.322467,0.762380,-0.001362,-0.041310,-0.635209,0.771234,0.392603,-0.110340,-0.165414,0.186263,-0.442401,0.007566,-0.417054,-0.190729,-0.241025,0.147845,-0.177224,0.121892,-0.213619,-0.017483,0.071065,-0.287747,0.310705,-0.205683,0.807476,0.011224,-0.377704,0.007722,0.316374,-0.282970,0.235407,1.296944,0.064950,-0.267855,0.156273
0.018583,-0.361475,0.756368,0.001569,-0.039529,-0.635796,0.770842,0.412090,-0.102747,-0.166832,0.250638,-0.447859,-0.009318,-0.444614,-0.205952,-0.260724,0.281492,-0.114422,0.084267,-0.223241,-0.014742,0.061949,-0.279149,0.293765,-0.175077,0.787565,-0.000079,-0.393602,0.008964,0.315570,-0.283060,0.230937,1.300869,0.060108,-0.270632,0.154439
0.015617,-0.402174,0.754911,-0.000957,-0.032116,-0.637675,0.769635,0.410428,-0.079807,-0.166609,0.351710,-0.413597,-0.036391,-0.466314,-0.185906,-0.232992,0.407341,-0.075757,0.056216,-0.232060,0.009946,0.040050,-0.261637,0.275087,-0.164479,0.819783,-0.011090,-0.330483,-0.014916,0.317491,-0.287745,0.209605,1.299483,0.047985,-0.255103,0.151396
0.012756,-0.444459,0.757317,-0.011756,-0.028633,-0.644759,0.763759,0.403533,-0.053381,-0.137171,0.493696,-0.321695,-0.085223,-0.440760,-0.135605,-0.210529,0.487400,-0.080539,0.036273,-0.232998,0.037835,0.032203,-0.224068,0.252376,-0.145188,0.870819,-0.003351,-0.342628,-0.028127,0.313222,-0.293248,0.194961,1.299542,0.032463,-0.257880,0.139965
0.008299,-0.483784,0.761715,-0.015151,-0.029945,-0.655668,0.754303,0.351754,-0.054817,-0.107807,0.673184,-0.179402,-0.127481,-0.399606,-0.104805,-0.199948,0.527372,-0.115561,-0.013708,-0.226378,0.045127,0.023749,-0.178262,0.220637,-0.143024,0.942314,-0.026214,-0.326377,-0.052784,0.298453,-0.293581,0.184307,1.282172,0.053405,-0.265313,0.139863
0.002743,-0.519037,0.767646,-0.014941,-0.030642,-0.659625,0.750821,0.241763,-0.039753,-0.073932,0.890867,-0.075857,-0.130510,-0.351237,-0.079223,-0.183973,0.534692,-0.151456,-0.058114,-0.230271,0.044918,0.016345,-0.155731,0.200893,-0.156241,1.040689,-0.037235,-0.289200,-0.095173,0.274316,-0.286596,0.170098,1.253884,0.064265,-0.271721,0.136610
-0.001919,-0.551450,0.774332,-0.010657,-0.035444,-0.666939,0.744193,0.128063,0.015026,0.025419,1.066435,-0.109430,-0.077015,-0.287364,-0.088930,-0.203264,0.520407,-0.160608,-0.084727,-0.223967,0.033477,0.015903,-0.152069,0.187435,-0.170870,1.161546,-0.026704,-0.239537,-0.137370,0.236539,-0.279398,0.155275,1.214258,0.079303,-0.278684,0.131263
-0.005856,-0.583662,0.781184,-0.008134,-0.040579,-0.678892,0.733071,0.034050,0.070126,0.121855,1.159539,-0.187251,-0.018744,-0.216174,-0.088070,-0.204701,0.484696,-0.180624,-0.092347,-0.209498,0.019313,0.025098,-0.137784,0.185262,-0.148463,1.241918,-0.041151,-0.211318,-0.161648,0.190435,-0.272111,0.151262,1.165815,0.090494,-0.285938,0.125508
-0.008456,-0.615580,0.787079,-0.010008,-0.048404,-0.700180,0.712253,-0.037411,0.099018,0.195869,1.184265,-0.258532,0.025209,-0.136539,-0.075159,-0.177662,0.438011,-0.198432,-0.083149,-0.172689,0.006790,0.042956,-0.099547,0.186244,-0.119759,1.291498,-0.078922,-0.201266,-0.174394,0.147015,-0.269013,0.157663,1.106717,0.103113,-0.299468,0.109811
-0.009909,-0.645347,0.791700,-0.011322,-0.051813,-0.718559,0.693441,-0.096895,0.110848,0.248365,1.118955,-0.295338,0.025125,-0.062496,-0.065424,-0.160547,0.380818,-0.201433,-0.064961,-0.140248,-0.003446,0.053294,-0.043193,0.190295,-0.104936,1.320385,-0.088888,-0.194072,-0.177497,0.113730,-0.267138,0.170381,1.034083,0.108022,-0.309200,0.095303
-0.012141,-0.673658,0.793740,-0.015241,-0.048059,-0.746744,0.663198,-0.155385,0.100552,0.253549,0.977751,-0.253314,0.017590,-0.007104,-0.038675,-0.117626,0.332270,-0.188285,-0.054952,-0.073396,0.003141,0.057841,0.003222,0.193532,-0.101954,1.349666,-0.074763,-0.189764,-0.183193,0.085942,-0.270820,0.177554,0.958324,0.099937,-0.325568,0.084444
-0.014138,-0.704764,0.793253,-0.018647,-0.043289,-0.761381,0.646589,-0.179751,0.118938,0.275473,0.773128,-0.206354,0.012273,0.068575,-0.024962,-0.106351,0.261249,-0.165805,-0.037628,-0.050209,0.011374,0.056816,0.057592,0.196170,-0.111420,1.360559,-0.061242,-0.189102,-0.188567,0.067805,-0.281757,0.189983,0.876655,0.095501,-0.338367,0.069527
-0.014923,-0.736159,0.790181,-0.021741,-0.040835,-0.773073,0.632628,-0.152422,0.141863,0.342581,0.470532,-0.156446,0.001560,0.141014,-0.021050,-0.092388,0.204710,-0.137272,-0.004053,-0.031367,0.014986,0.064317,0.104352,0.199670,-0.134306,1.357254,-0.042539,-0.182095,-0.196207,0.044213,-0.297743,0.202453,0.816924,0.115972,-0.315702,0.081917
-0.014652,-0.766044,0.783614,-0.021167,-0.035333,-0.781786,0.622185,-0.137126,0.154163,0.435235,0.193430,-0.111029,-0.014475,0.181039,-0.022598,-0.077784,0.190308,-0.119093,0.030224,-0.020309,0.021512,0.065396,0.149793,0.199798,-0.195505,1.343014,0.086590,-0.180952,-0.202328,0.009285,-0.358491,0.304616,0.798825,-0.110452,-0.255280,0.060570
