0.000000,0.000000,0.843584,0.022182,-0.005557,0.958130,0.285418,-0.059380,0.123819,0.202318,0.320336,-0.477140,0.110926,-0.184491,-0.115883,-0.100732,0.563816,-0.520453,0.009114,-0.068019,0.029778,0.182157,0.051447,0.383846,-0.244382,0.860854,0.123025,0.078442,-0.166886,-0.009295,-0.209023,0.220906,0.975766,0.032756,0.139426,0.029973
-0.004137,-0.000533,0.837875,0.013236,0.006526,0.965955,0.258288,-0.151675,0.089079,0.145679,0.434488,-0.544012,0.123977,-0.238664,-0.163544,-0.145205,0.641443,-0.589982,0.016311,-0.104926,0.006485,0.160643,-0.073519,0.354356,-0.250767,1.047729,0.102432,-0.042172,-0.143484,-0.078946,-0.200743,0.189873,1.165174,0.153493,-0.065485,0.064719
-0.007335,-0.000006,0.836219,0.006355,0.009262,0.966015,0.258242,-0.161969,0.088093,0.156185,0.431419,-0.558262,0.088566,-0.244070,-0.147366,-0.134664,0.590762,-0.562664,0.014099,-0.104377,-0.006960,0.130398,-0.088426,0.377685,-0.271582,1.068129,0.014590,-0.110062,-0.164929,-0.092221,-0.201560,0.227237,1.272610,0.176701,-0.116755,0.143410
-0.010563,0.000651,0.836933,0.003426,0.012968,0.965427,0.260327,-0.162615,0.080478,0.161644,0.427315,-0.554994,0.099410,-0.233352,-0.146032,-0.134328,0.540924,-0.521841,-0.015289,-0.086990,-0.017951,0.111506,-0.089610,0.378355,-0.261368,1.062537,-0.019917,-0.117271,-0.152318,-0.072766,-0.209809,0.254264,1.310588,0.132449,-0.110010,0.200602
-0.013568,0.002069,0.838048,0.001128,0.014814,0.964956,0.261991,-0.151746,0.076475,0.167081,0.403591,-0.547681,0.098059,-0.218021,-0.143430,-0.129979,0.512713,-0.520935,-0.028973,-0.070333,-0.025301,0.094778,-0.080492,0.381242,-0.242960,1.045964,-0.007083,-0.118982,-0.155373,-0.041413,-0.215158,0.269066,1.312290,0.091088,-0.103737,0.240289
-0.017318,0.003881,0.840550,0.002357,0.013722,0.965384,0.260460,-0.124850,0.073911,0.167238,0.364639,-0.532010,0.089926,-0.190865,-0.138991,-0.126757,0.472349,-0.511214,-0.029230,-0.064242,-0.026425,0.086635,-0.062580,0.376989,-0.225956,1.031318,0.002163,-0.122272,-0.153331,-0.010184,-0.217961,0.275622,1.307249,0.054384,-0.103497,0.251977
-0.019946,0.005816,0.843267,0.003819,0.011281,0.965829,0.258905,-0.091790,0.074674,0.167997,0.313338,-0.511079,0.077041,-0.151248,-0.134277,-0.141445,0.414160,-0.490752,-0.015874,-0.062394,-0.022525,0.080365,-0.037895,0.366703,-0.210715,1.020974,0.011873,-0.118958,-0.162498,0.020158,-0.221727,0.264272,1.297007,0.072648,-0.096582,0.260820
-0.022914,0.007127,0.845247,0.004185,0.009944,0.965840,0.258913,-0.055883,0.073009,0.173741,0.251603,-0.488098,0.063748,-0.115658,-0.129525,-0.147072,0.354043,-0.467963,-0.009004,-0.062430,-0.017300,0.068035,-0.007418,0.355527,-0.205979,1.018997,0.048818,-0.124566,-0.157887,0.052042,-0.230357,0.249269,1.273860,0.099136,-0.109014,0.261487
-0.024056,0.007172,0.848051,-0.003465,0.012073,0.965760,0.259131,-0.035593,0.065469,0.176164,0.172744,-0.437351,0.070311,-0.105153,-0.125645,-0.146172,0.298779,-0.428334,-0.035057,-0.068921,-0.009199,0.037465,-0.012461,0.296810,-0.183871,1.082549,0.164364,-0.171317,-0.135950,0.076535,-0.233618,0.228820,1.258081,0.080673,-0.189362,0.238197
-0.024745,0.008248,0.848511,-0.004542,0.013079,0.965624,0.259572,-0.009208,0.060702,0.181859,0.114440,-0.415606,0.066447,-0.087798,-0.124256,-0.148469,0.258434,-0.419304,-0.035600,-0.073313,-0.007599,0.030436,0.007067,0.280851,-0.193833,1.102666,0.161227,-0.169253,-0.157517,0.087366,-0.236830,0.219563,1.233822,0.089259,-0.192630,0.227287
-0.026045,0.008808,0.848045,-0.004495,0.012395,0.965748,0.259148,0.018478,0.058164,0.184436,0.060770,-0.396150,0.055554,-0.071283,-0.121248,-0.150173,0.232957,-0.418817,-0.033900,-0.080217,-0.002212,0.028062,0.022457,0.269753,-0.219688,1.127031,0.188073,-0.169385,-0.170972,0.090956,-0.239089,0.207630,1.215151,0.086611,-0.201936,0.213085
-0.027269,0.009581,0.847763,-0.003656,0.010853,0.966053,0.258089,0.042665,0.058438,0.185633,0.019455,-0.379463,0.045536,-0.046057,-0.116097,-0.154688,0.191983,-0.407673,-0.030980,-0.089360,0.003704,0.026399,0.032619,0.257548,-0.251137,1.162559,0.212756,-0.170576,-0.189544,0.088233,-0.237948,0.198766,1.204975,0.094577,-0.208189,0.201676
-0.027945,0.009923,0.847323,-0.003431,0.010049,0.966565,0.256202,0.052593,0.058419,0.186624,0.003747,-0.373274,0.038830,-0.028977,-0.113572,-0.160286,0.163009,-0.402392,-0.023366,-0.101934,0.008723,0.023021,0.038901,0.246595,-0.275851,1.201837,0.237723,-0.166212,-0.227804,0.079813,-0.236905,0.199697,1.198347,0.093033,-0.211396,0.198980
-0.028443,0.009675,0.847568,-0.002517,0.010642,0.967275,0.253495,0.052130,0.054962,0.177872,0.003827,-0.374206,0.046557,-0.013331,-0.116076,-0.165997,0.139046,-0.391442,-0.020712,-0.114851,0.010497,0.020540,0.041635,0.229377,-0.306825,1.246033,0.246500,-0.153687,-0.236456,0.067496,-0.230813,0.193114,1.193637,0.112773,-0.201666,0.193229
-0.028035,0.009753,0.847537,-0.003702,0.009562,0.967723,0.251808,0.043917,0.059194,0.174338,0.015070,-0.376442,0.044994,-0.009128,-0.111312,-0.166163,0.126353,-0.387217,-0.019623,-0.120158,0.016254,0.016487,0.038965,0.210817,-0.305816,1.296459,0.217881,-0.135286,-0.256184,0.056351,-0.225299,0.188777,1.191046,0.134132,-0.197804,0.201657
-0.027087,0.009638,0.847675,-0.004114,0.009297,0.967257,0.253595,0.041866,0.061344,0.180775,0.017867,-0.375873,0.043986,-0.009698,-0.109166,-0.166801,0.121463,-0.379571,-0.021884,-0.116651,0.019727,0.015337,0.041382,0.201236,-0.294047,1.319547,0.195468,-0.128649,-0.251813,0.047234,-0.223989,0.196504,1.182703,0.127862,-0.195226,0.201271
-0.026421,0.009663,0.848048,-0.003564,0.009122,0.966591,0.256135,0.043883,0.063081,0.187167,0.016415,-0.373392,0.044926,-0.005779,-0.106803,-0.164535,0.110871,-0.374464,-0.023665,-0.108025,0.021508,0.016336,0.047375,0.200668,-0.286248,1.314345,0.189642,-0.130114,-0.239387,0.041061,-0.218968,0.199879,1.173999,0.132802,-0.193899,0.201404
-0.025277,0.009973,0.848188,-0.003302,0.009309,0.965846,0.258930,0.044369,0.064627,0.193827,0.017404,-0.372164,0.043637,-0.006407,-0.104757,-0.160785,0.107131,-0.369851,-0.024858,-0.098211,0.021322,0.015435,0.049842,0.209957,-0.293373,1.296673,0.199102,-0.136227,-0.233972,0.034559,-0.214291,0.206477,1.166574,0.139749,-0.196408,0.209807
-0.024780,0.010096,0.848236,-0.003039,0.009010,0.965332,0.260850,0.045580,0.066446,0.197502,0.017553,-0.372098,0.042124,-0.007580,-0.103197,-0.158948,0.108069,-0.368114,-0.024438,-0.090980,0.023491,0.014057,0.050704,0.220939,-0.302973,1.274984,0.210587,-0.145120,-0.229017,0.030061,-0.212442,0.211496,1.156390,0.143069,-0.200534,0.224248
-0.024708,0.010533,0.848493,-0.001762,0.009458,0.965351,0.260777,0.047769,0.065278,0.195404,0.017916,-0.373695,0.047647,-0.006813,-0.104303,-0.157505,0.111749,-0.375266,-0.019931,-0.088347,0.020853,0.014164,0.051169,0.237685,-0.312630,1.245760,0.231679,-0.151897,-0.227908,0.027090,-0.210714,0.220837,1.145371,0.137624,-0.204240,0.235091
-0.024773,0.010799,0.848253,-0.000851,0.008820,0.965581,0.259950,0.050452,0.065999,0.195191,0.018200,-0.374393,0.045496,-0.006911,-0.103845,-0.158047,0.118434,-0.380167,-0.021348,-0.089651,0.019894,0.013888,0.049081,0.251745,-0.313735,1.223051,0.240739,-0.158555,-0.225315,0.023178,-0.209565,0.229289,1.136890,0.129131,-0.205816,0.242447
-0.024612,0.010960,0.848110,0.000688,0.008234,0.966152,0.257840,0.052719,0.066285,0.190530,0.018706,-0.376646,0.045362,-0.005272,-0.104179,-0.159871,0.123720,-0.385314,-0.019398,-0.091757,0.019919,0.015117,0.042606,0.259828,-0.307828,1.208661,0.229698,-0.159004,-0.222824,0.020634,-0.210878,0.235763,1.131147,0.125902,-0.203128,0.242671
-0.024428,0.010779,0.848072,0.001930,0.007915,0.966479,0.256618,0.052094,0.065775,0.185465,0.023168,-0.377862,0.047730,-0.008160,-0.105795,-0.160955,0.138037,-0.390397,-0.020894,-0.092111,0.017720,0.015996,0.032922,0.267118,-0.293858,1.199623,0.224766,-0.162103,-0.223242,0.016745,-0.210397,0.240707,1.133020,0.103809,-0.209914,0.240883
-0.024208,0.010529,0.848039,0.002704,0.007931,0.966770,0.255509,0.049622,0.065377,0.182879,0.029741,-0.381000,0.049697,-0.010716,-0.107349,-0.161614,0.147284,-0.394861,-0.021755,-0.092922,0.016381,0.016254,0.022033,0.271130,-0.286537,1.194428,0.218793,-0.160231,-0.214877,0.012173,-0.209932,0.239758,1.138814,0.098225,-0.208667,0.237113
-0.023945,0.010040,0.848161,0.004210,0.007644,0.966959,0.254783,0.050185,0.064802,0.182089,0.034657,-0.383484,0.050258,-0.009902,-0.108892,-0.162187,0.152562,-0.397851,-0.021924,-0.091574,0.015091,0.019255,0.009422,0.277217,-0.285027,1.187854,0.226548,-0.161330,-0.208876,0.007540,-0.210102,0.234460,1.149161,0.093489,-0.202738,0.235010
-0.023952,0.009672,0.847958,0.004342,0.007881,0.966933,0.254871,0.048323,0.063878,0.179454,0.037673,-0.384978,0.052668,-0.012246,-0.110193,-0.161729,0.156873,-0.399077,-0.022929,-0.089435,0.013916,0.018791,-0.001835,0.278435,-0.274875,1.184362,0.220548,-0.164983,-0.205158,0.005329,-0.210235,0.227930,1.160484,0.096845,-0.203543,0.230523
-0.024201,0.009224,0.847941,0.005073,0.007720,0.966907,0.254961,0.050482,0.063014,0.180066,0.037130,-0.385568,0.052333,-0.011058,-0.111390,-0.162126,0.158327,-0.400969,-0.024416,-0.088316,0.014216,0.019111,-0.009525,0.279919,-0.267587,1.177796,0.216974,-0.165978,-0.208077,0.004787,-0.213577,0.224600,1.169258,0.094922,-0.203057,0.229406
-0.024171,0.008850,0.848152,0.004920,0.008516,0.966871,0.255076,0.048594,0.060664,0.179755,0.038549,-0.385534,0.056401,-0.013233,-0.113785,-0.160459,0.160451,-0.399695,-0.025350,-0.087369,0.012823,0.018036,-0.014706,0.277504,-0.262382,1.170188,0.206695,-0.166560,-0.202333,0.006410,-0.217682,0.223363,1.173650,0.098134,-0.201382,0.232414
-0.024687,0.008190,0.847879,0.003819,0.008238,0.966749,0.255566,0.047828,0.060719,0.181126,0.036744,-0.385334,0.055119,-0.014499,-0.114107,-0.161576,0.159681,-0.394724,-0.026853,-0.087026,0.016454,0.016240,-0.018086,0.274374,-0.262064,1.162887,0.209148,-0.168845,-0.196335,0.010727,-0.226029,0.220726,1.173582,0.096489,-0.204536,0.230388
-0.025158,0.007911,0.847831,0.003928,0.007370,0.966714,0.255721,0.050864,0.061625,0.181016,0.033272,-0.385763,0.053422,-0.008675,-0.112507,-0.163831,0.150086,-0.392000,-0.027829,-0.088243,0.021036,0.016793,-0.019438,0.271172,-0.260719,1.157941,0.206288,-0.164114,-0.201658,0.014793,-0.232289,0.207639,1.176356,0.110198,-0.199338,0.225315
-0.025614,0.007612,0.847795,0.003569,0.006909,0.966787,0.255464,0.050670,0.062032,0.179070,0.032371,-0.385346,0.053095,-0.006553,-0.110742,-0.162782,0.144663,-0.391335,-0.026771,-0.090642,0.024614,0.017286,-0.020874,0.268306,-0.262904,1.155838,0.215362,-0.158513,-0.203607,0.018751,-0.240334,0.195829,1.178369,0.108662,-0.199265,0.226194
-0.025972,0.007350,0.847716,0.003368,0.007040,0.966721,0.255714,0.051735,0.060891,0.178964,0.030048,-0.385999,0.054155,-0.005652,-0.111987,-0.164041,0.142010,-0.388243,-0.027820,-0.091856,0.025515,0.018438,-0.021441,0.264779,-0.263620,1.158736,0.215551,-0.160362,-0.198693,0.021037,-0.246189,0.185472,1.184932,0.111174,-0.198054,0.218210
-0.026576,0.007190,0.847948,0.003188,0.007611,0.966502,0.256525,0.052408,0.059021,0.181724,0.028516,-0.386615,0.058386,-0.006435,-0.113543,-0.162443,0.142268,-0.391769,-0.025875,-0.092090,0.026071,0.017594,-0.019796,0.261331,-0.267634,1.163522,0.218958,-0.161056,-0.198708,0.025060,-0.249829,0.172433,1.193386,0.126416,-0.198852,0.212098
-0.027038,0.006915,0.847841,0.002535,0.007892,0.966366,0.257038,0.051349,0.058384,0.181674,0.027967,-0.387637,0.061065,-0.008788,-0.114837,-0.162474,0.144246,-0.388040,-0.025960,-0.092610,0.026621,0.017372,-0.018331,0.259980,-0.274821,1.168630,0.226182,-0.162889,-0.200012,0.027470,-0.254393,0.165976,1.201182,0.127037,-0.198283,0.205999
-0.027307,0.006674,0.847886,0.001904,0.007771,0.966287,0.257342,0.050704,0.058228,0.183703,0.028862,-0.388119,0.059165,-0.011928,-0.114536,-0.160964,0.147952,-0.393413,-0.026881,-0.093324,0.027400,0.015020,-0.016462,0.258714,-0.277169,1.179223,0.229919,-0.162027,-0.206252,0.029665,-0.259552,0.164268,1.211505,0.123646,-0.194954,0.203591
-0.028183,0.006455,0.847625,0.000997,0.008068,0.966242,0.257508,0.048519,0.057590,0.182703,0.030241,-0.389486,0.060471,-0.014057,-0.115860,-0.160914,0.149916,-0.390439,-0.027799,-0.093379,0.027530,0.012316,-0.014974,0.256563,-0.283709,1.192117,0.232397,-0.161460,-0.206328,0.031050,-0.261404,0.163302,1.220461,0.122119,-0.194078,0.200785
-0.028715,0.006595,0.847520,0.000780,0.007086,0.966327,0.257220,0.049217,0.059735,0.183596,0.031649,-0.389953,0.054076,-0.010035,-0.113449,-0.162341,0.142839,-0.392902,-0.027076,-0.094479,0.030203,0.011799,-0.011310,0.256747,-0.286488,1.202499,0.237241,-0.160446,-0.211471,0.033844,-0.263679,0.160985,1.225136,0.126648,-0.194120,0.202567
-0.029363,0.006749,0.847477,0.000765,0.006609,0.966218,0.257641,0.051602,0.060199,0.184613,0.029313,-0.389827,0.051753,-0.007119,-0.112113,-0.162934,0.138934,-0.393187,-0.026776,-0.093496,0.031983,0.011425,-0.006424,0.254568,-0.288351,1.212255,0.244984,-0.159509,-0.205821,0.036633,-0.265426,0.158730,1.227943,0.125170,-0.192948,0.202928
-0.030105,0.006781,0.847485,0.000735,0.007259,0.966211,0.257650,0.052637,0.058338,0.183637,0.026946,-0.390454,0.058757,-0.004531,-0.113474,-0.162059,0.133420,-0.392260,-0.025459,-0.092800,0.031481,0.010813,-0.005097,0.254481,-0.288183,1.222600,0.245126,-0.157851,-0.217785,0.039943,-0.266562,0.160812,1.226702,0.117863,-0.194772,0.206170
-0.030572,0.007069,0.847440,0.001159,0.006250,0.966017,0.258402,0.058503,0.060033,0.186181,0.022161,-0.389523,0.053833,-0.000840,-0.111092,-0.161620,0.130934,-0.391823,-0.026529,-0.092286,0.033670,0.011366,0.000219,0.256388,-0.292175,1.227740,0.257269,-0.154224,-0.220311,0.041337,-0.266938,0.159487,1.225564,0.114603,-0.192729,0.209372
-0.030884,0.007005,0.847286,0.000356,0.006348,0.966054,0.258261,0.056509,0.060038,0.186074,0.022854,-0.389280,0.054111,-0.003109,-0.110832,-0.160301,0.132339,-0.392996,-0.027919,-0.092766,0.034183,0.008815,0.003610,0.257476,-0.296515,1.233362,0.264864,-0.151130,-0.218707,0.042325,-0.265729,0.158237,1.223364,0.113234,-0.190779,0.209843
-0.031098,0.007063,0.847366,0.000157,0.006571,0.965990,0.258494,0.055756,0.059877,0.185941,0.023495,-0.391119,0.056436,-0.004015,-0.111660,-0.161007,0.133635,-0.393196,-0.026758,-0.092384,0.033742,0.008072,0.005299,0.258252,-0.295245,1.239707,0.261066,-0.150315,-0.220660,0.041948,-0.263056,0.155104,1.220623,0.114993,-0.192292,0.210043
-0.030782,0.007226,0.847363,0.000422,0.006349,0.965806,0.259186,0.056459,0.060709,0.187809,0.024719,-0.390360,0.053173,-0.005021,-0.110821,-0.158544,0.136153,-0.394103,-0.026659,-0.091808,0.033884,0.008749,0.006167,0.258616,-0.294872,1.246694,0.257442,-0.146503,-0.220756,0.040331,-0.260824,0.156662,1.216619,0.118157,-0.189127,0.207141
-0.030991,0.006987,0.847155,0.000054,0.006709,0.965834,0.259075,0.053904,0.059961,0.187922,0.027185,-0.393048,0.055888,-0.009452,-0.112351,-0.158963,0.143552,-0.397341,-0.026844,-0.091903,0.033625,0.008041,0.005268,0.259174,-0.293885,1.250352,0.258953,-0.146144,-0.224707,0.038821,-0.258307,0.157132,1.211657,0.114741,-0.191172,0.208213
-0.030891,0.006880,0.847429,0.000585,0.007432,0.965777,0.259266,0.053085,0.058041,0.186081,0.030780,-0.395072,0.061868,-0.010320,-0.114876,-0.158479,0.146390,-0.399231,-0.025915,-0.092035,0.032451,0.008040,0.005813,0.259374,-0.294981,1.250807,0.264391,-0.146361,-0.224098,0.037899,-0.255391,0.156635,1.206034,0.116729,-0.193529,0.207625
-0.030716,0.006800,0.847217,0.000299,0.007223,0.965700,0.259560,0.051561,0.058823,0.188977,0.033786,-0.395798,0.056548,-0.013427,-0.113918,-0.155857,0.150940,-0.399863,-0.026230,-0.090918,0.032675,0.008413,0.003942,0.260284,-0.298968,1.248878,0.268686,-0.145388,-0.219009,0.036995,-0.252081,0.158884,1.198446,0.118333,-0.193873,0.204186
-0.030970,0.006695,0.847397,0.000484,0.008128,0.965630,0.259793,0.051937,0.056446,0.185837,0.029955,-0.395884,0.065757,-0.013614,-0.116321,-0.155897,0.150741,-0.398810,-0.025432,-0.089527,0.030928,0.007633,0.001719,0.258424,-0.289260,1.247139,0.248474,-0.146225,-0.223258,0.036433,-0.249897,0.162605,1.192525,0.120312,-0.195576,0.206390
-0.030865,0.006732,0.847492,0.000772,0.008148,0.965668,0.259650,0.053705,0.055574,0.185563,0.027959,-0.394453,0.064737,-0.012280,-0.116664,-0.156375,0.149621,-0.398724,-0.024627,-0.089528,0.029961,0.007797,0.001804,0.259476,-0.292661,1.239581,0.254877,-0.149135,-0.222651,0.034360,-0.247957,0.163735,1.189058,0.118069,-0.195428,0.206244
-0.030845,0.006598,0.847391,0.000145,0.008330,0.965783,0.259218,0.051778,0.055526,0.184716,0.028562,-0.393879,0.064675,-0.013213,-0.116637,-0.156188,0.148446,-0.399007,-0.026259,-0.089454,0.028576,0.006295,-0.001507,0.259717,-0.285002,1.234581,0.248022,-0.152173,-0.226279,0.032616,-0.244905,0.165684,1.186937,0.114810,-0.198553,0.207046
-0.030995,0.006513,0.847269,-0.000263,0.007649,0.966061,0.258201,0.051547,0.057087,0.185217,0.028388,-0.393927,0.058851,-0.011978,-0.115725,-0.159699,0.146546,-0.398944,-0.027657,-0.090162,0.029858,0.006565,-0.003408,0.258633,-0.281302,1.226398,0.243526,-0.153007,-0.227496,0.030929,-0.243250,0.165951,1.185778,0.119592,-0.200249,0.210167
-0.030765,0.006473,0.847220,-0.000737,0.007417,0.966244,0.257520,0.049048,0.057797,0.186512,0.031398,-0.392931,0.054041,-0.012186,-0.114587,-0.159568,0.144904,-0.397028,-0.027653,-0.090617,0.029681,0.006726,-0.005828,0.259025,-0.283772,1.218058,0.251531,-0.155233,-0.221803,0.027761,-0.240715,0.165290,1.187567,0.122140,-0.199964,0.207795
-0.030828,0.006285,0.847220,-0.001378,0.007376,0.966288,0.257354,0.047350,0.058101,0.184986,0.031173,-0.392773,0.054753,-0.013661,-0.114909,-0.161659,0.145377,-0.396840,-0.028015,-0.089794,0.029051,0.005360,-0.008028,0.258402,-0.283557,1.211626,0.248971,-0.156626,-0.216981,0.027378,-0.239618,0.168475,1.188109,0.124988,-0.199309,0.205458
-0.030843,0.006232,0.847376,-0.000962,0.007905,0.966277,0.257382,0.047406,0.056420,0.182120,0.030862,-0.395024,0.060573,-0.013039,-0.116572,-0.161103,0.145341,-0.397321,-0.027688,-0.089005,0.027565,0.005451,-0.009789,0.257061,-0.281937,1.206416,0.247260,-0.156966,-0.218462,0.027280,-0.239544,0.170134,1.188492,0.125230,-0.198363,0.204047
-0.030830,0.006189,0.847408,-0.000851,0.008395,0.966383,0.256967,0.046966,0.054877,0.182007,0.031278,-0.393827,0.062871,-0.013583,-0.117811,-0.161015,0.146672,-0.397396,-0.028089,-0.089022,0.026288,0.005151,-0.011657,0.256644,-0.280529,1.202240,0.247961,-0.160693,-0.221675,0.027351,-0.240145,0.171210,1.188262,0.124834,-0.198215,0.203444
-0.030822,0.006047,0.847467,-0.001242,0.008592,0.966453,0.256698,0.046049,0.054494,0.179741,0.029825,-0.393876,0.065449,-0.014458,-0.118381,-0.162015,0.145438,-0.396921,-0.025947,-0.089390,0.026236,0.004905,-0.013386,0.256240,-0.281574,1.198634,0.245990,-0.161409,-0.225550,0.027666,-0.241567,0.172965,1.186947,0.126291,-0.197220,0.204300
-0.030895,0.005910,0.847219,-0.001502,0.007698,0.966551,0.256355,0.045710,0.056224,0.180539,0.031465,-0.393490,0.058023,-0.014907,-0.116557,-0.161886,0.147395,-0.397344,-0.028229,-0.090034,0.027361,0.005824,-0.014562,0.256897,-0.280578,1.196104,0.247639,-0.163280,-0.223897,0.026799,-0.242112,0.171941,1.188364,0.121645,-0.199021,0.202453
-0.031012,0.005831,0.847120,-0.001867,0.007450,0.966610,0.256135,0.044433,0.057043,0.179949,0.032700,-0.394307,0.056554,-0.015728,-0.116167,-0.163272,0.148420,-0.398354,-0.028710,-0.090807,0.028117,0.005752,-0.015247,0.255890,-0.278263,1.196126,0.244761,-0.162864,-0.223564,0.027047,-0.242326,0.170175,1.188974,0.123899,-0.200770,0.202140
-0.030986,0.005901,0.847239,-0.001900,0.007366,0.966617,0.256113,0.044705,0.057369,0.181619,0.032803,-0.394015,0.056029,-0.015782,-0.116067,-0.163564,0.148968,-0.398456,-0.028758,-0.090707,0.028317,0.005863,-0.015654,0.255322,-0.278287,1.198008,0.243595,-0.161614,-0.222855,0.027629,-0.242879,0.168720,1.190073,0.124568,-0.201995,0.201992
-0.031069,0.005821,0.847064,-0.001702,0.007703,0.966507,0.256519,0.043748,0.056554,0.181153,0.035450,-0.395407,0.056348,-0.016476,-0.116638,-0.160874,0.149226,-0.399171,-0.027675,-0.089996,0.027147,0.006323,-0.016077,0.256811,-0.279516,1.200801,0.247849,-0.160778,-0.223565,0.028000,-0.242878,0.167965,1.191330,0.122864,-0.201045,0.200559
-0.031229,0.005794,0.847355,-0.001456,0.008591,0.966318,0.257204,0.043263,0.054376,0.178137,0.035466,-0.397789,0.064937,-0.018420,-0.119218,-0.160087,0.153917,-0.401713,-0.028689,-0.088501,0.025407,0.006119,-0.015018,0.257215,-0.279271,1.202675,0.249438,-0.159354,-0.222646,0.029254,-0.243790,0.168771,1.193468,0.123370,-0.201113,0.203242
-0.031203,0.005885,0.847416,-0.001335,0.008644,0.966431,0.256777,0.042477,0.054232,0.180459,0.039028,-0.397750,0.063056,-0.019079,-0.119701,-0.159909,0.156715,-0.402523,-0.029635,-0.089411,0.025143,0.006436,-0.013283,0.258469,-0.281350,1.204404,0.249862,-0.158996,-0.221267,0.030098,-0.244101,0.169783,1.196714,0.126060,-0.199890,0.201720
-0.031383,0.005858,0.847070,-0.001629,0.008111,0.966346,0.257111,0.042198,0.055800,0.181195,0.040210,-0.399005,0.058122,-0.020015,-0.118432,-0.160288,0.157759,-0.403922,-0.029100,-0.088277,0.026139,0.007622,-0.012179,0.258679,-0.280099,1.207682,0.248676,-0.157460,-0.218523,0.029318,-0.244435,0.169051,1.199260,0.123113,-0.197731,0.202153
-0.031695,0.006033,0.847324,-0.001285,0.008453,0.966339,0.257130,0.043593,0.054916,0.178897,0.037816,-0.399744,0.063866,-0.018718,-0.119648,-0.160703,0.157647,-0.404332,-0.029319,-0.088108,0.026113,0.007192,-0.009994,0.258208,-0.280939,1.211942,0.251466,-0.157708,-0.221251,0.031024,-0.245179,0.167171,1.200808,0.124095,-0.196432,0.203864
-0.031889,0.006179,0.847123,-0.001614,0.007813,0.966497,0.256555,0.043364,0.056344,0.179720,0.039026,-0.398845,0.058781,-0.018380,-0.118209,-0.161397,0.158233,-0.404293,-0.030115,-0.089178,0.027336,0.007160,-0.006834,0.258854,-0.282376,1.214172,0.252921,-0.159718,-0.221281,0.032341,-0.245327,0.166255,1.202504,0.123831,-0.198392,0.206045
-0.032522,0.006461,0.846979,-0.001452,0.007595,0.966665,0.255929,0.046009,0.056449,0.180088,0.036411,-0.398694,0.056931,-0.014189,-0.117374,-0.162800,0.151341,-0.403129,-0.027025,-0.090619,0.027835,0.007604,-0.004231,0.259616,-0.280230,1.217041,0.252575,-0.158273,-0.225955,0.033558,-0.246187,0.167296,1.202172,0.119818,-0.196962,0.207752
-0.032741,0.006801,0.847135,-0.001030,0.007160,0.966750,0.255621,0.047904,0.057232,0.179597,0.036148,-0.398060,0.055942,-0.011132,-0.116311,-0.163509,0.150195,-0.402253,-0.029339,-0.090995,0.028328,0.008546,-0.002197,0.259643,-0.278369,1.220363,0.249580,-0.155855,-0.227933,0.035238,-0.245958,0.168551,1.201788,0.119198,-0.195904,0.207834
-0.032964,0.007018,0.847102,-0.000893,0.007051,0.966790,0.255474,0.049223,0.057403,0.180067,0.034938,-0.397627,0.054866,-0.008731,-0.116094,-0.164811,0.147572,-0.401751,-0.029121,-0.090859,0.028679,0.009156,-0.001159,0.260203,-0.279005,1.223955,0.252555,-0.154416,-0.228904,0.035346,-0.245875,0.168429,1.202715,0.119349,-0.195906,0.208389
-0.033331,0.007176,0.847199,-0.000526,0.006921,0.966960,0.254834,0.050867,0.057292,0.179151,0.033588,-0.397300,0.055787,-0.004861,-0.115968,-0.166230,0.142677,-0.400871,-0.029517,-0.091337,0.028796,0.009950,-0.000608,0.260401,-0.278873,1.227288,0.251334,-0.153860,-0.229135,0.035335,-0.245579,0.168273,1.203137,0.121054,-0.194886,0.209275
-0.033258,0.007368,0.847446,-0.000647,0.007544,0.966987,0.254713,0.049446,0.055976,0.178887,0.034731,-0.397564,0.060588,-0.005925,-0.116860,-0.165133,0.144177,-0.400711,-0.030187,-0.091288,0.027362,0.009695,0.000227,0.260261,-0.278596,1.228056,0.250233,-0.153461,-0.229918,0.034691,-0.245000,0.169913,1.203262,0.120345,-0.196815,0.211443
-0.033219,0.007441,0.847365,-0.000982,0.007635,0.967037,0.254520,0.048754,0.056033,0.177941,0.035098,-0.397614,0.059813,-0.006587,-0.116794,-0.165605,0.143476,-0.400590,-0.029160,-0.091285,0.027215,0.009453,0.000832,0.260936,-0.278110,1.227619,0.248753,-0.153676,-0.230243,0.033815,-0.244514,0.170840,1.202847,0.121945,-0.197970,0.210666
-0.033316,0.007525,0.847327,-0.001224,0.007275,0.967027,0.254567,0.049176,0.057245,0.177746,0.033438,-0.397181,0.057429,-0.006299,-0.115896,-0.166994,0.143287,-0.400192,-0.029603,-0.090892,0.027290,0.010335,0.001841,0.261807,-0.278064,1.225230,0.246569,-0.153451,-0.229058,0.032715,-0.243477,0.172110,1.201437,0.125558,-0.199138,0.208697
-0.033268,0.007747,0.847311,-0.001350,0.007197,0.967095,0.254311,0.049195,0.057550,0.177544,0.032887,-0.396311,0.057749,-0.005810,-0.115432,-0.167698,0.142617,-0.400189,-0.029378,-0.091161,0.027845,0.009978,0.003420,0.261375,-0.278592,1.222906,0.245121,-0.152752,-0.227682,0.032479,-0.243982,0.173398,1.198191,0.130141,-0.197943,0.209143
-0.033359,0.007885,0.847272,-0.001581,0.007206,0.967124,0.254199,0.049738,0.057624,0.177406,0.030921,-0.395288,0.055415,-0.005840,-0.115329,-0.168416,0.142131,-0.401140,-0.028896,-0.090585,0.027116,0.010335,0.002218,0.262054,-0.277767,1.222420,0.247805,-0.154201,-0.225964,0.031587,-0.243096,0.174822,1.195860,0.130418,-0.199387,0.206688
-0.033427,0.008046,0.847251,-0.001865,0.007340,0.967074,0.254382,0.049141,0.057757,0.176823,0.031317,-0.395103,0.055960,-0.007675,-0.115459,-0.167791,0.144880,-0.402159,-0.029635,-0.089795,0.025847,0.009209,0.000891,0.261404,-0.279821,1.223386,0.245038,-0.153724,-0.224322,0.030394,-0.242516,0.177476,1.195331,0.131233,-0.199957,0.205534
-0.033496,0.008204,0.847160,-0.001714,0.007448,0.967110,0.254245,0.050231,0.057366,0.176882,0.030085,-0.395241,0.055809,-0.007211,-0.115717,-0.168230,0.144980,-0.402069,-0.028220,-0.089367,0.025584,0.008430,0.000188,0.260064,-0.281785,1.223173,0.239550,-0.153921,-0.222262,0.029529,-0.243251,0.180625,1.195328,0.131243,-0.197086,0.206365
-0.033496,0.008425,0.847251,-0.001351,0.007452,0.967093,0.254311,0.051185,0.057550,0.178359,0.030594,-0.395637,0.055759,-0.006699,-0.115230,-0.167234,0.146043,-0.402184,-0.028628,-0.087452,0.024942,0.008926,0.000050,0.260181,-0.284300,1.219610,0.240653,-0.154669,-0.219002,0.030221,-0.242978,0.178543,1.193139,0.132819,-0.197203,0.206353
-0.033314,0.008555,0.847343,-0.001107,0.008181,0.967136,0.254126,0.050887,0.055912,0.177174,0.029612,-0.395712,0.060396,-0.007719,-0.117319,-0.168104,0.148267,-0.403906,-0.027493,-0.085297,0.022546,0.009569,-0.001371,0.261133,-0.285125,1.216137,0.243807,-0.156325,-0.217692,0.031146,-0.242389,0.179275,1.190287,0.131789,-0.199558,0.203182
-0.033284,0.008619,0.847243,-0.001068,0.008065,0.967138,0.254122,0.051417,0.056295,0.177445,0.029845,-0.395801,0.057819,-0.008012,-0.117129,-0.168583,0.148195,-0.404375,-0.025647,-0.083221,0.023182,0.010013,-0.001216,0.260585,-0.286913,1.212457,0.246013,-0.158061,-0.215245,0.032248,-0.243315,0.179512,1.188751,0.126640,-0.200885,0.199212
-0.033226,0.008835,0.847322,-0.001171,0.007938,0.967162,0.254032,0.050460,0.057068,0.177749,0.031710,-0.395881,0.056873,-0.008445,-0.116319,-0.167739,0.149704,-0.403973,-0.026818,-0.081374,0.023080,0.010132,-0.002095,0.259335,-0.290093,1.210390,0.250115,-0.158309,-0.214196,0.033259,-0.242929,0.180506,1.188020,0.125608,-0.201185,0.200068
-0.033441,0.009133,0.847426,-0.000555,0.008295,0.967162,0.254026,0.052849,0.055955,0.175533,0.028490,-0.396144,0.062686,-0.006250,-0.117134,-0.167669,0.148687,-0.404509,-0.026814,-0.079668,0.022036,0.009657,-0.001918,0.257684,-0.290044,1.209832,0.245987,-0.158846,-0.214704,0.034784,-0.242341,0.181218,1.188992,0.130809,-0.201181,0.201508
-0.033567,0.009376,0.847505,0.000464,0.008446,0.967183,0.253941,0.055835,0.055093,0.175284,0.027547,-0.396414,0.063245,-0.002455,-0.117831,-0.168580,0.146068,-0.404008,-0.024953,-0.078698,0.020460,0.009545,-0.001347,0.257001,-0.288227,1.210266,0.243775,-0.161325,-0.216277,0.034959,-0.241478,0.180989,1.192197,0.130364,-0.200840,0.203875
-0.033512,0.009587,0.847488,0.000463,0.008458,0.967411,0.253069,0.054816,0.055224,0.172507,0.028241,-0.396205,0.064322,-0.002005,-0.117142,-0.168151,0.145877,-0.403818,-0.025423,-0.078769,0.019608,0.008018,-0.001894,0.254813,-0.287215,1.211671,0.239454,-0.163065,-0.214619,0.036177,-0.241056,0.180791,1.193320,0.132685,-0.201019,0.205968
-0.033582,0.009767,0.847455,0.000378,0.008262,0.967462,0.252883,0.054407,0.056132,0.172279,0.029233,-0.397050,0.064783,-0.001923,-0.117129,-0.170326,0.146724,-0.405092,-0.027059,-0.078627,0.019239,0.007137,-0.001745,0.253391,-0.285059,1.211679,0.241068,-0.162090,-0.213029,0.037385,-0.241655,0.181586,1.192559,0.128706,-0.199962,0.207118
-0.033757,0.009945,0.847485,0.000710,0.008183,0.967465,0.252873,0.055169,0.056207,0.173004,0.030371,-0.397633,0.064194,-0.000829,-0.116926,-0.170197,0.146749,-0.404457,-0.026558,-0.078323,0.018820,0.007066,0.000510,0.251259,-0.283218,1.209390,0.238764,-0.160551,-0.205489,0.040339,-0.242225,0.183580,1.189104,0.130125,-0.200006,0.205054
-0.033740,0.010140,0.847540,0.001061,0.008133,0.967678,0.252057,0.055047,0.056483,0.173683,0.032478,-0.397991,0.063458,0.000836,-0.116223,-0.169470,0.145495,-0.403474,-0.025439,-0.080303,0.018245,0.007586,0.002544,0.250229,-0.283234,1.206301,0.234718,-0.160894,-0.199782,0.042127,-0.242176,0.186806,1.187460,0.134214,-0.201343,0.202941
-0.033882,0.010211,0.847515,0.001591,0.007942,0.967486,0.252794,0.057233,0.056610,0.173956,0.031825,-0.399113,0.063585,0.002216,-0.116665,-0.169942,0.145858,-0.404495,-0.026326,-0.080381,0.018196,0.008380,0.004236,0.250627,-0.282581,1.204504,0.237130,-0.162305,-0.200512,0.042304,-0.242233,0.187760,1.188668,0.134426,-0.203757,0.201514
-0.033878,0.010354,0.847524,0.001949,0.007793,0.967422,0.253043,0.057984,0.057012,0.173862,0.032025,-0.399257,0.063736,0.002265,-0.115796,-0.168226,0.147405,-0.405552,-0.027342,-0.080702,0.017767,0.008681,0.004877,0.251371,-0.283912,1.204700,0.240046,-0.161494,-0.204250,0.043743,-0.241971,0.188809,1.187610,0.128775,-0.203529,0.201251
-0.033779,0.010460,0.847510,0.002031,0.007645,0.967410,0.253091,0.057712,0.057648,0.173136,0.032810,-0.399852,0.063786,0.002226,-0.115400,-0.168715,0.147895,-0.406135,-0.027480,-0.081247,0.018369,0.008287,0.005590,0.250999,-0.285639,1.206566,0.238346,-0.161121,-0.204605,0.045772,-0.242836,0.189120,1.187211,0.127297,-0.203423,0.203056
-0.033771,0.010616,0.847460,0.002285,0.007601,0.967193,0.253920,0.058102,0.058123,0.174528,0.034750,-0.401724,0.063736,0.002833,-0.114786,-0.166594,0.147398,-0.405622,-0.027833,-0.081527,0.018209,0.008545,0.006446,0.251296,-0.284480,1.208661,0.240115,-0.161801,-0.206261,0.045502,-0.242550,0.188240,1.189125,0.126020,-0.203928,0.204819
-0.033616,0.010725,0.847480,0.002106,0.007548,0.967219,0.253822,0.054817,0.059127,0.173937,0.040015,-0.403449,0.064991,0.002195,-0.114263,-0.167573,0.147636,-0.406292,-0.028268,-0.081533,0.018539,0.008266,0.007794,0.250626,-0.284152,1.208479,0.238326,-0.160729,-0.204323,0.046309,-0.242284,0.186242,1.190283,0.126977,-0.204179,0.205363
-0.033004,0.010712,0.847628,0.002098,0.007742,0.967162,0.254033,0.049033,0.059897,0.174027,0.051117,-0.406932,0.065778,-0.000270,-0.114459,-0.167359,0.149571,-0.405263,-0.026808,-0.081916,0.017461,0.009624,0.011614,0.254785,-0.289541,1.200648,0.252938,-0.161882,-0.206475,0.045405,-0.240804,0.183914,1.191230,0.127528,-0.205149,0.207991
-0.032436,0.010354,0.847823,0.002479,0.007785,0.966926,0.254925,0.041500,0.060487,0.174700,0.068264,-0.412854,0.066689,-0.006149,-0.114686,-0.163533,0.160063,-0.405424,-0.030346,-0.079211,0.017059,0.012475,0.015373,0.254601,-0.285502,1.193756,0.245271,-0.161598,-0.208164,0.045238,-0.240678,0.187486,1.191668,0.117975,-0.204431,0.205292
-0.031657,0.009480,0.848174,0.003290,0.007340,0.966744,0.255621,0.031131,0.062612,0.178177,0.092817,-0.420803,0.069810,-0.017018,-0.114857,-0.156690,0.179551,-0.410139,-0.037289,-0.075453,0.017577,0.017519,0.020228,0.254178,-0.282960,1.185443,0.233827,-0.162645,-0.206965,0.045057,-0.240520,0.187721,1.191305,0.120598,-0.205196,0.204450
-0.029775,0.007629,0.848457,0.003400,0.007392,0.966171,0.257773,0.013759,0.064573,0.182928,0.126164,-0.428261,0.069322,-0.038186,-0.116014,-0.144427,0.210360,-0.412192,-0.038394,-0.069488,0.017854,0.025204,0.025221,0.254635,-0.281009,1.171476,0.225552,-0.165494,-0.199889,0.043904,-0.241020,0.191764,1.184486,0.117775,-0.206532,0.196514
-0.027152,0.004193,0.848909,0.003148,0.008686,0.965158,0.261505,-0.016200,0.064683,0.185839,0.177412,-0.438338,0.074487,-0.068913,-0.120815,-0.127977,0.252858,-0.412938,-0.036578,-0.060895,0.016000,0.036817,0.029143,0.253581,-0.274366,1.154227,0.205821,-0.168939,-0.194173,0.043044,-0.240576,0.197773,1.167595,0.130891,-0.209347,0.189969
-0.023868,-0.000557,0.849468,0.002902,0.011214,0.963975,0.265739,-0.055225,0.062750,0.190990,0.243258,-0.446225,0.078942,-0.105351,-0.129033,-0.111387,0.299099,-0.407026,-0.026287,-0.055463,0.011105,0.053049,0.034840,0.253689,-0.263599,1.128595,0.180968,-0.173295,-0.185905,0.046080,-0.244338,0.211194,1.131901,0.124546,-0.215220,0.182534
-0.019194,-0.006292,0.850253,0.003013,0.014160,0.962485,0.270947,-0.102355,0.062607,0.196124,0.324712,-0.453026,0.082560,-0.144569,-0.137148,-0.091422,0.346214,-0.392565,-0.017785,-0.059030,0.001881,0.078191,0.045264,0.253790,-0.242341,1.084540,0.141901,-0.178953,-0.168478,0.050301,-0.246859,0.233319,1.079752,0.116321,-0.229986,0.172901
-0.013656,-0.013888,0.851170,0.002201,0.015974,0.960611,0.277429,-0.156695,0.063014,0.189978,0.407736,-0.462932,0.083645,-0.184269,-0.140454,-0.065097,0.380768,-0.369301,-0.010796,-0.071083,-0.008541,0.111079,0.054428,0.255650,-0.216027,1.026176,0.090267,-0.187766,-0.150063,0.053831,-0.241846,0.245780,1.032591,0.141843,-0.254259,0.165909
-0.007186,-0.023451,0.851650,-0.000419,0.016110,0.957014,0.289592,-0.210478,0.056504,0.157664,0.461279,-0.463342,0.079047,-0.229804,-0.135851,-0.036968,0.411060,-0.342796,-0.005403,-0.078429,-0.017780,0.143005,0.057844,0.262180,-0.191661,0.961903,0.039851,-0.200616,-0.133160,0.062481,-0.233248,0.253511,1.004490,0.174606,-0.276964,0.157104
0.000690,-0.034659,0.850925,-0.005743,0.014846,0.951826,0.306225,-0.263996,0.046093,0.099478,0.479286,-0.427137,0.079772,-0.285739,-0.123045,-0.012199,0.440671,-0.314312,-0.005060,-0.078509,-0.024555,0.169002,0.052318,0.275096,-0.178076,0.896619,-0.000473,-0.218817,-0.103066,0.077546,-0.221559,0.251690,0.993716,0.229205,-0.281707,0.157443
0.010809,-0.048297,0.845693,-0.022869,0.014507,0.945449,0.324642,-0.362057,0.051236,0.054486,0.539083,-0.415228,0.058131,-0.385312,-0.105132,0.000489,0.496914,-0.300325,0.000355,-0.065889,-0.017177,0.173397,0.033706,0.304691,-0.192192,0.823945,-0.039415,-0.238503,-0.072578,0.094516,-0.221733,0.252645,0.988229,0.365516,-0.287608,0.132242
0.021862,-0.062550,0.835824,-0.033458,0.010965,0.939378,0.341072,-0.459679,0.069358,0.034430,0.645338,-0.436324,0.044256,-0.474525,-0.088614,-0.001217,0.586399,-0.353914,-0.000340,-0.065709,-0.017254,0.193650,0.019768,0.352365,-0.196800,0.747927,-0.047578,-0.255588,-0.053313,0.110811,-0.228334,0.259794,0.966653,0.444522,-0.298326,0.113659
0.033045,-0.076867,0.820225,-0.042429,0.007295,0.935020,0.351972,-0.573281,0.091860,0.033613,0.788537,-0.468677,0.041473,-0.565364,-0.078162,-0.009196,0.754087,-0.495747,-0.026417,-0.069439,-0.030073,0.218650,-0.007770,0.411238,-0.198541,0.685224,-0.020252,-0.262087,-0.036171,0.115988,-0.234790,0.285623,0.924629,0.471695,-0.318259,0.090022
0.043949,-0.090530,0.802085,-0.044619,0.007031,0.932671,0.357890,-0.675817,0.102416,0.041054,0.928360,-0.491326,0.046634,-0.622693,-0.096102,-0.027074,0.966977,-0.624669,-0.073351,-0.057164,-0.050270,0.246573,-0.056020,0.439786,-0.227850,0.685888,-0.032501,-0.276730,0.007372,0.114124,-0.236895,0.313211,0.879369,0.512702,-0.352116,0.045651
0.053314,-0.102907,0.783443,-0.043778,0.006007,0.929629,0.365839,-0.752769,0.114328,0.047850,1.037425,-0.522582,0.062896,-0.629674,-0.129123,-0.055189,1.171676,-0.711461,-0.121276,-0.029961,-0.066243,0.264577,-0.079350,0.419469,-0.240548,0.746539,-0.050625,-0.275541,0.036243,0.099790,-0.242959,0.340630,0.829853,0.550111,-0.396656,0.012481
0.061197,-0.115133,0.765984,-0.043479,0.007857,0.925086,0.377179,-0.813020,0.130490,0.069075,1.117513,-0.563163,0.098230,-0.600944,-0.164300,-0.069936,1.345019,-0.771945,-0.139547,-0.003053,-0.086348,0.266671,-0.071583,0.370947,-0.246058,0.853550,-0.112457,-0.258812,0.053497,0.062320,-0.265818,0.385096,0.743750,0.541863,-0.431285,-0.024561
0.069239,-0.127324,0.752735,-0.040697,0.011722,0.921519,0.386016,-0.853976,0.136155,0.089117,1.163694,-0.584547,0.132469,-0.529652,-0.214653,-0.080881,1.469118,-0.820760,-0.145176,0.015758,-0.106829,0.258771,-0.017805,0.331554,-0.265242,0.957434,-0.167968,-0.247676,0.044448,0.025418,-0.296166,0.406396,0.598775,0.518664,-0.455659,-0.038217
0.078859,-0.140136,0.745380,-0.032374,0.014982,0.920255,0.389690,-0.865630,0.131091,0.108832,1.166820,-0.580144,0.158642,-0.414767,-0.268073,-0.089643,1.528549,-0.840604,-0.132676,0.034999,-0.116707,0.258007,0.078641,0.300526,-0.314941,1.012903,-0.186210,-0.252285,0.023118,0.006322,-0.334191,0.387491,0.383933,0.502615,-0.475077,-0.042331
0.092719,-0.153297,0.747020,-0.019417,0.013746,0.919153,0.393181,-0.838695,0.129426,0.124123,1.109612,-0.553945,0.180395,-0.276770,-0.283212,-0.088592,1.505597,-0.806387,-0.097648,0.063690,-0.109557,0.265220,0.219431,0.288590,-0.362462,0.978686,-0.180210,-0.255161,-0.015662,-0.008460,-0.368767,0.357920,0.147986,0.519765,-0.482689,-0.028009
0.113498,-0.167767,0.759237,-0.006863,0.006549,0.917758,0.397027,-0.779367,0.139065,0.130785,0.979843,-0.469734,0.168014,-0.146553,-0.247391,-0.083334,1.391627,-0.752169,-0.048591,0.101426,-0.081616,0.273656,0.372693,0.314770,-0.400387,0.865576,-0.198775,-0.269374,-0.060963,-0.021995,-0.383794,0.319562,-0.044433,0.526892,-0.491434,-0.018263
0.141462,-0.185709,0.780984,0.001306,-0.001542,0.917386,0.397993,-0.693555,0.142435,0.120943,0.751127,-0.290691,0.120428,-0.054286,-0.199153,-0.079431,1.218885,-0.675684,-0.016093,0.145405,-0.037553,0.272452,0.494260,0.359994,-0.410155,0.731014,-0.204202,-0.287467,-0.096179,-0.013139,-0.393325,0.277252,-0.186240,0.464961,-0.473666,-0.037505
0.175335,-0.208326,0.805862,0.000565,-0.008941,0.921277,0.388803,-0.610205,0.142732,0.111758,0.468476,-0.026278,0.051707,-0.016657,-0.142720,-0.070861,1.029072,-0.551812,0.018545,0.162002,0.011705,0.243451,0.581617,0.400186,-0.357909,0.610762,-0.173735,-0.293048,-0.169876,0.024292,-0.398016,0.248191,-0.250466,0.436925,-0.454619,-0.006227
0.210732,-0.232699,0.824667,-0.000603,-0.006740,0.928486,0.371305,-0.568670,0.132224,0.125153,0.357180,0.022805,0.022588,-0.029312,-0.097677,-0.031876,0.883753,-0.476161,0.061861,0.138043,0.034484,0.211552,0.627682,0.404034,-0.276791,0.535185,-0.148392,-0.295879,-0.201389,0.073187,-0.395792,0.238218,-0.225635,0.439803,-0.442510,0.012004
0.246649,-0.257907,0.834123,0.004687,0.006936,0.936155,0.351489,-0.562499,0.116087,0.161760,0.501032,-0.157347,0.047462,-0.084178,-0.093251,0.018785,0.820255,-0.478070,0.075098,0.098591,0.020378,0.202778,0.614553,0.380115,-0.217154,0.498027,-0.130113,-0.315402,-0.184967,0.133323,-0.389589,0.237601,-0.135091,0.447795,-0.443573,0.019271
0.285407,-0.284562,0.833682,0.008410,0.022696,0.943196,0.331355,-0.572550,0.118415,0.200464,0.804390,-0.366594,0.089995,-0.180485,-0.114656,0.041732,0.849365,-0.500993,0.062952,0.053685,-0.004481,0.195349,0.545035,0.364318,-0.185528,0.473424,-0.067283,-0.329401,-0.122206,0.194131,-0.379882,0.242439,0.002817,0.453614,-0.442161,0.011294
0.325081,-0.311170,0.825615,0.008953,0.035274,0.947463,0.317788,-0.559196,0.144700,0.217401,1.149118,-0.500559,0.122788,-0.298405,-0.146425,0.034350,0.937087,-0.534873,0.020845,0.010056,-0.028672,0.175996,0.449244,0.337870,-0.165275,0.442061,-0.084740,-0.347575,-0.056965,0.243904,-0.364534,0.260437,0.183090,0.432962,-0.435919,-0.009285
0.366418,-0.336289,0.812782,-0.004068,0.044465,0.951103,0.305629,-0.532651,0.188862,0.196709,1.454261,-0.568330,0.125740,-0.442291,-0.159009,0.024640,1.015235,-0.571924,-0.035633,-0.044118,-0.045802,0.136726,0.330637,0.325981,-0.155918,0.380875,-0.105119,-0.373696,0.058720,0.267329,-0.338676,0.293142,0.406375,0.413118,-0.430173,-0.020291
0.401879,-0.359903,0.803322,-0.017046,0.048074,0.954271,0.294558,-0.435169,0.216447,0.149916,1.632629,-0.571920,0.107700,-0.545271,-0.156182,0.030890,1.028820,-0.593223,-0.082389,-0.102977,-0.049271,0.090350,0.203037,0.324438,-0.157049,0.299070,-0.070212,-0.402509,0.162686,0.303680,-0.328667,0.348497,0.624159,0.363328,-0.437614,-0.028155
0.433775,-0.385299,0.802502,-0.008878,0.042994,0.954796,0.294003,-0.227374,0.213140,0.110906,1.641467,-0.499977,0.068948,-0.563389,-0.155784,0.022301,0.969890,-0.577849,-0.109301,-0.144421,-0.050264,0.085973,0.089433,0.332987,-0.141674,0.189501,-0.038899,-0.437024,0.230603,0.386369,-0.348148,0.390264,0.724537,0.322035,-0.447581,-0.008721
0.464985,-0.415983,0.810899,0.005286,0.035383,0.951477,0.305633,0.006505,0.161961,0.086526,1.488242,-0.375062,0.029022,-0.545564,-0.143636,0.030808,0.848751,-0.472210,-0.098504,-0.175072,-0.048237,0.104319,0.019511,0.333721,-0.098951,0.053336,-0.005396,-0.464318,0.268894,0.491569,-0.397356,0.398027,0.686462,0.339016,-0.432858,0.049582
0.500028,-0.454808,0.827803,0.006395,0.033754,0.946057,0.322173,0.159994,0.063119,0.042483,1.229462,-0.300730,0.006927,-0.523422,-0.127759,0.063045,0.617304,-0.239780,-0.036847,-0.193052,-0.035816,0.101260,-0.009080,0.327548,-0.080943,-0.059323,0.038997,-0.478275,0.289998,0.576927,-0.446452,0.367010,0.619173,0.363091,-0.403987,0.110933
0.540510,-0.498829,0.846716,-0.005561,0.037624,0.940394,0.337955,0.217439,-0.029903,-0.021480,0.945477,-0.312684,0.004870,-0.502081,-0.125932,0.081167,0.324041,0.051594,0.060342,-0.200854,-0.022201,0.077891,-0.001957,0.329935,-0.088623,-0.120767,0.032130,-0.493196,0.279536,0.620096,-0.470739,0.317112,0.564025,0.391863,-0.378694,0.151211
0.584663,-0.543234,0.859192,-0.022485,0.035431,0.933501,0.356111,0.210944,-0.069337,-0.059051,0.709449,-0.382952,0.000419,-0.514128,-0.121689,0.048284,0.243730,0.081370,0.123200,-0.187406,-0.003032,0.069144,0.029120,0.343139,-0.110620,-0.124203,-0.015427,-0.494065,0.222372,0.618724,-0.466723,0.274688,0.504293,0.438074,-0.371049,0.170437
0.631034,-0.588306,0.864187,-0.039327,0.023611,0.927817,0.370206,0.144046,-0.065869,-0.084184,0.583333,-0.448922,0.002034,-0.532704,-0.114292,-0.008644,0.426372,-0.090181,0.103760,-0.166279,0.023853,0.082316,0.070942,0.363473,-0.139731,-0.062383,-0.038854,-0.468123,0.171864,0.563584,-0.449083,0.267751,0.443153,0.475767,-0.380879,0.154673
0.677909,-0.634093,0.862200,-0.054546,0.011186,0.924509,0.377070,0.021049,-0.046981,-0.087476,0.578913,-0.460304,0.010138,-0.520525,-0.133978,-0.075619,0.732016,-0.282319,0.042646,-0.142574,0.047251,0.084012,0.117034,0.355444,-0.172223,0.074473,-0.054469,-0.435670,0.126233,0.475033,-0.433557,0.279886,0.387012,0.450731,-0.400662,0.115133
0.723341,-0.678230,0.852204,-0.063443,0.005511,0.920929,0.384493,-0.126552,-0.031738,-0.055593,0.691231,-0.522981,0.058976,-0.453708,-0.180818,-0.120510,1.033193,-0.428082,-0.016784,-0.105300,0.048862,0.076127,0.163589,0.340725,-0.207992,0.254229,-0.079868,-0.403226,0.099457,0.373203,-0.417842,0.302034,0.316313,0.437747,-0.430889,0.054416
0.767619,-0.720941,0.834732,-0.070254,0.008751,0.914946,0.397318,-0.296887,-0.027003,-0.019499,0.849753,-0.617601,0.116979,-0.347593,-0.225321,-0.112749,1.257276,-0.513890,-0.047539,-0.046335,0.032353,0.063931,0.219862,0.331373,-0.239831,0.431684,-0.073498,-0.363441,0.070407,0.267113,-0.404216,0.316450,0.217368,0.449320,-0.454320,0.024284
0.807694,-0.758964,0.815619,-0.068607,0.023291,0.908398,0.411781,-0.448436,-0.045408,0.008587,0.977663,-0.672125,0.161425,-0.186530,-0.259009,-0.052056,1.353203,-0.524959,-0.033726,0.030307,-0.013230,0.054886,0.279551,0.331809,-0.295119,0.605748,-0.088783,-0.342251,0.075206,0.164191,-0.396651,0.319644,0.103639,0.430871,-0.476606,-0.024424
0.843777,-0.791694,0.802722,-0.048856,0.028786,0.899602,0.433014,-0.509743,-0.044117,0.041789,1.030516,-0.697958,0.195385,0.053135,-0.282060,0.004164,1.289124,-0.449840,0.002926,0.123525,-0.055496,0.069150,0.401614,0.369158,-0.337668,0.658829,-0.127403,-0.346523,0.050016,0.077141,-0.404148,0.321367,-0.016402,0.414691,-0.479642,-0.042577
0.882178,-0.826853,0.799678,-0.039236,0.028824,0.886583,0.460000,-0.551514,0.002996,0.096385,1.004293,-0.684246,0.225310,0.240981,-0.313448,0.022513,1.129306,-0.336459,0.052292,0.222251,-0.074092,0.067738,0.552305,0.425965,-0.344640,0.593828,-0.171492,-0.347242,0.005485,0.003385,-0.419820,0.335489,-0.130340,0.426492,-0.478654,-0.077784
0.926776,-0.868039,0.810330,-0.042720,0.025758,0.876908,0.478062,-0.587497,0.057955,0.121541,0.874573,-0.569189,0.220073,0.336840,-0.299917,0.040889,0.937025,-0.205575,0.103813,0.295094,-0.063111,0.058295,0.654480,0.452429,-0.339100,0.531695,-0.196734,-0.345302,-0.017580,-0.041960,-0.445104,0.336537,-0.205638,0.416052,-0.477542,-0.086142
0.979110,-0.914050,0.833455,-0.048238,0.021237,0.874615,0.481944,-0.573644,0.091893,0.104954,0.596537,-0.300901,0.157711,0.356732,-0.221051,0.094899,0.771523,-0.090775,0.145904,0.322277,-0.039621,0.060596,0.691947,0.434214,-0.333865,0.501870,-0.218322,-0.349725,0.000627,-0.049391,-0.459845,0.331678,-0.222571,0.384688,-0.466513,-0.067499
1.034099,-0.961877,0.856971,-0.056076,0.022188,0.882359,0.466697,-0.526715,0.095253,0.080907,0.275677,-0.075972,0.063780,0.334859,-0.120961,0.150608,0.624110,-0.043456,0.178701,0.292013,-0.026687,0.055278,0.698413,0.401026,-0.308763,0.462488,-0.208105,-0.345422,0.031663,-0.017175,-0.458660,0.341583,-0.192089,0.400412,-0.461930,-0.050122
1.086523,-1.008669,0.871358,-0.057503,0.034152,0.898153,0.434566,-0.502345,0.066654,0.098601,0.220064,-0.117461,0.041338,0.305146,-0.054456,0.180336,0.496056,-0.062346,0.184840,0.212943,-0.041504,0.050922,0.688319,0.373555,-0.267063,0.408630,-0.202106,-0.349655,0.036926,0.040443,-0.462208,0.354911,-0.138231,0.435475,-0.452244,-0.018932
1.139378,-1.055601,0.875604,-0.049879,0.051048,0.915605,0.395695,-0.506316,0.032936,0.140462,0.472922,-0.260267,0.070054,0.243211,-0.007762,0.203911,0.453347,-0.123276,0.167151,0.120846,-0.069974,0.060561,0.640883,0.358151,-0.246652,0.362988,-0.184504,-0.365386,0.065509,0.112593,-0.473136,0.356064,-0.073751,0.448258,-0.451536,0.001695
1.193613,-1.102699,0.871684,-0.037051,0.069804,0.930035,0.358873,-0.503593,0.010066,0.171937,0.852152,-0.356504,0.108377,0.144577,0.006896,0.195747,0.488666,-0.165720,0.131129,0.040393,-0.107902,0.069878,0.561760,0.361504,-0.245864,0.323871,-0.152157,-0.380509,0.114424,0.191161,-0.475767,0.353272,0.009975,0.445118,-0.452774,0.016919
1.248762,-1.150180,0.858917,-0.033508,0.086113,0.939308,0.330396,-0.492478,0.015517,0.177412,1.228554,-0.393705,0.124763,0.002288,-0.005444,0.154749,0.593804,-0.272128,0.072223,-0.024232,-0.139049,0.057748,0.471610,0.377587,-0.241776,0.275955,-0.121475,-0.390890,0.156543,0.261456,-0.485334,0.361382,0.097649,0.433204,-0.438565,0.025783
1.303062,-1.197228,0.839335,-0.041944,0.098318,0.943357,0.314088,-0.457206,0.030621,0.155103,1.528968,-0.372111,0.098960,-0.183574,-0.025352,0.120952,0.760769,-0.466675,-0.011100,-0.068549,-0.154902,0.030856,0.375634,0.389434,-0.236888,0.209653,-0.097152,-0.425792,0.222564,0.330011,-0.485292,0.385108,0.195846,0.409811,-0.448212,0.008641
1.354894,-1.243071,0.820523,-0.057577,0.098741,0.946812,0.300802,-0.378704,0.062627,0.105725,1.723987,-0.317141,0.052262,-0.370300,-0.024240,0.099842,0.888233,-0.618114,-0.083297,-0.108629,-0.140599,0.003643,0.261354,0.397261,-0.235055,0.143536,-0.071464,-0.440853,0.290851,0.382830,-0.484745,0.434788,0.311982,0.399053,-0.458866,0.005984
1.400416,-1.286848,0.810046,-0.062568,0.086447,0.949021,0.296600,-0.209282,0.057526,0.043878,1.757186,-0.252642,-0.010243,-0.497705,-0.008257,0.082749,0.942042,-0.661828,-0.126086,-0.142214,-0.109630,-0.012097,0.173353,0.403707,-0.221440,0.072495,-0.045519,-0.436905,0.305179,0.419370,-0.507018,0.495306,0.426338,0.350092,-0.455412,0.018292
1.444437,-1.332130,0.810628,-0.054209,0.071640,0.949365,0.301058,0.005424,-0.021785,-0.028712,1.625983,-0.184554,-0.094714,-0.564208,-0.003262,0.070789,0.918156,-0.604629,-0.136138,-0.176169,-0.083025,0.004905,0.122460,0.399731,-0.200115,-0.013803,-0.027756,-0.452490,0.299128,0.459956,-0.537621,0.524166,0.466203,0.341751,-0.452172,0.048395
1.491308,-1.380710,0.822353,-0.051455,0.061715,0.950466,0.300264,0.169215,-0.083913,-0.103418,1.392447,-0.126482,-0.143692,-0.596836,-0.011984,0.068662,0.778453,-0.449677,-0.118075,-0.222163,-0.056790,0.024932,0.090984,0.393029,-0.194584,-0.090241,0.000944,-0.469357,0.335546,0.506578,-0.559389,0.500501,0.442932,0.366422,-0.450887,0.071582
1.541599,-1.431925,0.841977,-0.056419,0.059357,0.950316,0.300321,0.265906,-0.115553,-0.171842,1.099435,-0.078622,-0.125617,-0.595688,-0.030479,0.082365,0.516593,-0.170094,-0.056651,-0.254858,-0.039654,0.029831,0.083197,0.392079,-0.199040,-0.138170,0.001206,-0.478954,0.329768,0.541973,-0.550383,0.448720,0.412606,0.406043,-0.427621,0.098484
1.594780,-1.484390,0.860051,-0.067644,0.055629,0.949740,0.300540,0.305517,-0.098122,-0.200488,0.801731,-0.069366,-0.080373,-0.579805,-0.052063,0.071741,0.255193,0.026229,0.044443,-0.274440,-0.017209,0.029056,0.104917,0.394348,-0.198997,-0.162942,-0.027959,-0.495182,0.266866,0.556874,-0.534090,0.389244,0.373584,0.429310,-0.399430,0.143623
1.649457,-1.536083,0.870052,-0.082093,0.047623,0.949218,0.299964,0.306980,-0.041482,-0.178032,0.532479,-0.135706,-0.028958,-0.590471,-0.068461,0.043564,0.217607,0.004800,0.095399,-0.280057,0.007756,0.033809,0.142252,0.403332,-0.202797,-0.174939,-0.057231,-0.496911,0.222269,0.543346,-0.514642,0.342316,0.322865,0.456829,-0.375455,0.174181
1.705489,-1.586600,0.872868,-0.092784,0.038947,0.950725,0.293252,0.261122,0.009327,-0.140301,0.361630,-0.235835,0.011859,-0.592388,-0.094588,-0.001955,0.379813,-0.137395,0.073370,-0.281619,0.024273,0.043749,0.183048,0.423483,-0.216986,-0.153135,-0.098862,-0.480439,0.212353,0.495445,-0.493809,0.323130,0.274786,0.484080,-0.403230,0.099231
1.761294,-1.637119,0.868252,-0.101652,0.025020,0.949673,0.295232,0.173310,0.026980,-0.143344,0.318067,-0.283329,0.023986,-0.565850,-0.108635,-0.058622,0.621681,-0.290099,0.021068,-0.250901,0.049555,0.047162,0.230773,0.427839,-0.239941,-0.072098,-0.138484,-0.472084,0.206371,0.420793,-0.484131,0.321405,0.239211,0.480001,-0.440793,0.036414
1.816816,-1.689060,0.854973,-0.108994,0.013433,0.943502,0.312641,0.063044,0.021464,-0.123051,0.372192,-0.374483,0.023667,-0.519800,-0.126356,-0.102558,0.887796,-0.395480,-0.024751,-0.180476,0.065678,0.048271,0.271281,0.429126,-0.258055,0.055841,-0.123836,-0.453145,0.178305,0.321869,-0.480345,0.328863,0.206216,0.469999,-0.454784,0.025141
1.870880,-1.742496,0.835478,-0.111421,0.013004,0.938426,0.326763,-0.080515,0.004207,-0.060796,0.504090,-0.560360,0.075690,-0.435201,-0.168408,-0.116134,1.112690,-0.452223,-0.035588,-0.112989,0.055556,0.052186,0.304259,0.442668,-0.281378,0.196968,-0.094205,-0.425073,0.143582,0.210284,-0.480378,0.340990,0.151221,0.458354,-0.477165,-0.016882
1.923207,-1.794227,0.814582,-0.111681,0.031035,0.934765,0.335825,-0.277132,-0.047800,-0.010296,0.691991,-0.707035,0.167862,-0.322890,-0.215368,-0.080025,1.258715,-0.461190,-0.017966,-0.049788,0.006072,0.041545,0.338868,0.458660,-0.320231,0.354517,-0.065061,-0.381670,0.099658,0.092158,-0.471602,0.353509,0.091129,0.435155,-0.482653,-0.050619
1.972190,-1.839335,0.798819,-0.103270,0.050758,0.930698,0.347219,-0.450650,-0.091272,0.038312,0.852062,-0.752259,0.233949,-0.146728,-0.233259,-0.029382,1.271498,-0.392135,0.001181,0.034583,-0.047706,0.041731,0.387198,0.484077,-0.376326,0.488845,-0.041179,-0.362807,0.057102,-0.010419,-0.464973,0.358699,0.041404,0.444487,-0.483532,-0.071957
2.019510,-1.880897,0.792669,-0.094541,0.058188,0.925420,0.362317,-0.562352,-0.081392,0.097950,0.901884,-0.725553,0.258185,0.058770,-0.217921,-0.002613,1.141618,-0.236139,0.037299,0.129985,-0.073023,0.052129,0.472155,0.518099,-0.409130,0.536134,-0.051906,-0.370678,0.003593,-0.093729,-0.482037,0.364762,-0.015077,0.428190,-0.487646,-0.097703
2.068238,-1.924003,0.799303,-0.089285,0.058744,0.918744,0.380114,-0.620259,-0.051257,0.143167,0.824740,-0.617206,0.255048,0.236805,-0.185826,0.025384,0.910370,-0.056892,0.097474,0.214753,-0.078474,0.057755,0.576911,0.552742,-0.407740,0.513838,-0.075972,-0.373452,-0.066540,-0.169781,-0.501916,0.387706,-0.064049,0.384970,-0.478643,-0.118985
2.121042,-1.968537,0.818480,-0.086193,0.053482,0.914492,0.391682,-0.619192,-0.028733,0.134400,0.606434,-0.385825,0.198769,0.363659,-0.109311,0.115672,0.647918,0.048539,0.137974,0.271620,-0.060872,0.059758,0.664812,0.562001,-0.397332,0.477232,-0.106773,-0.375766,-0.131664,-0.213806,-0.510250,0.415220,-0.098929,0.385613,-0.458405,-0.095638
2.179175,-2.015900,0.840941,-0.091216,0.048143,0.915556,0.388740,-0.589996,-0.008641,0.102735,0.305669,-0.108242,0.103108,0.399820,-0.018185,0.200040,0.450602,0.056756,0.155130,0.287299,-0.034115,0.055692,0.717807,0.545253,-0.376197,0.440460,-0.128469,-0.354595,-0.120791,-0.222326,-0.524272,0.424162,-0.134842,0.392063,-0.443479,-0.064449
2.236805,-2.064674,0.856720,-0.096271,0.050310,0.920165,0.376161,-0.569845,-0.000873,0.096539,0.171679,-0.055430,0.038032,0.383216,0.032554,0.216311,0.311360,0.032991,0.159710,0.266493,-0.022854,0.053944,0.749845,0.518304,-0.336321,0.398341,-0.140238,-0.331339,-0.128780,-0.204310,-0.553088,0.418236,-0.171922,0.370422,-0.433809,-0.045523
2.292608,-2.113696,0.865264,-0.090709,0.062021,0.924689,0.364520,-0.545569,-0.013995,0.106598,0.284932,-0.187548,0.040045,0.328285,0.032971,0.188902,0.249469,-0.012085,0.141859,0.234525,-0.037188,0.070830,0.749203,0.505952,-0.316631,0.362155,-0.130114,-0.338282,-0.144816,-0.157151,-0.576984,0.414404,-0.189212,0.383248,-0.432730,-0.031884
2.350054,-2.163069,0.867135,-0.079238,0.079828,0.928327,0.354342,-0.508441,-0.023756,0.142493,0.538141,-0.313523,0.074455,0.217089,-0.004765,0.119355,0.289501,-0.069555,0.102064,0.201489,-0.072921,0.095939,0.698294,0.504504,-0.327017,0.348894,-0.126077,-0.349389,-0.112027,-0.083997,-0.581003,0.406414,-0.164562,0.419308,-0.435252,-0.013732
2.408499,-2.211989,0.859514,-0.075471,0.101130,0.931453,0.341282,-0.475192,-0.015443,0.190736,0.836470,-0.398498,0.104386,0.077441,-0.042911,0.053823,0.365169,-0.142227,0.110811,0.154936,-0.117654,0.096843,0.627667,0.501162,-0.337846,0.339567,-0.152887,-0.353324,-0.042210,-0.000987,-0.578248,0.384587,-0.107387,0.413769,-0.423550,-0.027454
2.466100,-2.260373,0.844481,-0.079753,0.112487,0.936715,0.321794,-0.428585,0.022263,0.197492,1.113572,-0.450388,0.127924,-0.085425,-0.069558,-0.000934,0.501732,-0.338590,0.053469,0.087757,-0.138381,0.075911,0.552987,0.499122,-0.342870,0.321887,-0.174671,-0.373506,0.039106,0.081832,-0.582549,0.369933,-0.028226,0.376410,-0.452116,-0.074216
2.521263,-2.307666,0.824963,-0.084036,0.111448,0.942523,0.303591,-0.338213,0.061995,0.156985,1.310706,-0.439526,0.119426,-0.260412,-0.079247,-0.030583,0.669771,-0.567340,-0.052811,0.017727,-0.132443,0.063668,0.462205,0.492099,-0.337991,0.300207,-0.167240,-0.384158,0.087988,0.163349,-0.578497,0.376270,0.051353,0.390978,-0.465799,-0.043191
2.575886,-2.355469,0.805422,-0.092970,0.100986,0.945928,0.293903,-0.221614,0.079671,0.085221,1.394762,-0.368960,0.071358,-0.440227,-0.061799,-0.048112,0.805047,-0.689183,-0.122216,-0.041840,-0.103242,0.055743,0.349577,0.482369,-0.324718,0.296204,-0.139018,-0.397762,0.116717,0.226524,-0.572302,0.381399,0.112384,0.395482,-0.493104,0.053904
2.627522,-2.401825,0.794551,-0.091752,0.085963,0.947993,0.292406,-0.044413,0.048124,0.000613,1.309938,-0.274263,0.003022,-0.569054,-0.050294,-0.073153,0.873228,-0.704848,-0.183307,-0.092587,-0.075883,0.069059,0.241679,0.476328,-0.313024,0.286159,-0.129084,-0.401722,0.131865,0.285241,-0.581991,0.400655,0.217201,0.398076,-0.464735,0.100168
2.678210,-2.448534,0.797041,-0.078311,0.075273,0.951476,0.287916,0.152557,-0.009519,-0.090459,1.079050,-0.220166,-0.041205,-0.630421,-0.060936,-0.087551,0.840746,-0.608078,-0.186736,-0.145720,-0.061070,0.112357,0.147443,0.480437,-0.316708,0.240430,-0.139654,-0.406434,0.167481,0.356292,-0.591164,0.395246,0.275631,0.413051,-0.422607,0.094870
2.733598,-2.499227,0.811274,-0.071795,0.072034,0.956059,0.274967,0.254425,-0.016545,-0.134669,0.831797,-0.274161,-0.009649,-0.652256,-0.083633,-0.088332,0.668667,-0.386981,-0.111916,-0.209962,-0.049269,0.151545,0.061646,0.492200,-0.326112,0.184984,-0.147950,-0.425358,0.227389,0.406345,-0.605719,0.364061,0.243250,0.416771,-0.415662,0.102564
2.791690,-2.551209,0.828487,-0.081686,0.066016,0.959044,0.263068,0.262749,0.005738,-0.142574,0.622375,-0.291001,0.021210,-0.639697,-0.090947,-0.072968,0.392395,-0.147595,0.014922,-0.263875,-0.019895,0.164657,0.010867,0.488460,-0.325874,0.117208,-0.160163,-0.446513,0.251899,0.444881,-0.615980,0.342782,0.195897,0.431594,-0.387381,0.137319
2.848274,-2.603088,0.840509,-0.096459,0.060642,0.958454,0.261504,0.240530,0.003451,-0.120612,0.436249,-0.445774,0.032339,-0.636709,-0.106666,-0.061058,0.289711,-0.106169,0.102183,-0.282235,0.007157,0.154094,0.004362,0.489089,-0.311836,0.029544,-0.159583,-0.455770,0.213342,0.479613,-0.622145,0.320618,0.145029,0.446333,-0.372090,0.183846
2.903704,-2.653677,0.844580,-0.105034,0.059750,0.954018,0.274313,0.203941,-0.031825,-0.094108,0.301896,-0.683532,0.068083,-0.642937,-0.145650,-0.086795,0.452531,-0.203035,0.126299,-0.260215,0.008891,0.138502,0.029114,0.492834,-0.290893,-0.047497,-0.159758,-0.447687,0.148800,0.488326,-0.625818,0.310564,0.101438,0.468632,-0.334153,0.239573
2.959860,-2.702233,0.840166,-0.109212,0.051486,0.945525,0.302332,0.140800,-0.082320,-0.136551,0.277234,-0.765281,0.110278,-0.610834,-0.162391,-0.113177,0.706756,-0.305299,0.109892,-0.203488,0.009121,0.130666,0.077951,0.478013,-0.288669,-0.065095,-0.206223,-0.460533,0.148310,0.450206,-0.617763,0.325452,0.081062,0.464922,-0.362326,0.181681
3.015446,-2.749602,0.829354,-0.111166,0.032988,0.938210,0.326060,0.036217,-0.097806,-0.174945,0.375695,-0.788905,0.172466,-0.581228,-0.108224,-0.038182,1.029486,-0.293784,0.108119,-0.143029,0.029993,0.128571,0.134250,0.465691,-0.295709,-0.012474,-0.209135,-0.446296,0.140866,0.381916,-0.609732,0.342614,0.069647,0.436894,-0.380772,0.124681
3.068325,-2.795627,0.814617,-0.083984,0.011432,0.939350,0.332322,-0.036268,-0.080753,-0.135798,0.507016,-0.773216,0.204591,-0.708531,-0.107570,-0.023589,0.905698,-0.130531,0.114878,-0.113121,0.042082,0.180937,0.182581,0.453441,-0.313176,0.095137,-0.171721,-0.413229,0.110900,0.301995,-0.594559,0.358439,0.055349,0.422486,-0.353398,0.125230
3.125516,-2.844569,0.796164,-0.091341,0.033952,0.930463,0.353189,-0.252251,-0.117370,-0.061898,0.649112,-0.717559,0.214060,-0.586855,-0.123865,-0.026974,0.558144,-0.003229,0.119252,-0.052938,-0.008320,0.143435,0.240454,0.438471,-0.336571,0.231300,-0.140761,-0.418204,0.121582,0.199623,-0.561432,0.390907,0.054894,0.402599,-0.394546,0.057702
3.182198,-2.892566,0.783101,-0.129002,0.075024,0.912997,0.379693,-0.546784,-0.175375,-0.019553,0.765862,-0.660443,0.233126,-0.274895,-0.092007,0.035465,0.492472,0.034303,0.132341,0.026817,-0.078473,0.041912,0.325703,0.438404,-0.347783,0.325763,-0.113091,-0.405136,0.147480,0.091044,-0.527007,0.431828,0.049240,0.396387,-0.425884,-0.031069
3.229927,-2.929705,0.785043,-0.116297,0.070832,0.908298,0.395541,-0.596124,-0.120183,0.076992,0.785940,-0.631086,0.195736,-0.255836,-0.140938,-0.043667,0.480808,0.026190,0.132167,0.093801,-0.094870,0.072874,0.416868,0.448818,-0.339186,0.352172,-0.116439,-0.390388,0.142394,0.017044,-0.497930,0.459955,0.003336,0.388534,-0.439639,-0.079565
