0.000000,0.000000,0.750087,0.055615,-0.128198,0.819137,0.556316,-0.011299,0.411206,0.117036,0.669470,-0.727249,-0.011007,-0.330132,0.063592,-0.060706,1.399813,-0.536078,-0.130713,0.184236,0.145692,0.470580,0.332541,0.187867,-0.358432,0.401934,-0.264873,-0.053239,0.123530,0.107584,-0.303311,0.316247,0.287613,0.233093,-0.111505,-0.144768
0.012132,-0.028724,0.714318,0.011377,-0.009001,0.888398,0.458844,-0.515692,0.050799,-0.093958,0.993508,-0.596202,0.050564,-0.468293,-0.313577,0.023045,1.711959,-0.627142,-0.017387,-0.042151,-0.028739,0.232198,0.309229,0.269166,-0.249245,0.824382,-0.282237,-0.244789,0.352593,0.024112,-0.434173,0.423676,0.322800,0.517030,-0.435602,-0.177026
0.034261,-0.046468,0.717806,0.034584,-0.020890,0.893527,0.447188,-0.453048,0.081336,-0.086589,0.900230,-0.414926,0.058549,-0.188323,-0.244447,0.126263,1.652232,-0.577023,0.089711,0.000011,-0.007572,0.232044,0.440460,0.334037,-0.342930,0.758151,-0.142782,-0.258583,0.165151,0.060853,-0.522293,0.391061,0.104616,0.513622,-0.435762,-0.115195
0.063541,-0.064117,0.735399,0.062677,-0.033804,0.884535,0.461007,-0.314790,0.029262,-0.213885,0.688495,-0.162095,-0.030872,0.071177,-0.204468,0.186661,1.445961,-0.525344,0.083662,0.098252,0.013139,0.247300,0.617207,0.368212,-0.354920,0.609304,-0.147625,-0.290808,0.148159,0.129916,-0.564678,0.390207,-0.090896,0.484368,-0.416595,-0.102324
0.102722,-0.091646,0.758228,0.056514,-0.033975,0.884180,0.462468,-0.258782,0.086072,-0.242435,0.371774,-0.021014,-0.053500,0.161463,-0.181456,0.198881,1.230059,-0.507469,0.058472,0.172302,0.043764,0.191505,0.716913,0.398365,-0.346172,0.533731,-0.214658,-0.290662,0.161542,0.194624,-0.572780,0.388113,-0.184763,0.445570,-0.413049,-0.106212
0.145114,-0.125580,0.779532,0.046127,-0.036857,0.891581,0.448995,-0.266031,0.125069,-0.242652,0.114118,-0.136369,-0.106164,0.192650,-0.122498,0.182980,1.034925,-0.447687,0.106126,0.164624,0.077025,0.154797,0.805157,0.359340,-0.228577,0.473681,-0.196908,-0.296889,0.110666,0.228909,-0.577227,0.386467,-0.209642,0.428036,-0.411575,-0.090529
0.194011,-0.162822,0.790525,0.037940,-0.018355,0.900300,0.433224,-0.352777,0.070989,-0.235768,0.244847,-0.160830,-0.127117,0.125734,-0.081694,0.195820,0.946191,-0.434378,0.125421,0.131141,0.042546,0.154168,0.798671,0.290431,-0.163527,0.461048,-0.210171,-0.288330,0.155589,0.219612,-0.539507,0.400910,-0.143460,0.403190,-0.398223,-0.109415
0.245887,-0.201280,0.791412,0.039854,-0.007626,0.909843,0.412965,-0.455022,0.142483,0.025401,0.628672,-0.128423,-0.035521,0.032539,-0.087797,0.121816,0.923533,-0.571238,0.062695,0.095542,0.019931,0.183268,0.700110,0.266416,-0.169230,0.492267,-0.247115,-0.294757,0.216534,0.193689,-0.477198,0.418285,-0.001223,0.350009,-0.412764,-0.136460
0.301168,-0.243010,0.785706,0.042895,0.018244,0.910215,0.411503,-0.520930,0.150316,0.122450,1.009484,-0.391050,0.047938,-0.121155,-0.181354,0.021615,1.048920,-0.646780,0.006172,0.098855,-0.032942,0.209498,0.571468,0.259598,-0.182055,0.530382,-0.255250,-0.298842,0.235893,0.171112,-0.416287,0.421630,0.156907,0.315421,-0.394144,-0.152390
0.350364,-0.281346,0.773463,0.034384,0.028282,0.915381,0.400120,-0.556037,0.192605,0.160475,1.378199,-0.518498,0.147007,-0.264723,-0.232068,-0.085396,1.097960,-0.664827,-0.048398,0.051447,-0.052790,0.203189,0.431881,0.248448,-0.182189,0.604380,-0.234856,-0.303156,0.228899,0.134963,-0.363238,0.429197,0.345815,0.267004,-0.386433,-0.165924
0.399620,-0.320256,0.759312,0.001285,0.054478,0.923196,0.380447,-0.577118,0.176914,0.173085,1.658019,-0.575947,0.177578,-0.489466,-0.247422,-0.068717,1.164236,-0.673473,-0.078127,-0.019910,-0.081277,0.137769,0.283091,0.261372,-0.236335,0.652709,-0.240397,-0.301840,0.299675,0.106534,-0.333764,0.454067,0.540231,0.233855,-0.375521,-0.198429
0.443452,-0.355919,0.752126,-0.011048,0.057232,0.927674,0.368813,-0.479306,0.154430,0.154608,1.808992,-0.737772,0.207486,-0.596751,-0.219937,-0.052423,1.127620,-0.648805,-0.099016,-0.090968,-0.078472,0.119239,0.186523,0.291581,-0.253496,0.664523,-0.218421,-0.312586,0.334191,0.125304,-0.319379,0.472725,0.670600,0.232539,-0.392344,-0.239928
0.496495,-0.388134,0.763351,-0.012023,0.080911,0.927438,0.364921,-0.384978,0.144158,0.134834,1.759874,-0.869398,0.260462,-0.689569,-0.237758,-0.044222,1.045264,-0.540424,-0.089362,-0.150402,-0.108821,0.108570,0.105979,0.352706,-0.227178,0.623239,-0.125641,-0.321755,0.365364,0.155368,-0.341582,0.492245,0.729987,0.228053,-0.409176,-0.230496
0.526436,-0.433137,0.770222,0.005309,0.066909,0.927959,0.366588,-0.131835,0.055329,0.164222,1.598180,-0.872670,0.261800,-0.666867,-0.232822,-0.050506,0.912980,-0.404898,-0.023488,-0.203730,-0.110600,0.163070,0.086535,0.402529,-0.192879,0.516432,-0.089569,-0.343227,0.388758,0.220414,-0.383756,0.490838,0.673837,0.257354,-0.411303,-0.190576
0.566016,-0.482034,0.779035,-0.003758,0.048479,0.928568,0.367963,-0.002982,0.085141,0.188685,1.387666,-0.770720,0.253967,-0.650545,-0.187670,-0.080291,0.669898,-0.179944,0.050329,-0.239557,-0.073926,0.185927,0.071184,0.446440,-0.168195,0.415427,-0.066418,-0.354931,0.365412,0.270818,-0.424903,0.468954,0.616874,0.270090,-0.398026,-0.162517
0.611286,-0.533284,0.797199,-0.014319,0.039706,0.925239,0.377030,0.034988,-0.071769,0.061499,1.068938,-0.573322,0.128788,-0.592609,-0.115093,0.009460,0.315365,0.092259,0.151757,-0.234710,-0.051818,0.177569,0.083401,0.482769,-0.162547,0.341620,0.008081,-0.374369,0.380268,0.334446,-0.435832,0.425603,0.589236,0.299674,-0.394514,-0.119874
0.658929,-0.583214,0.808795,-0.029313,0.024533,0.918296,0.394045,0.040282,-0.131407,-0.058972,0.803729,-0.576410,0.078337,-0.593502,-0.054437,0.076313,0.280802,-0.002752,0.174194,-0.208645,-0.016259,0.179589,0.115952,0.508623,-0.166938,0.283299,-0.022490,-0.373013,0.410156,0.367144,-0.448546,0.395672,0.543982,0.293398,-0.383394,-0.106619
0.705074,-0.633230,0.812092,-0.042559,0.007056,0.911657,0.408682,-0.000016,-0.097961,-0.077621,0.691132,-0.645742,0.117112,-0.601706,-0.049832,0.009552,0.529797,-0.237506,0.117893,-0.163064,0.012251,0.200892,0.107877,0.527008,-0.201945,0.288470,-0.103319,-0.378953,0.315146,0.341013,-0.438381,0.368544,0.514952,0.263542,-0.369482,-0.092657
0.753143,-0.686102,0.808803,-0.057372,-0.005246,0.903136,0.425471,-0.127638,-0.044407,-0.009535,0.716611,-0.698764,0.152823,-0.591120,-0.097778,-0.100985,0.874752,-0.429641,0.037245,-0.119261,0.036391,0.192392,0.121663,0.520805,-0.242282,0.337965,-0.156663,-0.379253,0.244525,0.280608,-0.444288,0.399337,0.483812,0.293083,-0.381183,-0.121672
0.799247,-0.737905,0.800020,-0.069386,-0.002986,0.892787,0.445094,-0.306038,-0.009604,0.055490,0.813666,-0.724040,0.164064,-0.543727,-0.160262,-0.131883,1.183268,-0.547016,0.007728,-0.061271,0.032477,0.172958,0.134517,0.499475,-0.266586,0.448305,-0.144420,-0.349789,0.208341,0.195857,-0.444595,0.417828,0.484429,0.276359,-0.437218,-0.207436
0.839635,-0.783619,0.791157,-0.071129,-0.000940,0.885763,0.458653,-0.425379,0.005600,0.045082,0.843348,-0.659949,0.124002,-0.394202,-0.186883,-0.108285,1.346109,-0.583775,0.020267,0.000923,0.029595,0.161673,0.165838,0.442094,-0.292830,0.591739,-0.069007,-0.316470,0.242559,0.145970,-0.461826,0.409456,0.446873,0.249379,-0.480581,-0.276959
0.877546,-0.825589,0.784501,-0.063417,0.006059,0.877035,0.476184,-0.471576,0.012258,0.080204,0.785007,-0.643586,0.141972,-0.190671,-0.182908,-0.044403,1.354347,-0.493049,0.087299,0.078525,0.009077,0.149861,0.259483,0.382693,-0.338070,0.667638,-0.161833,-0.295968,0.235214,0.119156,-0.481963,0.412026,0.351514,0.296969,-0.474296,-0.267588
0.915331,-0.865115,0.787464,-0.048979,0.004219,0.868199,0.493775,-0.488123,0.041223,0.113892,0.707791,-0.541408,0.108212,0.043595,-0.144586,0.029965,1.151734,-0.394894,0.146550,0.150058,0.001142,0.144601,0.423281,0.377155,-0.320015,0.634896,-0.092344,-0.312229,0.203535,0.109923,-0.525651,0.423754,0.224689,0.298333,-0.469172,-0.221253
0.960660,-0.911993,0.801005,-0.042885,0.001914,0.863422,0.502652,-0.492993,0.070362,0.124388,0.533897,-0.342755,0.054730,0.189151,-0.072007,0.136008,0.868326,-0.355940,0.127376,0.215563,0.001481,0.157919,0.536860,0.364279,-0.276221,0.537747,-0.145682,-0.264881,0.159969,0.102460,-0.555021,0.429949,0.113308,0.262758,-0.458276,-0.194574
1.010752,-0.964411,0.816245,-0.043675,-0.003692,0.869983,0.491130,-0.481732,0.076314,0.068985,0.286509,-0.097732,-0.052718,0.270715,0.031817,0.261194,0.593250,-0.309119,0.121835,0.233050,0.029999,0.168797,0.606363,0.348573,-0.250020,0.535408,-0.137774,-0.304514,0.149036,0.098584,-0.610248,0.430975,0.048334,0.255237,-0.451028,-0.165476
1.058691,-1.018838,0.823774,-0.041977,0.010508,0.878792,0.475239,-0.522241,0.036332,0.020992,0.297347,-0.165595,-0.127270,0.256771,0.043327,0.265662,0.415630,-0.322067,0.121793,0.223098,0.019834,0.172661,0.665373,0.333275,-0.215004,0.502121,-0.135864,-0.317147,0.117427,0.125839,-0.658426,0.417657,0.026216,0.244027,-0.428778,-0.101666
1.110502,-1.074186,0.825215,-0.037415,0.036880,0.888781,0.455312,-0.579353,0.044991,0.137717,0.616272,-0.374367,-0.038441,0.162271,-0.014914,0.114115,0.377026,-0.425186,0.087762,0.190163,-0.020132,0.187850,0.658275,0.323365,-0.200021,0.487850,-0.135648,-0.325412,0.128271,0.141776,-0.667412,0.421670,0.070429,0.246908,-0.410202,-0.082332
1.160589,-1.130958,0.820967,-0.033465,0.060326,0.896180,0.438294,-0.577711,0.095994,0.243216,0.997606,-0.522112,0.069961,0.002405,-0.088057,-0.023218,0.508622,-0.547196,0.026170,0.156970,-0.058779,0.191175,0.598979,0.323556,-0.210574,0.509355,-0.129745,-0.313360,0.132683,0.173827,-0.629381,0.432101,0.185007,0.266434,-0.387030,-0.079812
1.211083,-1.184463,0.810928,-0.034087,0.073628,0.902402,0.423187,-0.510927,0.126962,0.241406,1.291067,-0.596683,0.096608,-0.180012,-0.119542,-0.062036,0.637036,-0.622470,-0.022912,0.103483,-0.085964,0.180820,0.516787,0.338724,-0.224406,0.553294,-0.145035,-0.316519,0.162264,0.183080,-0.578346,0.447165,0.357840,0.260156,-0.374410,-0.072611
1.260167,-1.232788,0.798883,-0.045684,0.078887,0.910559,0.403202,-0.410633,0.143513,0.184430,1.462647,-0.568373,0.083201,-0.382282,-0.117978,-0.059773,0.785653,-0.628862,-0.060783,0.022957,-0.092400,0.141415,0.426787,0.363934,-0.251379,0.598152,-0.147100,-0.314318,0.209915,0.192863,-0.526416,0.492248,0.550036,0.236870,-0.374544,-0.108197
1.301421,-1.280357,0.790674,-0.048667,0.072514,0.919845,0.382438,-0.237034,0.123588,0.093867,1.478779,-0.493574,0.035007,-0.488474,-0.125976,-0.094095,0.808641,-0.606593,-0.080105,-0.066718,-0.074703,0.127193,0.343212,0.390544,-0.279967,0.608077,-0.173318,-0.322554,0.240434,0.245257,-0.487663,0.496929,0.662987,0.253990,-0.403756,-0.103461
1.341739,-1.328685,0.789402,-0.035808,0.064903,0.929444,0.361441,-0.008293,0.065888,-0.010215,1.317939,-0.437435,-0.004229,-0.521474,-0.151173,-0.120464,0.754214,-0.547101,-0.084821,-0.152074,-0.071671,0.138419,0.286218,0.436468,-0.282077,0.549840,-0.171186,-0.328001,0.225175,0.337222,-0.487848,0.475776,0.642467,0.275711,-0.395309,-0.061172
1.385574,-1.381862,0.796038,-0.031183,0.064326,0.934502,0.348706,0.165144,0.050193,-0.062016,1.044967,-0.384284,-0.006094,-0.561754,-0.173718,-0.131601,0.632020,-0.367784,-0.020696,-0.217093,-0.078721,0.144994,0.238242,0.482959,-0.254632,0.442886,-0.169335,-0.357071,0.190833,0.402703,-0.492474,0.466327,0.583974,0.280349,-0.357042,-0.013025
1.431972,-1.442154,0.810255,-0.030038,0.067808,0.939131,0.335460,0.264162,0.030986,-0.109369,0.739243,-0.267713,0.015407,-0.546999,-0.194386,-0.132371,0.360325,-0.071990,0.072836,-0.270247,-0.082257,0.144157,0.206696,0.503674,-0.230175,0.329294,-0.167076,-0.383272,0.172114,0.457241,-0.471409,0.426923,0.553448,0.289306,-0.353694,0.011775
1.483505,-1.504598,0.819011,-0.042594,0.062872,0.942946,0.324168,0.259208,0.029751,-0.168885,0.528187,-0.227215,0.010535,-0.557545,-0.181830,-0.078746,0.169599,0.076003,0.154086,-0.301906,-0.058495,0.139233,0.185420,0.522840,-0.212325,0.210331,-0.215879,-0.403060,0.138347,0.486156,-0.447969,0.385773,0.509764,0.317363,-0.334456,0.015009
1.534372,-1.566451,0.819511,-0.053604,0.054344,0.943874,0.321365,0.229782,0.035356,-0.173552,0.365098,-0.253707,0.003395,-0.607854,-0.173042,-0.037017,0.336955,-0.078154,0.164367,-0.294112,-0.034420,0.154326,0.162158,0.548715,-0.192171,0.095739,-0.270537,-0.394049,0.082081,0.485626,-0.420683,0.340136,0.448700,0.356531,-0.328656,0.027793
1.585467,-1.629640,0.813537,-0.061609,0.036215,0.944930,0.319374,0.152819,0.056816,-0.124007,0.337221,-0.287533,-0.013071,-0.606305,-0.180510,-0.085918,0.622318,-0.284829,0.114622,-0.276516,0.004097,0.187820,0.138309,0.546254,-0.181103,0.048179,-0.295381,-0.378810,0.064660,0.431851,-0.410354,0.328402,0.406708,0.394248,-0.336079,-0.026435
1.636040,-1.693704,0.799326,-0.070478,0.025063,0.942594,0.325454,0.036587,0.071838,-0.021231,0.398614,-0.441175,-0.004282,-0.590717,-0.216823,-0.139994,0.956246,-0.439773,0.037320,-0.234282,0.032793,0.195932,0.133009,0.529661,-0.185304,0.070168,-0.330143,-0.355535,0.016756,0.343990,-0.421835,0.329804,0.387591,0.375820,-0.352093,-0.050677
1.684874,-1.755936,0.779939,-0.078784,0.028709,0.939464,0.332231,-0.147140,0.047583,0.017540,0.546532,-0.638120,0.082527,-0.540201,-0.265306,-0.154186,1.232138,-0.524651,-0.013337,-0.178606,0.041156,0.183186,0.137729,0.515900,-0.195492,0.150313,-0.316635,-0.319271,-0.025438,0.247073,-0.442804,0.325278,0.350371,0.374584,-0.367156,-0.074749
1.732939,-1.812715,0.762028,-0.084295,0.043221,0.934498,0.343134,-0.351662,0.009862,0.053954,0.715004,-0.723115,0.154514,-0.447127,-0.246887,-0.104186,1.385362,-0.533276,-0.020550,-0.109687,0.017674,0.163902,0.163336,0.489837,-0.238161,0.302033,-0.250412,-0.294280,-0.006480,0.126692,-0.456334,0.336842,0.331099,0.353652,-0.381595,-0.114470
1.777555,-1.861638,0.753332,-0.074868,0.054961,0.929814,0.356119,-0.475602,-0.010769,0.113472,0.785510,-0.695385,0.186450,-0.254175,-0.188324,-0.058566,1.368294,-0.440773,0.000368,-0.032726,-0.015186,0.153427,0.216548,0.477211,-0.312373,0.479685,-0.188205,-0.271846,0.027914,0.026253,-0.458655,0.368886,0.311791,0.364364,-0.395303,-0.140299
1.819074,-1.904457,0.758905,-0.046554,0.048283,0.922074,0.381157,-0.468666,0.003840,0.166242,0.720674,-0.601671,0.174725,0.039363,-0.106356,-0.019792,1.135847,-0.241869,0.053528,0.065176,-0.026634,0.177190,0.354030,0.475563,-0.318869,0.518727,-0.169606,-0.273988,0.026975,-0.037168,-0.456346,0.396543,0.240109,0.347803,-0.405022,-0.151553
1.866461,-1.951076,0.772544,-0.042052,0.048836,0.913039,0.402748,-0.472743,0.011422,0.187399,0.526816,-0.392336,0.127772,0.234512,-0.032968,0.049833,0.821655,-0.046326,0.117887,0.157599,-0.024760,0.157150,0.492668,0.480435,-0.281531,0.480946,-0.150085,-0.269894,-0.016917,-0.086520,-0.483464,0.413624,0.155967,0.291332,-0.395529,-0.119743
1.919783,-2.000429,0.788697,-0.042527,0.038271,0.908178,0.414656,-0.453793,0.043510,0.167031,0.279168,-0.124465,0.014604,0.363915,0.048441,0.141000,0.528183,0.043643,0.135839,0.229525,0.015133,0.141098,0.595262,0.483791,-0.227865,0.426123,-0.148469,-0.269727,-0.064182,-0.087847,-0.522281,0.405821,0.058093,0.282022,-0.390309,-0.105051
1.975284,-2.052679,0.798199,-0.045264,0.042410,0.905889,0.418949,-0.472858,0.060321,0.162581,0.210205,-0.119625,-0.073313,0.389982,0.067367,0.171433,0.370474,0.007517,0.129526,0.262248,0.018689,0.131371,0.654612,0.463696,-0.187114,0.384180,-0.172181,-0.279485,-0.067270,-0.072733,-0.546343,0.392580,0.001366,0.287278,-0.386562,-0.081392
2.030281,-2.106178,0.801771,-0.041582,0.060880,0.905833,0.417170,-0.506327,0.053118,0.167531,0.388357,-0.254578,-0.044426,0.349966,0.043107,0.147051,0.327532,-0.001328,0.110738,0.263151,-0.019048,0.139511,0.659951,0.445194,-0.167684,0.358333,-0.187061,-0.280555,-0.061048,-0.044423,-0.542123,0.387787,0.010186,0.313837,-0.376291,-0.056247
2.086502,-2.161247,0.798763,-0.028830,0.083100,0.908201,0.409187,-0.514126,0.034242,0.179875,0.676262,-0.365983,0.017362,0.271416,0.005336,0.104814,0.362361,-0.054330,0.092601,0.242781,-0.070034,0.160968,0.600195,0.442647,-0.178047,0.368976,-0.175403,-0.284117,-0.028458,-0.005656,-0.528050,0.386920,0.093424,0.320680,-0.346174,-0.010264
2.143328,-2.216402,0.786691,-0.023187,0.101343,0.913725,0.392809,-0.511237,0.025801,0.180037,0.982839,-0.433102,0.050094,0.159488,-0.028754,0.039876,0.444574,-0.282231,0.068480,0.193630,-0.109721,0.166083,0.516256,0.442233,-0.182229,0.389407,-0.124470,-0.291009,0.009098,0.040661,-0.516237,0.390119,0.190395,0.348046,-0.329160,0.016214
2.200548,-2.268232,0.769876,-0.023292,0.107196,0.920416,0.375235,-0.465856,0.063735,0.176918,1.246954,-0.478933,0.071169,0.009896,-0.034517,-0.017175,0.584360,-0.541517,-0.025011,0.136161,-0.127922,0.164599,0.424747,0.438624,-0.186411,0.392277,-0.150804,-0.296742,0.047770,0.086922,-0.509178,0.391441,0.296856,0.317377,-0.329608,0.001903
2.256303,-2.316522,0.754476,-0.032992,0.106314,0.928454,0.354375,-0.387042,0.129207,0.165744,1.410163,-0.477027,0.091038,-0.174423,-0.023009,-0.068382,0.725290,-0.706045,-0.113509,0.064826,-0.129094,0.151264,0.305265,0.435184,-0.206319,0.405763,-0.177295,-0.286744,0.087483,0.118149,-0.488503,0.410363,0.428570,0.322340,-0.329283,-0.025388
2.309320,-2.362327,0.744427,-0.044614,0.098420,0.937857,0.329769,-0.271696,0.191640,0.145866,1.444454,-0.431088,0.088783,-0.326093,-0.020399,-0.147545,0.789060,-0.774831,-0.164485,-0.023826,-0.110972,0.112381,0.192294,0.446704,-0.232433,0.438977,-0.148363,-0.294515,0.090121,0.172898,-0.456335,0.425083,0.567028,0.363211,-0.382331,-0.049951
2.357938,-2.406296,0.744940,-0.035838,0.089124,0.946400,0.308383,-0.078471,0.171169,0.115713,1.309792,-0.332293,0.049835,-0.403513,-0.043397,-0.211245,0.791996,-0.753327,-0.186421,-0.108709,-0.103910,0.120069,0.105413,0.471052,-0.255684,0.403942,-0.155996,-0.309496,0.079042,0.243506,-0.453204,0.427784,0.611992,0.352771,-0.394302,-0.039790
2.408411,-2.453975,0.752183,-0.041300,0.078374,0.953918,0.286690,0.055625,0.062308,-0.004381,1.095309,-0.220529,-0.036455,-0.496271,-0.058493,-0.254319,0.742261,-0.609528,-0.150970,-0.198032,-0.077728,0.119370,0.025128,0.490590,-0.272404,0.346950,-0.144717,-0.322707,0.092741,0.304486,-0.468734,0.428118,0.595173,0.381582,-0.389374,-0.003861
2.461810,-2.504577,0.765029,-0.045169,0.078352,0.958861,0.269084,0.174468,-0.048265,-0.127055,0.823077,-0.157126,-0.092482,-0.546737,-0.093692,-0.278827,0.595960,-0.438584,-0.052164,-0.272157,-0.068668,0.120759,-0.036829,0.505058,-0.277520,0.279494,-0.151490,-0.351861,0.104452,0.354035,-0.482453,0.411425,0.563697,0.403301,-0.374752,0.030051
2.516453,-2.554313,0.772644,-0.050028,0.073293,0.962345,0.256938,0.267958,-0.080206,-0.202313,0.568474,-0.175243,-0.096843,-0.576006,-0.083639,-0.223856,0.442752,-0.378360,0.101256,-0.322552,-0.049445,0.127467,-0.073063,0.513761,-0.265102,0.188357,-0.155121,-0.376260,0.101155,0.393905,-0.504483,0.374636,0.516260,0.374116,-0.355627,0.075561
2.572130,-2.603152,0.771951,-0.064699,0.058300,0.963825,0.251905,0.293775,-0.037709,-0.176159,0.402440,-0.211975,-0.062867,-0.641179,-0.077086,-0.185673,0.511559,-0.432165,0.124051,-0.342695,-0.006058,0.139528,-0.110149,0.546785,-0.243978,0.075398,-0.178090,-0.403600,0.093295,0.397506,-0.533254,0.347538,0.458758,0.337017,-0.317259,0.103380
2.628068,-2.651496,0.763864,-0.077109,0.040028,0.964541,0.249225,0.282849,0.012313,-0.116499,0.311760,-0.338628,-0.045107,-0.692750,-0.106169,-0.209488,0.773661,-0.524522,0.088624,-0.349941,0.037643,0.157451,-0.135769,0.573815,-0.223827,-0.016347,-0.168789,-0.407367,0.062021,0.383584,-0.560855,0.327352,0.412260,0.333100,-0.318313,0.112155
2.683039,-2.699411,0.751293,-0.083942,0.029796,0.962910,0.254697,0.216223,0.023163,-0.067496,0.321878,-0.577624,0.019943,-0.709465,-0.122957,-0.181400,1.075021,-0.570960,0.068712,-0.325836,0.059450,0.166615,-0.148531,0.567277,-0.229503,-0.046063,-0.177421,-0.412230,0.060596,0.344440,-0.570295,0.329064,0.401575,0.326941,-0.334164,0.077933
2.736764,-2.743508,0.740887,-0.090912,0.027382,0.957687,0.271701,0.098780,0.010010,-0.042318,0.376110,-0.763907,0.087590,-0.666937,-0.126231,-0.142436,1.287421,-0.578402,0.054024,-0.260862,0.066324,0.165868,-0.147339,0.543549,-0.236349,0.008234,-0.159676,-0.400668,0.078695,0.273341,-0.544685,0.332062,0.439185,0.296397,-0.353602,0.018618
2.785578,-2.787430,0.736103,-0.102432,0.049550,0.951707,0.285143,-0.048721,-0.054370,-0.008032,0.428169,-0.861958,0.208707,-0.598273,-0.164951,-0.077530,1.401867,-0.527975,0.074515,-0.198196,0.042605,0.116849,-0.095573,0.504137,-0.242078,0.124921,-0.097893,-0.353555,0.039573,0.204600,-0.524886,0.334515,0.486478,0.295352,-0.391302,-0.043551
2.834409,-2.819489,0.736268,-0.113641,0.069056,0.942521,0.306548,-0.273596,-0.064792,0.040063,0.640285,-0.872670,0.257148,-0.482926,-0.183564,-0.038124,1.397921,-0.437711,0.053809,-0.110021,0.000986,0.078512,-0.025132,0.462915,-0.266427,0.260166,-0.104852,-0.338511,0.050393,0.143618,-0.492453,0.345522,0.489010,0.308779,-0.419123,-0.084490
2.869865,-2.849421,0.737639,-0.088852,0.068049,0.933415,0.340897,-0.321934,-0.065318,0.116833,0.727002,-0.872670,0.261800,-0.224017,-0.172136,0.009707,1.237580,-0.379491,0.078767,0.009325,-0.016178,0.122071,0.081960,0.441855,-0.257557,0.354072,-0.078309,-0.321103,0.008134,0.108987,-0.479476,0.333184,0.456489,0.298261,-0.400566,-0.103304
2.909992,-2.876256,0.740081,-0.082794,0.064533,0.922966,0.370290,-0.400328,-0.028681,0.157136,0.783382,-0.872536,0.261800,-0.017462,-0.146841,0.032291,0.994196,-0.295677,0.119746,0.100278,-0.014450,0.124455,0.201368,0.435029,-0.250725,0.430971,-0.039805,-0.311761,0.002333,0.062934,-0.480179,0.356067,0.410467,0.330014,-0.408864,-0.105627
2.949973,-2.904724,0.741596,-0.084547,0.068456,0.908808,0.402783,-0.489318,0.010352,0.203448,0.811798,-0.850275,0.244412,0.108894,-0.168723,0.044413,0.764906,-0.283088,0.138515,0.181578,-0.024795,0.114320,0.320224,0.422859,-0.223120,0.492090,-0.054729,-0.301843,-0.019811,-0.002674,-0.496651,0.366590,0.356642,0.320634,-0.407988,-0.065657
2.992921,-2.930351,0.743112,-0.084039,0.062745,0.895636,0.432246,-0.554735,0.077175,0.231502,0.821582,-0.809954,0.189321,0.200021,-0.169249,0.053945,0.572692,-0.296382,0.142132,0.242423,-0.020212,0.110823,0.430241,0.424975,-0.193084,0.554250,-0.066623,-0.300333,-0.055801,-0.062751,-0.516827,0.377804,0.293942,0.301838,-0.394274,-0.053148
3.036481,-2.957855,0.742726,-0.079495,0.057790,0.882527,0.459876,-0.609472,0.141555,0.254147,0.825339,-0.765378,0.144228,0.248139,-0.169428,0.072607,0.434935,-0.305884,0.140511,0.286770,-0.016989,0.127999,0.495120,0.421832,-0.190193,0.642080,-0.012992,-0.278708,-0.026395,-0.124858,-0.525892,0.382912,0.237924,0.278919,-0.387398,-0.074756
3.080228,-2.986821,0.740232,-0.074700,0.057599,0.873443,0.477702,-0.662338,0.194253,0.276693,0.813739,-0.753885,0.113278,0.246155,-0.170461,0.049453,0.354909,-0.412465,0.155343,0.296807,-0.021800,0.147325,0.524329,0.413488,-0.204391,0.743584,0.034082,-0.257889,-0.048261,-0.183828,-0.508480,0.379109,0.203024,0.263707,-0.386445,-0.091364
3.121634,-3.014159,0.738022,-0.061775,0.053408,0.873041,0.480761,-0.680933,0.232138,0.298269,0.778624,-0.748515,0.083265,0.231238,-0.157251,0.030868,0.336547,-0.555109,0.127868,0.272473,-0.022622,0.189464,0.513647,0.408907,-0.248513,0.855578,0.051804,-0.236875,-0.072698,-0.234775,-0.495599,0.371924,0.176675,0.313972,-0.405943,-0.078588
3.157297,-3.039756,0.738564,-0.046122,0.046033,0.877343,0.475419,-0.668566,0.245926,0.311123,0.709018,-0.724483,0.048525,0.220943,-0.134095,0.016106,0.327650,-0.654620,0.099119,0.236507,-0.011810,0.229953,0.475834,0.405237,-0.313959,0.971978,0.122862,-0.217631,-0.107857,-0.254581,-0.494024,0.361791,0.182434,0.321977,-0.423208,-0.102470
3.190488,-3.062935,0.742032,-0.038334,0.034886,0.881177,0.469936,-0.646565,0.275862,0.335879,0.652919,-0.690706,0.008734,0.187407,-0.101525,-0.032726,0.345582,-0.727416,0.038843,0.206106,0.013432,0.243497,0.438665,0.401584,-0.362040,1.063194,0.184680,-0.201042,-0.179702,-0.241244,-0.499857,0.354122,0.215591,0.334221,-0.431842,-0.106776
3.219585,-3.083636,0.747136,-0.034768,0.029370,0.884006,0.465254,-0.620748,0.289232,0.341541,0.643421,-0.649443,-0.012522,0.145369,-0.082510,-0.093239,0.363717,-0.757554,-0.008852,0.178579,0.031956,0.240179,0.423141,0.395050,-0.353600,1.103637,0.173394,-0.176195,-0.257482,-0.210933,-0.508675,0.350691,0.262393,0.348599,-0.423512,-0.103996
3.244977,-3.101863,0.754967,-0.027505,0.026126,0.889218,0.455908,-0.574619,0.277268,0.325327,0.676266,-0.630652,-0.013782,0.125185,-0.067700,-0.122922,0.355042,-0.743080,-0.030477,0.148928,0.043180,0.241474,0.414974,0.395241,-0.311186,1.102779,0.126387,-0.162327,-0.334899,-0.160741,-0.514226,0.339490,0.314265,0.361792,-0.406814,-0.068259
3.267084,-3.118757,0.763860,-0.022218,0.025278,0.894466,0.445868,-0.513151,0.260008,0.314854,0.726529,-0.633060,-0.007877,0.103045,-0.058239,-0.139036,0.341842,-0.697614,-0.022571,0.119574,0.051318,0.231784,0.397316,0.403845,-0.284956,1.087024,0.096355,-0.154706,-0.399269,-0.106322,-0.528876,0.338050,0.375579,0.362455,-0.395736,-0.026525
3.288542,-3.134565,0.772223,-0.021085,0.027462,0.897597,0.439456,-0.441159,0.251309,0.324937,0.780009,-0.632809,0.000437,0.064744,-0.056785,-0.158912,0.340685,-0.658545,-0.010935,0.099145,0.053628,0.209693,0.371694,0.417756,-0.277646,1.060224,0.074708,-0.154545,-0.418132,-0.052959,-0.529198,0.337501,0.450912,0.350164,-0.377259,0.001050
3.309131,-3.149829,0.778987,-0.019269,0.031996,0.900002,0.434284,-0.352051,0.240319,0.349845,0.822668,-0.623758,0.003688,0.034862,-0.065971,-0.181810,0.326553,-0.637220,0.009988,0.082543,0.046885,0.186308,0.344490,0.444190,-0.273489,1.021760,0.091270,-0.172381,-0.426639,0.001129,-0.523240,0.331949,0.527331,0.327912,-0.371172,0.017543
3.327237,-3.165154,0.782168,-0.017689,0.035804,0.903255,0.427241,-0.266871,0.211997,0.344513,0.864818,-0.621140,0.015408,0.008984,-0.075209,-0.193565,0.316811,-0.651157,0.027166,0.059227,0.038282,0.166250,0.314426,0.473710,-0.261655,0.971889,0.069384,-0.182640,-0.428415,0.046497,-0.517450,0.324265,0.593588,0.282061,-0.367193,0.018173
3.344426,-3.180127,0.782526,-0.015767,0.036249,0.906717,0.419883,-0.176309,0.183100,0.330795,0.890454,-0.619401,0.019597,-0.015857,-0.078328,-0.209572,0.318476,-0.680590,0.038157,0.034696,0.034012,0.153272,0.281044,0.508011,-0.247479,0.916406,0.059145,-0.199226,-0.421362,0.089608,-0.506614,0.314356,0.651240,0.268217,-0.368753,0.027126
3.361538,-3.195271,0.781220,-0.014973,0.033935,0.910424,0.412010,-0.081096,0.159958,0.317477,0.886703,-0.611742,0.011117,-0.043658,-0.077715,-0.242304,0.329158,-0.712478,0.031271,0.005976,0.035401,0.143042,0.242004,0.537897,-0.228835,0.862061,0.050450,-0.208451,-0.403975,0.126007,-0.500511,0.302651,0.700777,0.248495,-0.360043,0.046373
3.378073,-3.211006,0.779496,-0.013951,0.030428,0.915249,0.401497,0.019606,0.134526,0.298371,0.838116,-0.596276,-0.010935,-0.082624,-0.077303,-0.265572,0.361129,-0.729744,0.020817,-0.030744,0.038777,0.136093,0.194875,0.561110,-0.213035,0.824665,0.047279,-0.217293,-0.376807,0.148175,-0.496091,0.292137,0.762628,0.204051,-0.352923,0.040989
3.394551,-3.227529,0.777741,-0.015512,0.027415,0.920812,0.388732,0.100439,0.105958,0.265892,0.778809,-0.564423,-0.003639,-0.138728,-0.077353,-0.276242,0.412326,-0.719125,0.021273,-0.075605,0.043821,0.126372,0.139924,0.567735,-0.203689,0.811144,0.021338,-0.225373,-0.323980,0.151093,-0.484524,0.283495,0.840682,0.168858,-0.347221,0.053149
3.410407,-3.243936,0.774979,-0.020038,0.023730,0.926907,0.374003,0.170317,0.090715,0.237902,0.694031,-0.553781,-0.016672,-0.194811,-0.077450,-0.296755,0.456212,-0.710203,0.021725,-0.124873,0.052964,0.114638,0.087516,0.576928,-0.193895,0.795174,0.027432,-0.232120,-0.259403,0.154744,-0.477803,0.271917,0.901621,0.149931,-0.346052,0.085336
3.426895,-3.260905,0.772084,-0.026341,0.020297,0.933741,0.356402,0.216907,0.077131,0.195848,0.603181,-0.522243,-0.025138,-0.251015,-0.084491,-0.327520,0.491212,-0.698825,0.023013,-0.175772,0.062076,0.100803,0.033370,0.592382,-0.196646,0.778500,0.013647,-0.233195,-0.247346,0.153860,-0.465664,0.253615,0.957093,0.165453,-0.325230,0.074422
3.443582,-3.278885,0.768556,-0.033253,0.017755,0.940078,0.338870,0.240220,0.057658,0.140909,0.506697,-0.512219,-0.031982,-0.307950,-0.097610,-0.362242,0.519581,-0.661954,0.040434,-0.222671,0.070114,0.088847,-0.022065,0.608446,-0.204074,0.760596,0.004375,-0.229103,-0.237851,0.149666,-0.450525,0.232978,0.998470,0.196842,-0.305397,0.081735
3.461066,-3.298035,0.764648,-0.039470,0.017320,0.946424,0.320038,0.248868,0.051308,0.120781,0.397678,-0.556135,-0.046283,-0.368793,-0.122085,-0.392868,0.552907,-0.626338,0.050621,-0.267151,0.075017,0.084994,-0.084453,0.627713,-0.215210,0.744005,-0.012328,-0.235511,-0.300619,0.137022,-0.441970,0.213169,1.029261,0.214370,-0.297063,0.104082
3.478949,-3.317318,0.762500,-0.041175,0.016735,0.951033,0.305876,0.248250,0.049405,0.128771,0.315372,-0.603547,-0.035569,-0.411809,-0.140736,-0.407314,0.561232,-0.581873,0.063397,-0.298337,0.074121,0.092187,-0.135505,0.632990,-0.226601,0.728640,-0.019822,-0.234879,-0.307317,0.128610,-0.432859,0.206431,1.042071,0.203789,-0.296711,0.094737
3.496358,-3.336497,0.761615,-0.038980,0.016905,0.954091,0.296487,0.239430,0.040705,0.137686,0.262362,-0.636732,-0.024754,-0.442494,-0.156421,-0.406629,0.554583,-0.537149,0.087729,-0.317671,0.065829,0.108913,-0.184602,0.632639,-0.238892,0.724959,-0.024573,-0.234441,-0.310633,0.110971,-0.419765,0.203407,1.052892,0.206125,-0.289756,0.113045
3.511976,-3.354140,0.761656,-0.035415,0.016210,0.955934,0.290985,0.222232,0.032081,0.140970,0.241227,-0.663797,-0.005007,-0.464934,-0.155602,-0.370951,0.535482,-0.519018,0.129368,-0.328702,0.056005,0.124729,-0.220423,0.630796,-0.250148,0.736321,-0.024270,-0.240598,-0.319642,0.088564,-0.403183,0.207211,1.066298,0.212916,-0.282144,0.124450
3.525800,-3.369278,0.762830,-0.032002,0.013841,0.956933,0.288207,0.201406,0.026512,0.142187,0.239586,-0.681802,0.018796,-0.475128,-0.143983,-0.316300,0.522001,-0.516629,0.162839,-0.330700,0.050278,0.134695,-0.238847,0.621220,-0.264783,0.742977,-0.010248,-0.228579,-0.318099,0.073400,-0.387883,0.207788,1.070403,0.206125,-0.263290,0.147595
3.537054,-3.381498,0.764319,-0.027562,0.009944,0.956379,0.290656,0.191342,0.024802,0.155325,0.239306,-0.697162,0.045044,-0.463777,-0.150833,-0.295866,0.565672,-0.532728,0.152018,-0.321038,0.047821,0.143359,-0.242062,0.607471,-0.272287,0.760390,0.002568,-0.230102,-0.332965,0.061068,-0.377443,0.211269,1.067511,0.205831,-0.245012,0.179483
3.545529,-3.391115,0.766143,-0.021535,0.008371,0.954608,0.296967,0.201237,0.014722,0.167883,0.211779,-0.689329,0.060193,-0.429140,-0.190504,-0.319466,0.652895,-0.561705,0.111054,-0.303008,0.040990,0.147065,-0.228347,0.593437,-0.278143,0.775424,0.012932,-0.224559,-0.349117,0.055366,-0.371744,0.218758,1.058199,0.190134,-0.226043,0.207052
3.552927,-3.397231,0.768473,-0.017641,0.003591,0.954536,0.297551,0.207289,0.018944,0.168983,0.191183,-0.674986,0.056344,-0.370130,-0.218224,-0.343027,0.726588,-0.580007,0.073053,-0.293386,0.043808,0.143995,-0.197296,0.574237,-0.280932,0.790991,0.028232,-0.219547,-0.366683,0.055891,-0.368738,0.229166,1.052522,0.166066,-0.216994,0.233702
3.559430,-3.402248,0.770976,-0.015393,0.000190,0.955262,0.295359,0.204624,0.023619,0.162202,0.182198,-0.660096,0.056446,-0.303421,-0.234976,-0.348354,0.766731,-0.592745,0.046459,-0.287524,0.048144,0.133822,-0.154530,0.555890,-0.287449,0.812287,0.056457,-0.221296,-0.377701,0.061544,-0.366960,0.233334,1.050990,0.147463,-0.209491,0.249088
3.565016,-3.405526,0.773310,-0.015036,-0.001483,0.955143,0.295758,0.198013,0.027128,0.159674,0.177040,-0.649526,0.061286,-0.236686,-0.243493,-0.342195,0.774055,-0.609670,0.026869,-0.270931,0.053505,0.114763,-0.110767,0.527529,-0.295710,0.847617,0.082230,-0.219167,-0.397989,0.077023,-0.363111,0.227877,1.051551,0.145760,-0.201080,0.256592
3.570366,-3.407058,0.775017,-0.014276,-0.003186,0.954287,0.298534,0.193874,0.033021,0.163469,0.175846,-0.641144,0.059345,-0.164301,-0.244766,-0.337306,0.742561,-0.609893,0.008527,-0.246870,0.057607,0.097749,-0.069083,0.509472,-0.312391,0.887769,0.120175,-0.214666,-0.407292,0.093478,-0.359363,0.220890,1.056807,0.147635,-0.196150,0.256925
3.575566,-3.407418,0.775731,-0.012675,-0.002366,0.952516,0.304214,0.194752,0.034208,0.174862,0.169782,-0.634450,0.057626,-0.091374,-0.242110,-0.327324,0.669858,-0.597844,0.012539,-0.216086,0.055020,0.082257,-0.029959,0.493863,-0.330458,0.932649,0.162361,-0.209655,-0.396403,0.105403,-0.352337,0.210289,1.066371,0.154672,-0.192101,0.254324
3.580628,-3.406411,0.775649,-0.010433,0.000651,0.951727,0.306768,0.194578,0.031229,0.177181,0.163904,-0.629546,0.056842,-0.035877,-0.216741,-0.274674,0.561579,-0.603889,0.028658,-0.190561,0.046063,0.062344,0.016337,0.474290,-0.345132,0.980096,0.200037,-0.193681,-0.412273,0.126840,-0.346088,0.203057,1.069853,0.155730,-0.186648,0.253229
3.585815,-3.404766,0.775963,-0.006735,0.002032,0.949799,0.312783,0.202073,0.031202,0.185533,0.157412,-0.622433,0.054827,0.010392,-0.191300,-0.239172,0.444871,-0.605275,0.034656,-0.165122,0.036431,0.053747,0.060640,0.461720,-0.345863,1.030568,0.225664,-0.184509,-0.427384,0.134120,-0.337701,0.199181,1.075850,0.158894,-0.179218,0.251560
3.591651,-3.403307,0.777332,-0.003935,0.000071,0.947228,0.320537,0.210183,0.040758,0.202338,0.149860,-0.613482,0.049408,0.046424,-0.171392,-0.246816,0.361676,-0.593419,0.022857,-0.137812,0.033084,0.048172,0.098740,0.445710,-0.334042,1.089881,0.270545,-0.174984,-0.436321,0.138055,-0.328582,0.187966,1.082572,0.158980,-0.176018,0.248876
3.597199,-3.402303,0.779051,-0.004906,-0.000322,0.944477,0.328540,0.210152,0.049174,0.225734,0.140995,-0.598749,0.040589,0.067742,-0.156767,-0.268403,0.292918,-0.574063,0.012631,-0.112373,0.030769,0.038336,0.127391,0.421011,-0.325598,1.157305,0.296706,-0.156587,-0.420452,0.137596,-0.317457,0.187170,1.086843,0.183378,-0.176322,0.226058
3.602631,-3.401835,0.780802,-0.006391,-0.000544,0.943250,0.332022,0.208581,0.056685,0.238354,0.127361,-0.580825,0.033328,0.086081,-0.139278,-0.268445,0.227284,-0.544617,0.007065,-0.099891,0.028615,0.030320,0.159039,0.400566,-0.307286,1.204640,0.312395,-0.136028,-0.405835,0.139128,-0.309693,0.186514,1.081795,0.202898,-0.178657,0.208599
3.607760,-3.401871,0.782003,-0.005966,-0.000960,0.942965,0.332837,0.211394,0.060874,0.243434,0.110618,-0.565480,0.027942,0.099570,-0.126489,-0.259269,0.183599,-0.520467,0.009310,-0.096187,0.026720,0.030866,0.188450,0.382757,-0.289665,1.231217,0.311666,-0.124947,-0.395032,0.136869,-0.305966,0.185740,1.069873,0.213835,-0.180148,0.193721
3.613425,-3.401724,0.782698,-0.004997,-0.001147,0.943214,0.332146,0.212989,0.065413,0.245809,0.096808,-0.552061,0.023109,0.107279,-0.116305,-0.257198,0.157256,-0.507129,0.008396,-0.095179,0.024811,0.033307,0.215197,0.368617,-0.270871,1.240473,0.302933,-0.121845,-0.390538,0.135590,-0.303503,0.183681,1.050406,0.234874,-0.185885,0.200884
3.618466,-3.402478,0.783121,-0.004051,-0.001483,0.945009,0.327017,0.211946,0.068635,0.238838,0.082983,-0.542003,0.021845,0.125426,-0.107117,-0.268022,0.114601,-0.489407,0.007250,-0.104168,0.026301,0.036016,0.237676,0.356840,-0.257833,1.234363,0.286960,-0.126330,-0.394840,0.132988,-0.307713,0.187368,1.030751,0.229774,-0.191022,0.200247
3.622969,-3.403132,0.783362,-0.003480,-0.001678,0.946127,0.323773,0.213097,0.070440,0.233073,0.065562,-0.531834,0.019995,0.137201,-0.099068,-0.274256,0.081545,-0.473317,0.006452,-0.106227,0.027182,0.039013,0.249458,0.350676,-0.251273,1.219740,0.274845,-0.136708,-0.410198,0.132246,-0.307615,0.189078,1.015625,0.234696,-0.202953,0.195031
3.627549,-3.404131,0.783725,-0.002137,-0.002293,0.946545,0.322556,0.216632,0.072746,0.232261,0.048952,-0.519212,0.016012,0.139726,-0.093052,-0.273614,0.069481,-0.464155,0.004694,-0.104967,0.028450,0.042549,0.255322,0.347408,-0.244834,1.195205,0.273177,-0.146715,-0.424195,0.129874,-0.307616,0.186250,1.008950,0.219322,-0.205481,0.205970
3.632426,-3.405696,0.784435,-0.001285,-0.002081,0.946910,0.321491,0.214985,0.073382,0.230364,0.038441,-0.508679,0.016240,0.137448,-0.090811,-0.276726,0.062912,-0.457131,0.001683,-0.101137,0.028598,0.042493,0.252793,0.345257,-0.241499,1.169501,0.265083,-0.147403,-0.427920,0.125638,-0.304586,0.184580,1.015622,0.211526,-0.206435,0.211330
3.637593,-3.407731,0.785196,-0.002218,-0.000656,0.946990,0.321255,0.203304,0.073038,0.228129,0.038283,-0.502456,0.019630,0.122346,-0.091144,-0.274538,0.070458,-0.454771,-0.000876,-0.093889,0.027478,0.038959,0.239738,0.342836,-0.242027,1.146761,0.256411,-0.147473,-0.419794,0.119911,-0.298568,0.184813,1.028321,0.213489,-0.198912,0.215781
3.642600,-3.409602,0.785725,-0.003013,0.000541,0.947049,0.321073,0.192401,0.073243,0.225405,0.037909,-0.495774,0.019626,0.108103,-0.091719,-0.272846,0.078983,-0.455198,-0.002182,-0.088172,0.025754,0.037035,0.219845,0.344822,-0.245777,1.124941,0.246079,-0.152174,-0.410127,0.110523,-0.295641,0.192935,1.044806,0.213957,-0.195797,0.229707
3.647234,-3.411642,0.786252,-0.003370,0.001321,0.946883,0.321559,0.182368,0.073806,0.226805,0.039962,-0.492036,0.020726,0.095033,-0.092177,-0.270241,0.087535,-0.454392,-0.004637,-0.080682,0.024634,0.037158,0.195203,0.346696,-0.245936,1.101932,0.234831,-0.158563,-0.396817,0.102289,-0.293815,0.197666,1.060505,0.200676,-0.199689,0.241398
3.651011,-3.413117,0.786546,-0.002649,0.001425,0.947295,0.320347,0.175214,0.075361,0.224313,0.043949,-0.489803,0.020557,0.092808,-0.091007,-0.272591,0.083798,-0.450400,-0.006399,-0.079571,0.024206,0.038784,0.169911,0.348449,-0.241801,1.079676,0.218238,-0.160848,-0.384099,0.094823,-0.289674,0.201229,1.071403,0.192917,-0.186927,0.244957
3.654270,-3.414210,0.786809,-0.000918,0.000726,0.947649,0.319311,0.173090,0.077725,0.222090,0.045342,-0.487889,0.019296,0.095766,-0.088409,-0.275825,0.077104,-0.445531,-0.007892,-0.079266,0.024391,0.040906,0.148183,0.351418,-0.231311,1.053911,0.210163,-0.164361,-0.366561,0.091315,-0.286551,0.203850,1.077148,0.164877,-0.174458,0.241509
3.656731,-3.415470,0.787128,0.001379,0.000693,0.947970,0.318357,0.172451,0.076789,0.219347,0.047220,-0.485895,0.020868,0.096707,-0.089178,-0.275682,0.077648,-0.443776,-0.007837,-0.077860,0.022369,0.043141,0.126287,0.356750,-0.224770,1.028502,0.196239,-0.167245,-0.354941,0.090953,-0.283193,0.203663,1.081713,0.157484,-0.167897,0.244516
3.658641,-3.416499,0.787267,0.004481,0.000521,0.948070,0.318031,0.176249,0.074922,0.217490,0.046065,-0.484037,0.021771,0.100250,-0.090799,-0.277161,0.078187,-0.442089,-0.005049,-0.077308,0.020772,0.046124,0.109434,0.363687,-0.222383,0.999308,0.185903,-0.180109,-0.311760,0.090868,-0.281592,0.204816,1.085016,0.155531,-0.166137,0.251067
3.659712,-3.416863,0.787278,0.008288,-0.000866,0.949242,0.314436,0.179877,0.075973,0.208661,0.050643,-0.485665,0.021184,0.112640,-0.090142,-0.285611,0.072481,-0.440520,-0.003211,-0.084871,0.021757,0.049999,0.095888,0.366615,-0.217100,0.975791,0.169150,-0.179804,-0.290918,0.093898,-0.282201,0.200506,1.084641,0.148657,-0.162704,0.255886
3.662089,-3.418244,0.787399,0.011135,-0.001713,0.949762,0.312770,0.178361,0.076873,0.205286,0.057243,-0.488020,0.021744,0.114758,-0.090184,-0.285605,0.074920,-0.441099,-0.004872,-0.089106,0.023397,0.053682,0.082198,0.369544,-0.209760,0.956556,0.164797,-0.182462,-0.288419,0.096309,-0.284971,0.199636,1.081843,0.147461,-0.162720,0.258007
3.663925,-3.419412,0.787413,0.014033,-0.002373,0.949682,0.312892,0.181537,0.076587,0.204797,0.057982,-0.486303,0.018734,0.115612,-0.091611,-0.285609,0.081173,-0.444336,-0.004417,-0.091046,0.023978,0.057846,0.071007,0.375112,-0.210472,0.942676,0.156085,-0.181488,-0.283238,0.095406,-0.287968,0.202713,1.083372,0.147849,-0.165656,0.254731
3.665209,-3.420277,0.787459,0.016970,-0.002858,0.949722,0.312620,0.187395,0.075090,0.202503,0.054400,-0.483773,0.021280,0.120988,-0.092111,-0.284038,0.079188,-0.442986,-0.004240,-0.092745,0.023756,0.061061,0.062883,0.380701,-0.210673,0.934704,0.153778,-0.180915,-0.285502,0.095101,-0.289478,0.200898,1.088747,0.141453,-0.165653,0.249075
3.666123,-3.420920,0.787611,0.019518,-0.003222,0.949679,0.312601,0.192475,0.073681,0.202700,0.051839,-0.481946,0.020926,0.125072,-0.092986,-0.282813,0.079182,-0.441062,-0.002978,-0.093439,0.023089,0.063007,0.056786,0.384473,-0.213017,0.934712,0.158201,-0.183485,-0.289981,0.096910,-0.289523,0.191174,1.096469,0.164201,-0.172110,0.265132
3.666644,-3.421404,0.787638,0.021259,-0.003803,0.949126,0.314156,0.197401,0.073689,0.206462,0.049859,-0.480880,0.018175,0.126215,-0.093585,-0.282247,0.082059,-0.441535,-0.001416,-0.093425,0.024113,0.063505,0.056249,0.387466,-0.216166,0.938531,0.157890,-0.183952,-0.292236,0.096672,-0.291792,0.191067,1.100281,0.162982,-0.167751,0.258873
3.666196,-3.421084,0.787592,0.023961,-0.004527,0.949193,0.313750,0.205082,0.073022,0.206375,0.048696,-0.480270,0.016576,0.134771,-0.093456,-0.281563,0.079311,-0.440994,0.000831,-0.097661,0.023601,0.067170,0.061199,0.387602,-0.217815,0.943658,0.156193,-0.181530,-0.291515,0.096304,-0.292760,0.192360,1.106569,0.161455,-0.165524,0.259632
