0.000000,0.000000,0.703926,0.032735,0.030262,-0.348974,0.936072,0.312358,0.117005,0.076125,0.976940,-0.504667,-0.001078,-0.587287,-0.167619,-0.090998,0.966394,-0.518346,-0.003682,-0.179031,-0.010898,0.105585,0.234545,0.366510,-0.398157,1.282242,0.509944,-0.167119,-0.033650,0.473712,-0.458775,0.164996,0.939459,0.042758,-0.269496,0.106723
-0.046581,0.042441,0.711792,0.065121,0.032771,-0.327015,0.942203,0.354211,0.053768,0.012154,0.772645,-0.454814,-0.031568,-0.651597,-0.285202,-0.167464,0.813947,-0.410130,-0.034927,-0.231340,-0.073352,0.081496,-0.035586,0.499759,-0.143465,0.382263,0.217089,-0.386857,0.367883,0.474702,-0.423505,0.197715,0.989695,0.131067,-0.338646,0.034265
-0.106073,0.094512,0.733620,0.063510,0.035742,-0.295258,0.952634,0.278890,0.037515,-0.099067,0.718241,-0.472866,0.010018,-0.606890,-0.286018,-0.212727,0.491084,-0.094165,0.005637,-0.315745,-0.085910,0.106948,-0.048316,0.517521,-0.126519,0.214368,0.115578,-0.408967,0.353875,0.488482,-0.367322,0.189396,0.923155,0.243666,-0.316904,0.099842
-0.157133,0.148403,0.751066,0.056092,0.051556,-0.295454,0.952314,0.207713,0.026573,-0.098821,0.617371,-0.500848,-0.011162,-0.595462,-0.211540,-0.057412,0.188115,0.101276,0.048124,-0.292910,-0.064003,0.128239,-0.054281,0.508091,-0.179298,0.125585,-0.023042,-0.417049,0.259145,0.486960,-0.308586,0.152469,0.853932,0.279474,-0.290332,0.126650
-0.208725,0.201736,0.759934,0.051846,0.056071,-0.315020,0.946008,0.131897,-0.003671,-0.072367,0.560043,-0.510227,-0.018474,-0.628520,-0.195779,-0.050475,0.306662,-0.015101,0.102375,-0.233429,-0.061720,0.128666,-0.031572,0.529201,-0.208193,0.110788,-0.054814,-0.440572,0.110120,0.466128,-0.285891,0.179117,0.776478,0.335940,-0.311342,0.122967
-0.260412,0.255775,0.760383,0.031232,0.061988,-0.332259,0.940631,0.006686,0.002837,-0.064553,0.604394,-0.486714,0.005683,-0.618361,-0.131864,-0.052157,0.569276,-0.175849,0.077685,-0.182587,-0.010251,0.155053,0.002313,0.498202,-0.246005,0.179546,-0.068831,-0.429604,0.072815,0.381498,-0.302355,0.225465,0.697846,0.358740,-0.364347,0.047984
-0.303789,0.309797,0.750192,0.017178,0.062227,-0.381191,0.922240,-0.089707,0.010320,0.027785,0.671630,-0.553817,0.051439,-0.596595,-0.127048,-0.087102,0.908724,-0.312145,0.012213,-0.079716,0.013236,0.165538,0.049372,0.463077,-0.279463,0.302767,-0.077964,-0.402702,0.036324,0.251961,-0.344499,0.287861,0.645766,0.359376,-0.401634,-0.021137
-0.350887,0.361354,0.735567,0.007610,0.062208,-0.408693,0.910518,-0.218798,0.044320,0.083765,0.795867,-0.664960,0.099864,-0.522076,-0.194418,-0.143896,1.191843,-0.512214,-0.056375,-0.003717,0.029804,0.172496,0.109133,0.430393,-0.306562,0.421503,-0.084904,-0.359014,-0.002210,0.131552,-0.379992,0.291426,0.568373,0.356243,-0.426009,-0.063338
-0.397166,0.410217,0.720243,0.014823,0.066198,-0.425266,0.902523,-0.367669,0.042366,0.092447,0.876189,-0.751091,0.176543,-0.413437,-0.240262,-0.125889,1.354849,-0.553685,-0.061849,0.046186,0.007650,0.150708,0.182496,0.392533,-0.322856,0.586773,-0.066346,-0.313810,0.007908,0.016055,-0.394095,0.296419,0.493995,0.366733,-0.461054,-0.122806
-0.440305,0.454154,0.713077,0.021650,0.064349,-0.429285,0.900614,-0.468391,0.048575,0.131005,0.878236,-0.740367,0.222994,-0.226834,-0.271099,-0.120779,1.354126,-0.530498,-0.043678,0.078306,-0.015722,0.129220,0.274353,0.380929,-0.372340,0.703512,-0.099242,-0.317058,0.018079,-0.070215,-0.417084,0.300567,0.415627,0.325455,-0.471497,-0.169714
-0.484485,0.492711,0.720406,0.013371,0.039507,-0.430389,0.901679,-0.470744,0.055034,0.131984,0.799052,-0.638482,0.221259,0.058232,-0.268521,-0.157426,1.154892,-0.427257,-0.022120,0.142491,-0.019587,0.163727,0.387338,0.406771,-0.389573,0.657867,-0.113570,-0.322759,0.000906,-0.090699,-0.430316,0.280654,0.315270,0.324716,-0.470297,-0.164864
-0.535615,0.536514,0.737948,0.007050,0.035454,-0.439917,0.897311,-0.476459,0.087152,0.137366,0.611672,-0.407808,0.145550,0.239656,-0.227419,-0.165717,0.867726,-0.312903,0.011093,0.240676,-0.002290,0.166586,0.450996,0.434961,-0.385494,0.609073,-0.136774,-0.335339,-0.032621,-0.078527,-0.456186,0.272121,0.231357,0.301824,-0.480593,-0.160380
-0.591942,0.585091,0.760058,0.002912,0.045090,-0.436757,0.898444,-0.449927,0.105159,0.119458,0.271899,-0.051930,0.052468,0.323526,-0.129769,-0.096471,0.585102,-0.173225,0.025203,0.277154,0.010239,0.134155,0.518408,0.428135,-0.318391,0.558193,-0.139992,-0.336835,-0.045787,-0.058072,-0.480701,0.309059,0.174490,0.274498,-0.469081,-0.150548
-0.649136,0.635399,0.774166,0.014459,0.055646,-0.427215,0.902320,-0.465535,0.103733,0.136517,0.138966,-0.015487,-0.005866,0.314618,-0.067360,0.004089,0.423699,-0.111349,0.064461,0.274920,0.001646,0.102580,0.558743,0.388736,-0.229021,0.505534,-0.116530,-0.323942,-0.076300,-0.024419,-0.496933,0.318504,0.145607,0.281826,-0.421942,-0.083624
-0.706077,0.687796,0.780343,0.028671,0.058307,-0.409373,0.910051,-0.488847,0.098299,0.168794,0.297898,-0.171155,0.022069,0.256210,-0.044403,0.050253,0.374527,-0.162446,0.057624,0.232797,-0.019944,0.107456,0.542921,0.346592,-0.169557,0.462959,-0.083248,-0.339361,-0.074898,0.008825,-0.489364,0.314706,0.168168,0.305721,-0.415834,-0.020783
-0.764669,0.741022,0.779926,0.045784,0.050314,-0.394959,0.916177,-0.472254,0.091577,0.211562,0.585669,-0.330005,0.061053,0.155108,-0.075293,0.008083,0.427970,-0.213390,0.029191,0.203997,-0.036247,0.135203,0.454694,0.330933,-0.205807,0.432587,-0.076341,-0.349615,0.007814,0.059847,-0.468355,0.291297,0.230434,0.300062,-0.401399,-0.027533
-0.823572,0.793653,0.770499,0.065380,0.043104,-0.373746,0.924219,-0.431164,0.087931,0.247869,0.909306,-0.443512,0.094363,0.042556,-0.117470,-0.046756,0.496071,-0.338834,0.032268,0.139493,-0.075586,0.142994,0.348108,0.326608,-0.216548,0.405671,-0.074197,-0.364149,0.049830,0.097302,-0.440679,0.298736,0.331990,0.288184,-0.393363,-0.032623
-0.882356,0.843677,0.753179,0.076506,0.051350,-0.351684,0.931573,-0.382983,0.119931,0.245428,1.208288,-0.508002,0.112481,-0.125391,-0.146251,-0.099611,0.631394,-0.551621,-0.024231,0.067394,-0.093175,0.108406,0.247031,0.341476,-0.217491,0.345219,-0.048032,-0.378994,0.082016,0.132240,-0.417938,0.316083,0.458635,0.263558,-0.406441,-0.040429
-0.937893,0.893114,0.736059,0.081023,0.067265,-0.342152,0.933725,-0.288023,0.140533,0.218891,1.373292,-0.499980,0.098363,-0.323797,-0.150951,-0.100898,0.745744,-0.689752,-0.093630,0.014185,-0.084635,0.077374,0.134635,0.349456,-0.218760,0.269980,-0.033485,-0.401723,0.150865,0.163960,-0.397240,0.319726,0.584673,0.262380,-0.413619,-0.059031
-0.988903,0.942047,0.727435,0.069042,0.078417,-0.341359,0.934108,-0.128577,0.131126,0.162918,1.371387,-0.422749,0.045978,-0.469843,-0.131706,-0.132708,0.794147,-0.698748,-0.146882,-0.041884,-0.049164,0.048356,0.038993,0.374407,-0.221677,0.235354,-0.007088,-0.412839,0.219777,0.195983,-0.398912,0.347382,0.700260,0.261037,-0.423313,-0.061344
-1.036791,0.990883,0.732734,0.056189,0.072480,-0.341896,0.935252,0.080605,0.054079,0.077025,1.178395,-0.276984,0.000727,-0.547868,-0.112001,-0.128607,0.760210,-0.566637,-0.150041,-0.108983,-0.030593,0.055633,-0.005605,0.382180,-0.192753,0.171494,0.021277,-0.409340,0.257360,0.241823,-0.414665,0.367175,0.725714,0.234094,-0.418891,-0.047414
-1.085910,1.044281,0.747523,0.050458,0.076383,-0.331816,0.938892,0.224965,0.001911,-0.015738,0.910394,-0.181403,-0.016718,-0.575496,-0.104654,-0.128254,0.565196,-0.326470,-0.097100,-0.190202,-0.009827,0.058871,-0.032681,0.401398,-0.187539,0.115398,0.032832,-0.444308,0.282305,0.289982,-0.431919,0.354735,0.681485,0.266135,-0.415982,-0.018102
-1.137451,1.100740,0.764317,0.054155,0.086310,-0.311792,0.944671,0.275507,-0.030298,-0.101191,0.692549,-0.148782,0.008197,-0.563291,-0.121185,-0.104786,0.266972,-0.032648,0.003343,-0.257671,0.003391,0.040737,-0.051971,0.432261,-0.196321,0.068198,0.020752,-0.460493,0.279008,0.353732,-0.430477,0.293643,0.617423,0.300503,-0.397086,0.034235
-1.190426,1.156234,0.774061,0.050094,0.100417,-0.299598,0.947443,0.282255,-0.025171,-0.124701,0.531447,-0.180406,0.003379,-0.571934,-0.130202,-0.084358,0.173845,-0.014351,0.094249,-0.280394,0.022771,0.030297,-0.049900,0.470449,-0.202408,0.016521,0.023406,-0.469744,0.248824,0.401348,-0.431902,0.248681,0.545186,0.296492,-0.391077,0.072240
-1.244912,1.211298,0.776420,0.045234,0.108863,-0.291893,0.949158,0.253911,-0.015814,-0.092394,0.423865,-0.282744,0.001204,-0.585387,-0.150069,-0.079223,0.349558,-0.145309,0.106435,-0.279854,0.028306,0.038947,-0.033764,0.507180,-0.203918,-0.007361,0.042404,-0.463407,0.206747,0.401156,-0.439961,0.247422,0.470042,0.289768,-0.395815,0.074083
-1.300486,1.267951,0.773375,0.033791,0.115592,-0.291941,0.948824,0.174445,0.009537,-0.026716,0.396837,-0.334957,0.010000,-0.544881,-0.161170,-0.119084,0.575754,-0.295303,0.061568,-0.253816,0.042746,0.051248,-0.002410,0.518193,-0.226859,0.049674,0.017973,-0.426365,0.168655,0.340186,-0.460059,0.293278,0.420931,0.310188,-0.397795,0.041957
-1.353869,1.322534,0.760622,0.022493,0.122509,-0.301474,0.945304,0.072970,0.029409,0.038535,0.429874,-0.404171,0.022321,-0.467000,-0.174295,-0.174140,0.797682,-0.411645,0.014900,-0.199513,0.058247,0.047264,0.043433,0.519448,-0.244477,0.173346,-0.000140,-0.418479,0.067081,0.258707,-0.486733,0.322887,0.379836,0.298786,-0.422309,0.012208
-1.405804,1.376347,0.740270,0.020452,0.127629,-0.317576,0.939382,-0.059760,0.015716,0.076966,0.546778,-0.629238,0.085308,-0.365316,-0.186871,-0.187761,0.970542,-0.504422,-0.007987,-0.120529,0.057720,0.037559,0.081232,0.518261,-0.284688,0.336914,0.013143,-0.405912,0.006826,0.174086,-0.513685,0.321676,0.309096,0.328136,-0.455116,-0.016070
-1.457200,1.429244,0.719206,0.034668,0.130696,-0.342649,0.929682,-0.247403,-0.023959,0.118284,0.722972,-0.798858,0.178795,-0.257583,-0.199653,-0.143297,1.064438,-0.561442,-0.012830,-0.020540,0.007265,0.020463,0.127353,0.504355,-0.353597,0.541189,0.047562,-0.394416,0.005368,0.072336,-0.517820,0.335128,0.242404,0.331592,-0.479075,-0.072907
-1.505942,1.477964,0.704643,0.052114,0.127263,-0.362524,0.921773,-0.433362,-0.046601,0.180487,0.894191,-0.850556,0.241901,-0.097953,-0.189800,-0.090606,1.025224,-0.551109,0.020273,0.078902,-0.054380,0.018567,0.162798,0.455766,-0.409571,0.813185,0.104902,-0.332515,-0.003458,-0.032781,-0.495441,0.339179,0.206104,0.311213,-0.478541,-0.117353
-1.553365,1.521778,0.699859,0.054469,0.116708,-0.388217,0.912524,-0.540980,-0.009527,0.250760,0.963618,-0.839276,0.260121,0.112766,-0.147046,-0.048158,0.845255,-0.389310,0.068461,0.182521,-0.093260,0.047696,0.241079,0.412383,-0.419855,1.003281,0.168012,-0.287086,-0.033068,-0.141725,-0.479697,0.369400,0.157959,0.287748,-0.473742,-0.140647
-1.600139,1.568739,0.706028,0.057852,0.119336,-0.420316,0.897634,-0.633537,0.039135,0.307693,0.923768,-0.754937,0.261800,0.250919,-0.121931,0.004044,0.637666,-0.121274,0.132282,0.312106,-0.108947,0.049317,0.356616,0.405572,-0.428847,1.036415,0.212984,-0.300084,-0.094978,-0.226464,-0.487420,0.402324,0.115043,0.282679,-0.489849,-0.136156
-1.646612,1.621516,0.725023,0.059112,0.114101,-0.429954,0.893659,-0.670092,0.021074,0.319756,0.753327,-0.553794,0.261800,0.350845,-0.061855,0.138043,0.458338,0.070737,0.167895,0.398315,-0.098266,0.069627,0.455235,0.410063,-0.447089,0.997244,0.209937,-0.326679,-0.127489,-0.286814,-0.515461,0.418329,0.081699,0.213709,-0.491367,-0.222528
-1.698493,1.675488,0.748284,0.064219,0.112270,-0.420518,0.898018,-0.665829,-0.033825,0.233506,0.464955,-0.251033,0.165298,0.375623,0.029381,0.322097,0.351055,0.101674,0.176032,0.433454,-0.081645,0.096016,0.512811,0.393649,-0.443690,0.966568,0.202381,-0.328034,-0.143768,-0.309191,-0.541219,0.408713,0.045300,0.195454,-0.471763,-0.173115
-1.749020,1.728604,0.765195,0.073194,0.113173,-0.402823,0.905300,-0.655590,-0.084508,0.099428,0.306922,-0.164166,0.051119,0.356340,0.058287,0.358008,0.254519,0.141060,0.157849,0.430767,-0.070109,0.106697,0.568562,0.374854,-0.408542,0.927240,0.194783,-0.326419,-0.142404,-0.298986,-0.566859,0.405568,0.025238,0.214020,-0.477026,-0.159442
-1.797740,1.780648,0.775838,0.092595,0.108447,-0.378512,0.914546,-0.649063,-0.105227,0.095981,0.418723,-0.242542,0.058211,0.300457,0.036920,0.316228,0.208481,0.132205,0.112007,0.395189,-0.083900,0.116365,0.605513,0.358677,-0.382911,0.897584,0.193294,-0.326304,-0.127190,-0.278028,-0.576703,0.416178,0.033296,0.228907,-0.486755,-0.169486
-1.847281,1.832371,0.778833,0.117938,0.097769,-0.346970,0.925280,-0.623963,-0.129626,0.117716,0.651733,-0.335257,0.099671,0.221146,0.029500,0.363553,0.231548,0.115302,0.093880,0.334907,-0.115175,0.128517,0.601141,0.357900,-0.391420,0.895297,0.189808,-0.328710,-0.118240,-0.256334,-0.578094,0.425919,0.068582,0.223558,-0.479492,-0.158013
-1.898071,1.883373,0.773484,0.138407,0.093269,-0.313627,0.934764,-0.588778,-0.156155,0.094528,0.889688,-0.383076,0.102668,0.103629,0.022842,0.369688,0.351440,-0.031931,0.086434,0.265990,-0.144756,0.123854,0.564104,0.367758,-0.404310,0.910638,0.167241,-0.332644,-0.094526,-0.245225,-0.577257,0.448313,0.123894,0.224322,-0.484624,-0.164233
-1.947652,1.931784,0.761670,0.150333,0.092982,-0.276173,0.944713,-0.520594,-0.160549,0.049609,1.072103,-0.372134,0.085284,-0.023050,0.016835,0.347303,0.496174,-0.299597,0.047368,0.192576,-0.161518,0.111474,0.515814,0.387684,-0.388742,0.916125,0.154043,-0.339738,-0.078383,-0.216720,-0.548611,0.449270,0.171193,0.208688,-0.494997,-0.166415
-1.995217,1.976774,0.748056,0.147995,0.097289,-0.240608,0.954327,-0.421619,-0.118361,-0.006023,1.176616,-0.357601,0.070560,-0.171415,0.007762,0.255765,0.648420,-0.523908,-0.013434,0.153445,-0.133029,0.093306,0.421760,0.410403,-0.409992,0.943617,0.160232,-0.334263,-0.046587,-0.161288,-0.540055,0.419055,0.213728,0.191190,-0.491259,-0.159662
-2.041355,2.019336,0.735780,0.133348,0.104536,-0.203032,0.964401,-0.316082,-0.038659,-0.065660,1.204776,-0.350075,0.061239,-0.311137,-0.013166,0.115516,0.760210,-0.682246,-0.079580,0.115925,-0.086016,0.070917,0.298228,0.436627,-0.402087,0.984487,0.179756,-0.321052,-0.025775,-0.102726,-0.525810,0.400162,0.282602,0.199117,-0.491261,-0.159689
-2.084390,2.058272,0.725561,0.123351,0.102902,-0.168167,0.972582,-0.187476,0.050002,-0.080913,1.140103,-0.320448,0.058225,-0.384750,-0.076713,-0.020285,0.791138,-0.839660,-0.177512,0.092779,-0.068364,0.071378,0.182962,0.469253,-0.339802,0.976241,0.173191,-0.317621,0.015274,-0.046379,-0.494000,0.375052,0.371879,0.194787,-0.496034,-0.174108
-2.129018,2.096659,0.719425,0.111546,0.107792,-0.120522,0.980517,-0.116320,0.137065,-0.097370,1.041528,-0.307655,0.043803,-0.492612,-0.147491,-0.121170,0.877159,-0.872205,-0.245039,0.073679,-0.053725,0.069839,0.059713,0.504124,-0.273345,0.901702,0.139805,-0.324403,0.094160,0.030289,-0.443294,0.325495,0.446477,0.230754,-0.499818,-0.220397
-2.168345,2.135075,0.716411,0.095450,0.093305,-0.055211,0.989513,-0.040127,0.228083,-0.104312,0.918654,-0.377250,0.018946,-0.532437,-0.260484,-0.241602,0.950717,-0.861907,-0.180194,0.047471,-0.021066,0.104046,-0.082013,0.511858,-0.226319,0.807483,0.118002,-0.337315,0.163647,0.122743,-0.409253,0.256335,0.514456,0.248529,-0.489154,-0.242954
-2.206446,2.174399,0.717991,0.092050,0.084442,0.022206,0.991919,-0.008604,0.328097,0.009916,0.780502,-0.361069,-0.000253,-0.543520,-0.433030,-0.362448,0.985324,-0.825949,-0.111418,0.024340,-0.013551,0.117761,-0.216998,0.486975,-0.228271,0.698880,0.099311,-0.349883,0.205830,0.207526,-0.377537,0.214834,0.581481,0.268994,-0.485040,-0.237527
-2.241991,2.210403,0.721399,0.089142,0.084895,0.098493,0.987495,-0.007432,0.424923,0.210174,0.674210,-0.295189,-0.032889,-0.535872,-0.599145,-0.479019,0.988241,-0.779059,-0.049672,-0.005867,-0.018174,0.100978,-0.287316,0.461554,-0.230815,0.544547,0.066690,-0.372115,0.195907,0.276120,-0.359662,0.222975,0.615468,0.285333,-0.471447,-0.210855
-2.276433,2.248796,0.726366,0.079353,0.086639,0.161750,0.979813,-0.018898,0.463872,0.374169,0.622970,-0.217770,-0.071657,-0.505581,-0.727043,-0.580584,0.962008,-0.708635,-0.007474,-0.020391,-0.012947,0.075638,-0.294379,0.448933,-0.234559,0.367319,0.078151,-0.379934,0.172078,0.330830,-0.352258,0.238707,0.615956,0.290480,-0.438656,-0.143168
-2.312243,2.289464,0.732294,0.063949,0.090020,0.220545,0.969106,-0.040700,0.455567,0.513415,0.580036,-0.241402,-0.120342,-0.464728,-0.807712,-0.660699,0.898351,-0.686481,0.031437,-0.020151,0.003384,0.050040,-0.278814,0.428063,-0.254298,0.235355,0.055552,-0.392690,0.129896,0.371328,-0.336876,0.239937,0.606674,0.341568,-0.423331,-0.137445
-2.346803,2.330203,0.737445,0.042778,0.087012,0.272382,0.957292,-0.053540,0.431790,0.599053,0.537397,-0.344420,-0.137410,-0.413345,-0.830576,-0.696715,0.815126,-0.704317,0.055740,-0.001316,0.029911,0.040405,-0.242803,0.395931,-0.287145,0.159933,-0.015226,-0.404324,0.036060,0.397715,-0.325893,0.215501,0.595832,0.365797,-0.416641,-0.123849
-2.377705,2.370794,0.742867,0.017951,0.070314,0.322838,0.943668,-0.063541,0.403783,0.575952,0.504501,-0.442873,-0.135433,-0.329762,-0.779539,-0.668371,0.699842,-0.715588,0.078519,0.017512,0.062053,0.041919,-0.173426,0.386135,-0.315208,0.131977,-0.052735,-0.392766,-0.092783,0.403175,-0.336639,0.186020,0.608095,0.319134,-0.392373,-0.086585
-2.405210,2.410272,0.748576,-0.001234,0.046163,0.381456,0.923233,-0.087453,0.357868,0.434519,0.503736,-0.516164,-0.102819,-0.239429,-0.665106,-0.526573,0.589746,-0.693662,0.088197,0.016513,0.083176,0.048727,-0.086315,0.409611,-0.340534,0.170404,-0.035139,-0.395270,-0.174602,0.398102,-0.341467,0.178142,0.645112,0.283671,-0.382797,-0.055277
-2.432361,2.447375,0.752554,-0.009421,0.025522,0.442493,0.896359,-0.095356,0.280812,0.293289,0.497520,-0.580451,-0.030075,-0.180679,-0.536711,-0.336789,0.571834,-0.647908,0.092426,0.000446,0.078781,0.067800,-0.010472,0.457614,-0.345449,0.251218,0.021800,-0.385000,-0.237154,0.378172,-0.333309,0.163294,0.699707,0.237517,-0.350052,0.027404
-2.458727,2.484116,0.757095,-0.016345,0.012219,0.497560,0.867189,-0.069699,0.202708,0.211444,0.446216,-0.614384,0.042877,-0.141105,-0.407311,-0.196659,0.593240,-0.601407,0.090282,-0.017900,0.070097,0.084513,0.057562,0.478039,-0.329394,0.363664,0.099080,-0.357506,-0.257131,0.351880,-0.334417,0.176402,0.753379,0.249643,-0.317605,0.111429
-2.485590,2.518222,0.762103,-0.021695,0.004675,0.542337,0.839868,-0.031271,0.126783,0.132960,0.378405,-0.609572,0.084030,-0.133834,-0.298586,-0.112014,0.633628,-0.565357,0.073306,-0.024878,0.055133,0.100985,0.113113,0.479985,-0.295298,0.481164,0.153873,-0.333900,-0.241257,0.333710,-0.345772,0.204057,0.786836,0.235479,-0.296539,0.178179
-2.512228,2.549103,0.766583,-0.025955,0.001692,0.586132,0.809798,0.004687,0.053217,0.035280,0.311350,-0.576653,0.103640,-0.153665,-0.212162,-0.072176,0.681811,-0.536649,0.044714,-0.031019,0.035051,0.115945,0.125006,0.493272,-0.265810,0.576199,0.167932,-0.327381,-0.223328,0.327496,-0.353960,0.228233,0.804406,0.204923,-0.283136,0.217417
-2.538043,2.578641,0.770202,-0.036265,0.006080,0.637210,0.769813,0.026242,-0.003300,-0.040277,0.248837,-0.532989,0.109302,-0.201681,-0.139337,-0.069524,0.706604,-0.496788,0.017444,-0.056559,0.022099,0.116749,0.110430,0.514551,-0.240793,0.619778,0.186156,-0.317483,-0.225974,0.334088,-0.352545,0.239759,0.822293,0.203508,-0.267559,0.247468
-2.564897,2.607252,0.771078,-0.050826,0.016421,0.691848,0.720065,0.037772,-0.044247,-0.055038,0.198845,-0.498692,0.109991,-0.283835,-0.088731,-0.082031,0.717767,-0.440050,0.000779,-0.102819,0.016779,0.107497,0.075684,0.534480,-0.225741,0.625443,0.200843,-0.311512,-0.222181,0.349596,-0.349953,0.245647,0.842898,0.213011,-0.255526,0.269736
-2.592520,2.634647,0.766520,-0.066943,0.024856,0.744448,0.663851,0.036561,-0.062200,0.003616,0.212952,-0.518159,0.094709,-0.381307,-0.072221,-0.130278,0.719554,-0.423936,-0.002347,-0.157035,0.024978,0.105344,0.017711,0.545558,-0.211990,0.606061,0.209107,-0.311843,-0.218755,0.366994,-0.351823,0.241264,0.866472,0.209517,-0.248314,0.291290
-2.619956,2.661154,0.756156,-0.079773,0.030285,0.791691,0.604933,0.024923,-0.070713,0.075103,0.296078,-0.585440,0.092567,-0.493275,-0.088641,-0.186123,0.739409,-0.441170,-0.003711,-0.206096,0.041505,0.115813,-0.065047,0.544865,-0.198069,0.567335,0.221176,-0.320748,-0.206910,0.390241,-0.357070,0.228092,0.893457,0.198307,-0.246857,0.318550
-2.645247,2.687505,0.739616,-0.084907,0.031525,0.832993,0.545821,0.017873,-0.075317,0.104989,0.413916,-0.674003,0.097069,-0.610119,-0.125221,-0.226055,0.781341,-0.453362,-0.004762,-0.245557,0.055646,0.151743,-0.173338,0.533548,-0.182586,0.504727,0.240728,-0.337060,-0.185067,0.410726,-0.363785,0.221641,0.925005,0.180910,-0.237010,0.345548
-2.667453,2.716479,0.718281,-0.081927,0.025663,0.865010,0.494355,0.023338,-0.077679,0.046946,0.561991,-0.770193,0.098712,-0.720593,-0.149653,-0.237299,0.826632,-0.467469,-0.007012,-0.277641,0.049913,0.217760,-0.292740,0.530319,-0.171885,0.421053,0.238422,-0.346254,-0.144394,0.408657,-0.366680,0.271997,0.970693,0.161914,-0.237582,0.336354
-2.689683,2.750286,0.695046,-0.078890,0.016755,0.889856,0.449057,0.066469,-0.075230,-0.066847,0.652079,-0.851357,0.068938,-0.821442,-0.167788,-0.243659,0.853434,-0.457937,0.003936,-0.304073,0.053156,0.285229,-0.410353,0.530787,-0.182562,0.345489,0.245579,-0.352689,-0.085719,0.395633,-0.379116,0.343588,1.020002,0.131100,-0.265500,0.285619
-2.717561,2.790165,0.675656,-0.082997,0.021540,0.910918,0.403580,0.160687,-0.067974,-0.166141,0.580674,-0.872668,0.036870,-0.914975,-0.230154,-0.270012,0.863185,-0.425976,0.039202,-0.341150,0.062863,0.307212,-0.498452,0.531070,-0.219680,0.292992,0.255815,-0.356714,-0.054883,0.409847,-0.407429,0.345859,1.001161,0.118962,-0.284381,0.242269
-2.753994,2.837082,0.660835,-0.098256,0.025800,0.925654,0.364479,0.264866,-0.024443,-0.223401,0.462462,-0.826882,-0.012509,-0.984266,-0.297527,-0.326394,0.907191,-0.434116,0.056655,-0.384418,0.098600,0.286371,-0.508253,0.548861,-0.272863,0.248969,0.231405,-0.368290,-0.052851,0.451285,-0.438426,0.290776,0.923476,0.188701,-0.312237,0.209448
-2.795454,2.889888,0.654398,-0.123601,0.034222,0.929364,0.346172,0.334535,0.019372,-0.228773,0.378810,-0.639205,-0.083218,-1.009292,-0.375988,-0.428365,1.031393,-0.498706,-0.031874,-0.398869,0.148691,0.235181,-0.444977,0.560517,-0.322707,0.223178,0.179579,-0.369432,-0.073235,0.459365,-0.475379,0.238526,0.841599,0.262366,-0.319103,0.197870
-2.839504,2.946951,0.656217,-0.149398,0.040193,0.927255,0.340972,0.340100,0.046182,-0.214941,0.432919,-0.328680,-0.135521,-0.987885,-0.369474,-0.441007,1.132722,-0.613221,-0.129932,-0.375551,0.200724,0.164101,-0.337620,0.552475,-0.406417,0.254141,0.080787,-0.395758,-0.051730,0.431086,-0.509228,0.240377,0.782220,0.312535,-0.351846,0.132133
-2.884110,3.003251,0.661148,-0.153735,0.048564,0.919226,0.359209,0.259711,0.041421,-0.116867,0.697937,-0.196223,-0.064927,-0.922638,-0.307911,-0.376236,1.172073,-0.735164,-0.192052,-0.298518,0.207647,0.135861,-0.231252,0.519388,-0.447137,0.340645,0.117426,-0.357575,-0.126843,0.337445,-0.518203,0.249372,0.736502,0.343614,-0.371925,0.079317
-2.925279,3.055331,0.666971,-0.156638,0.057680,0.906203,0.388502,0.066186,0.062263,0.026389,1.105427,-0.290767,0.035391,-0.842342,-0.244461,-0.320404,1.166719,-0.822141,-0.228934,-0.180541,0.194662,0.137443,-0.149222,0.450667,-0.444056,0.514117,0.226747,-0.320742,-0.179506,0.183126,-0.521162,0.263661,0.659188,0.347092,-0.411036,0.022230
-2.963689,3.104718,0.676150,-0.166633,0.073583,0.892082,0.413533,-0.214483,0.092626,0.136074,1.494433,-0.434882,0.102456,-0.761823,-0.204200,-0.272005,1.095345,-0.863894,-0.231818,-0.053526,0.157377,0.121621,-0.062661,0.413056,-0.454967,0.706449,0.279550,-0.287817,-0.142525,0.012813,-0.533819,0.282394,0.519410,0.343114,-0.453652,-0.056927
-3.003004,3.156402,0.686952,-0.186567,0.103874,0.879146,0.426035,-0.560656,0.121187,0.220054,1.749510,-0.544195,0.148357,-0.693548,-0.205041,-0.227237,0.987347,-0.872670,-0.192213,0.059757,0.079258,0.067916,0.085020,0.476191,-0.448044,0.741666,0.263788,-0.301680,-0.180057,-0.128610,-0.538214,0.253183,0.311775,0.346089,-0.475922,-0.107692
-3.050843,3.215714,0.699701,-0.183433,0.127454,0.874270,0.430999,-0.821864,0.130717,0.296247,1.803555,-0.613584,0.190113,-0.530042,-0.229873,-0.188441,0.841239,-0.855807,-0.110702,0.146186,-0.014224,0.054936,0.279556,0.603424,-0.410026,0.651543,0.200805,-0.338517,-0.297894,-0.235155,-0.544148,0.201865,0.098616,0.340692,-0.487699,-0.127683
-3.107421,3.280212,0.719242,-0.162642,0.129250,0.871220,0.444766,-0.959652,0.145918,0.351851,1.675518,-0.618875,0.211642,-0.269419,-0.229548,-0.138043,0.612607,-0.677099,-0.000283,0.235552,-0.075805,0.092580,0.458627,0.714335,-0.379182,0.569189,0.125139,-0.345467,-0.365917,-0.309096,-0.562784,0.171199,-0.082618,0.329766,-0.479052,-0.152085
-3.169454,3.344287,0.741549,-0.143178,0.124361,0.865249,0.464089,-1.018658,0.147631,0.388956,1.409264,-0.553665,0.197431,-0.028574,-0.235693,-0.071988,0.396086,-0.337543,0.116575,0.324034,-0.106508,0.135601,0.607202,0.760350,-0.349622,0.522369,0.064305,-0.341974,-0.377299,-0.332561,-0.589509,0.159650,-0.244408,0.312728,-0.465750,-0.161354
-3.232024,3.408257,0.762348,-0.131879,0.105722,0.862805,0.476443,-1.013832,0.131642,0.369147,1.062817,-0.445575,0.149665,0.163716,-0.227273,-0.007583,0.248221,-0.053072,0.164234,0.382125,-0.091412,0.155482,0.723477,0.750410,-0.307923,0.483278,-0.002116,-0.339261,-0.354939,-0.316093,-0.612509,0.174632,-0.348132,0.317299,-0.475408,-0.170535
-3.293761,3.472806,0.776850,-0.132131,0.079424,0.864092,0.479144,-0.965499,0.126491,0.333681,0.727913,-0.353586,0.094425,0.263065,-0.206463,0.009294,0.293145,-0.002571,0.158138,0.408575,-0.055855,0.149901,0.780412,0.707384,-0.261535,0.450724,-0.052746,-0.339401,-0.292738,-0.264848,-0.603421,0.215764,-0.366657,0.394864,-0.507232,-0.173498
-3.356887,3.537881,0.783913,-0.133275,0.053913,0.874509,0.463212,-0.891024,0.114765,0.313126,0.529975,-0.315200,0.068818,0.318811,-0.179257,-0.018567,0.471500,-0.033057,0.132065,0.386454,-0.020134,0.138416,0.767790,0.635886,-0.221777,0.446193,-0.032303,-0.336000,-0.265913,-0.177467,-0.595417,0.221116,-0.291904,0.353329,-0.484599,-0.121534
-3.419661,3.602878,0.785183,-0.127079,0.031464,0.891129,0.434453,-0.808278,0.095770,0.282171,0.523647,-0.294321,0.097184,0.333785,-0.156172,-0.056774,0.759554,-0.064535,0.072918,0.324016,0.004919,0.138125,0.698181,0.550284,-0.205540,0.473952,0.010055,-0.334701,-0.195910,-0.072198,-0.543083,0.266078,-0.145684,0.361427,-0.480925,-0.120315
-3.480871,3.664726,0.779444,-0.120067,0.017598,0.904441,0.408976,-0.719153,0.057727,0.230460,0.606290,-0.375777,0.152039,0.271267,-0.188286,-0.099518,1.149446,-0.115671,0.001155,0.255801,0.007106,0.141543,0.599477,0.470825,-0.199943,0.499541,0.012598,-0.333465,-0.093473,0.028154,-0.482112,0.313445,0.035024,0.355135,-0.471631,-0.133488
-3.540916,3.721267,0.768385,-0.119204,0.014850,0.916821,0.380800,-0.635806,0.004535,0.179181,0.687920,-0.523190,0.200959,0.137284,-0.242734,-0.121378,1.555662,-0.187206,-0.047398,0.165767,-0.013184,0.142535,0.463651,0.388302,-0.187258,0.538683,0.015698,-0.346815,0.017271,0.101903,-0.428427,0.353540,0.249599,0.317113,-0.487638,-0.157310
-3.595046,3.771869,0.758907,-0.142844,0.022140,0.927849,0.343804,-0.604257,-0.039660,0.123187,0.739852,-0.633440,0.222701,-0.131220,-0.250729,-0.117422,1.913306,-0.228627,-0.025054,0.048187,-0.023681,0.110667,0.276764,0.332239,-0.193749,0.589792,0.071066,-0.320874,0.118778,0.161377,-0.378277,0.386772,0.472994,0.289994,-0.510791,-0.190734
-3.646751,3.821636,0.756170,-0.177001,0.022495,0.934944,0.306668,-0.571753,-0.044745,0.052677,0.747284,-0.691897,0.202965,-0.483278,-0.233577,-0.132981,2.125262,-0.221165,0.018571,-0.065267,0.009709,0.066618,0.108797,0.312143,-0.224720,0.585018,0.029620,-0.333152,0.231914,0.240665,-0.361087,0.390480,0.623631,0.286599,-0.510938,-0.198126
-3.704922,3.881230,0.761625,-0.178154,0.016207,0.943738,0.278130,-0.403424,-0.024666,-0.005674,0.660348,-0.690203,0.146627,-0.729975,-0.238454,-0.174282,2.128698,-0.219489,0.027028,-0.159718,0.045736,0.064824,0.028504,0.317661,-0.225292,0.474498,0.011744,-0.364448,0.267615,0.350222,-0.391397,0.374488,0.669387,0.292152,-0.479959,-0.114111
-3.770702,3.948923,0.772664,-0.157294,0.008115,0.955293,0.250217,-0.156481,0.014932,-0.054248,0.514297,-0.586405,0.060628,-0.846108,-0.252822,-0.227483,1.956562,-0.226260,0.022172,-0.254475,0.074429,0.083112,0.027896,0.333141,-0.203107,0.304610,0.026579,-0.378561,0.231040,0.471389,-0.439793,0.354609,0.666291,0.287292,-0.449152,-0.013047
-3.839859,4.017802,0.785727,-0.132635,0.002971,0.964393,0.228789,0.075529,0.061850,-0.088903,0.385305,-0.370730,-0.038352,-0.881927,-0.292480,-0.284200,1.680012,-0.211294,0.000659,-0.332502,0.086784,0.099978,0.066406,0.345298,-0.174152,0.133762,0.031409,-0.400705,0.167823,0.578704,-0.474873,0.328259,0.654379,0.299502,-0.425828,0.074411
-3.908369,4.086339,0.797609,-0.110899,0.008597,0.969918,0.216535,0.244579,0.085743,-0.129500,0.331647,-0.164348,-0.087020,-0.871579,-0.320780,-0.325102,1.325395,-0.177549,-0.013914,-0.381132,0.072002,0.095218,0.117188,0.365249,-0.159070,-0.010978,0.012479,-0.443406,0.108882,0.659122,-0.497480,0.302042,0.638105,0.297745,-0.410223,0.128338
-3.976683,4.152712,0.804199,-0.089779,0.021173,0.973342,0.209993,0.336803,0.094512,-0.135221,0.425666,-0.095703,-0.065430,-0.817900,-0.286327,-0.305438,0.907871,-0.157848,0.003489,-0.405162,0.043553,0.085785,0.164347,0.379152,-0.173170,-0.092909,-0.019236,-0.459716,0.116978,0.701133,-0.508930,0.269872,0.612954,0.275208,-0.397858,0.137154
-4.045708,4.216330,0.803786,-0.064747,0.041380,0.971546,0.224039,0.379803,0.070954,-0.083099,0.643086,-0.144747,-0.013219,-0.731106,-0.243239,-0.259473,0.582459,-0.129809,0.031379,-0.370584,-0.003303,0.085178,0.180479,0.378666,-0.213336,-0.071267,-0.023002,-0.476965,0.105371,0.690384,-0.499392,0.251109,0.609321,0.277399,-0.400263,0.126358
-4.112892,4.279457,0.795997,-0.041122,0.062897,0.964468,0.253289,0.359168,0.030532,-0.009334,0.953228,-0.241795,0.045563,-0.652037,-0.224717,-0.231823,0.509676,-0.148101,0.002586,-0.283182,-0.050946,0.090028,0.172731,0.382245,-0.253286,0.033428,-0.024497,-0.457051,0.060404,0.641480,-0.480005,0.240343,0.606293,0.282952,-0.399160,0.106034
-4.173977,4.341314,0.781962,-0.027338,0.074617,0.958399,0.274148,0.248923,0.055352,0.070799,1.334705,-0.369227,0.102968,-0.589582,-0.205481,-0.210064,0.634580,-0.324585,-0.093020,-0.203194,-0.072676,0.097093,0.184065,0.381648,-0.288757,0.169793,-0.007674,-0.422026,0.038390,0.555607,-0.467538,0.256345,0.586842,0.297412,-0.404738,0.077173
-4.224000,4.399479,0.765053,-0.050204,0.083997,0.952423,0.288644,-0.023498,0.116644,0.113959,1.723773,-0.482933,0.123649,-0.599240,-0.155545,-0.176222,0.768507,-0.515146,-0.180270,-0.135556,-0.066629,0.077642,0.198102,0.371889,-0.312371,0.322707,0.041222,-0.399859,0.059646,0.397616,-0.454171,0.303915,0.568766,0.328607,-0.430802,0.016824
-4.274201,4.454330,0.755599,-0.083016,0.099806,0.943322,0.305436,-0.364818,0.132177,0.146508,1.953257,-0.530751,0.129629,-0.598904,-0.119040,-0.145545,0.827694,-0.631545,-0.207973,-0.055872,-0.079896,0.038177,0.243347,0.369482,-0.322403,0.448213,0.067308,-0.378065,0.086646,0.221360,-0.433912,0.346112,0.541540,0.337642,-0.473941,-0.062466
-4.334823,4.510976,0.761225,-0.081606,0.104145,0.934224,0.331241,-0.589631,0.092909,0.188182,1.920452,-0.511716,0.124289,-0.434782,-0.092683,-0.110889,0.752862,-0.668150,-0.167494,0.038748,-0.112205,0.038933,0.359692,0.396343,-0.295114,0.463258,0.032697,-0.375117,0.029571,0.101164,-0.411960,0.353873,0.438517,0.340010,-0.489717,-0.091053
-4.400455,4.574630,0.778315,-0.055111,0.091707,0.924166,0.366702,-0.667073,0.089003,0.226652,1.693638,-0.492505,0.118386,-0.132273,-0.060655,-0.070213,0.532803,-0.558970,-0.086278,0.152289,-0.132199,0.095159,0.482564,0.458548,-0.252626,0.410536,-0.007434,-0.398340,-0.056030,0.026972,-0.402502,0.343429,0.276931,0.299899,-0.489034,-0.116229
-4.467077,4.639122,0.798089,-0.038113,0.085627,0.913539,0.395806,-0.694384,0.106458,0.274544,1.345578,-0.425160,0.135381,0.136018,-0.062101,-0.041129,0.303627,-0.323461,0.020446,0.257270,-0.148705,0.132125,0.580712,0.521538,-0.236324,0.351870,-0.069322,-0.412497,-0.094988,-0.005583,-0.405064,0.326808,0.087123,0.315946,-0.502964,-0.109359
-4.532488,4.700714,0.814601,-0.045659,0.078432,0.905352,0.414851,-0.705377,0.124041,0.331768,0.903984,-0.261247,0.128948,0.284056,-0.063016,-0.012870,0.193473,-0.099013,0.110034,0.322277,-0.144569,0.115877,0.674708,0.549248,-0.213509,0.292636,-0.119655,-0.403110,-0.108791,0.003666,-0.414120,0.320328,-0.133469,0.389366,-0.511910,-0.092542
-4.598581,4.762221,0.824423,-0.062041,0.057814,0.895804,0.436283,-0.672942,0.128606,0.327396,0.445844,-0.098903,0.056107,0.344759,-0.058206,-0.010040,0.268767,-0.013652,0.132791,0.368666,-0.109481,0.078259,0.760240,0.548402,-0.173470,0.239703,-0.151968,-0.386461,-0.118799,0.025333,-0.446677,0.305955,-0.322545,0.419062,-0.502052,-0.097234
-4.666206,4.824153,0.827350,-0.068836,0.028742,0.891257,0.447321,-0.609055,0.126348,0.300727,0.160524,-0.017156,-0.008078,0.383805,-0.067297,-0.053543,0.468973,-0.042787,0.095115,0.372591,-0.056573,0.060240,0.814392,0.538816,-0.134151,0.199017,-0.180645,-0.365080,-0.115840,0.048279,-0.479602,0.317387,-0.408955,0.501543,-0.482759,-0.081553
-4.733902,4.884770,0.823852,-0.061382,0.001107,0.895089,0.441642,-0.527300,0.125574,0.306473,0.118588,-0.017103,0.024220,0.405329,-0.104679,-0.113583,0.747449,-0.090147,0.024473,0.321366,-0.011811,0.078141,0.824995,0.521948,-0.097961,0.176749,-0.169779,-0.355517,-0.089039,0.076598,-0.490834,0.340899,-0.381538,0.571632,-0.461232,-0.059706
-4.800596,4.943646,0.812401,-0.046798,-0.018998,0.902641,0.427421,-0.433535,0.094150,0.265948,0.209998,-0.086464,0.080103,0.381679,-0.153096,-0.155816,1.086258,-0.174261,-0.051955,0.243608,0.012722,0.105140,0.797379,0.508053,-0.076063,0.169382,-0.125703,-0.369413,-0.061165,0.127531,-0.494496,0.342504,-0.270556,0.563069,-0.448375,-0.023314
-4.867351,4.999776,0.795806,-0.035678,-0.028191,0.914094,0.402945,-0.350447,0.038211,0.197168,0.349211,-0.277655,0.146682,0.314258,-0.211895,-0.190368,1.419447,-0.282892,-0.101435,0.148385,0.018255,0.118709,0.729465,0.491962,-0.085336,0.171299,-0.072824,-0.381418,-0.024712,0.207887,-0.485762,0.339862,-0.111764,0.536383,-0.445611,0.016727
-4.924406,5.053091,0.778385,-0.045325,-0.019634,0.928300,0.368538,-0.354419,-0.012970,0.132223,0.536908,-0.490737,0.194671,0.133875,-0.167499,-0.166621,1.716830,-0.425220,-0.040229,0.031557,0.012873,0.099805,0.595878,0.487486,-0.146590,0.226673,0.036619,-0.432653,0.100992,0.277890,-0.475579,0.330610,0.092212,0.400100,-0.506657,-0.046605
-4.976897,5.096188,0.768820,-0.076668,-0.002765,0.937175,0.340319,-0.385283,-0.052075,0.085018,0.647318,-0.596746,0.193563,-0.198385,-0.203814,-0.135754,1.956328,-0.434301,-0.025795,-0.060776,0.009578,0.054626,0.382860,0.521153,-0.241052,0.320424,0.133269,-0.478367,0.269237,0.320822,-0.463009,0.326817,0.326232,0.268531,-0.557883,-0.164028
-5.033894,5.142116,0.771324,-0.096637,0.005085,0.943617,0.316580,-0.298680,-0.072777,0.034638,0.596916,-0.614629,0.169100,-0.492330,-0.306090,-0.161812,2.021025,-0.373513,-0.080970,-0.142627,0.022910,0.025121,0.216774,0.530982,-0.273485,0.337443,0.171486,-0.471286,0.349076,0.363115,-0.456274,0.338136,0.537793,0.211164,-0.531152,-0.163090
-5.092871,5.199612,0.781243,-0.100997,0.009616,0.953027,0.285388,-0.142974,-0.071126,-0.018716,0.494914,-0.559483,0.116764,-0.672241,-0.332151,-0.199631,1.896791,-0.356814,-0.097190,-0.243346,0.053562,0.009546,0.130586,0.451904,-0.208687,0.173915,0.095914,-0.214510,0.269378,0.392709,-0.470199,0.303131,0.718712,0.063235,-0.290903,0.023024
-5.159318,5.264525,0.801184,-0.066693,0.016542,0.965055,0.252877,0.141621,-0.062882,-0.067756,0.280726,-0.334154,0.045683,-0.677854,-0.357590,-0.233030,1.632450,-0.316606,-0.082506,-0.318700,0.037448,0.043492,0.085257,0.382738,-0.172271,-0.007318,0.038939,-0.017061,0.183039,0.471616,-0.464692,0.241233,0.812106,0.014246,-0.155014,0.153046
-5.224715,5.326694,0.815348,-0.059395,0.020967,0.974618,0.214830,0.275006,-0.023163,-0.124869,0.229975,-0.160651,-0.034021,-0.685389,-0.368927,-0.285333,1.298465,-0.214530,-0.046880,-0.378395,0.058770,0.034668,0.084864,0.360188,-0.205584,-0.127597,0.028538,-0.098786,0.197052,0.607950,-0.464341,0.157322,0.817091,0.036883,-0.234625,0.159999
-5.287244,5.384005,0.818996,-0.081987,0.035978,0.981654,0.168340,0.254110,0.054714,-0.084527,0.365804,-0.169034,-0.077576,-0.734223,-0.388878,-0.317712,0.931329,-0.030949,0.014613,-0.475025,0.080456,-0.035510,0.117253,0.387576,-0.211882,-0.234767,-0.068240,-0.327335,0.171928,0.702831,-0.500090,0.108129,0.821721,0.011804,-0.300033,0.194602
