0.000000,0.000000,0.787859,0.035621,0.009584,0.669178,0.742186,0.157746,-0.049932,0.077839,0.019270,-0.198772,0.032670,0.110422,-0.058131,-0.030825,0.096909,-0.077551,0.157383,0.008776,-0.017080,0.064870,0.008164,0.216358,-0.202539,1.235806,-0.162314,-0.101896,-0.136260,-0.036886,-0.180108,0.063657,1.253838,0.386975,-0.025163,0.072078
0.000347,0.000317,0.787650,0.038514,0.007445,0.670973,0.740443,0.166778,-0.051436,0.072470,0.016352,-0.197167,0.031285,0.121974,-0.059750,-0.034285,0.093658,-0.079553,0.158740,0.002971,-0.019298,0.073543,0.003672,0.215042,-0.203259,1.246855,-0.156540,-0.121751,-0.125173,-0.041812,-0.186617,0.065872,1.259222,0.359202,-0.078045,0.016653
0.000098,0.000991,0.787244,0.038677,0.006873,0.670505,0.740864,0.171695,-0.051199,0.069990,0.011202,-0.199337,0.030002,0.123335,-0.058892,-0.030578,0.094035,-0.083873,0.152040,0.004371,-0.017992,0.074130,0.003023,0.213074,-0.203524,1.254947,-0.150504,-0.139866,-0.115743,-0.041957,-0.185544,0.070075,1.263687,0.352092,-0.085015,0.007699
-0.000439,0.001184,0.787734,0.031150,0.016005,0.670274,0.741287,0.142959,-0.052806,0.075500,0.016025,-0.199081,0.031952,0.093318,-0.061975,-0.031063,0.100061,-0.085914,0.138150,0.006478,-0.008091,0.040446,-0.016038,0.184726,-0.199207,1.299870,-0.126253,-0.203899,-0.104026,-0.036008,-0.188431,0.057467,1.285425,0.307729,-0.176465,0.007632
-0.000572,0.001149,0.787725,0.029597,0.017188,0.670514,0.741107,0.137918,-0.051902,0.075850,0.016634,-0.197637,0.031041,0.088650,-0.061297,-0.031442,0.100493,-0.084239,0.137046,0.006226,-0.005001,0.036585,-0.019195,0.181005,-0.201374,1.305977,-0.126018,-0.208919,-0.099154,-0.036549,-0.190078,0.055986,1.289426,0.303382,-0.179988,0.006359
-0.000571,0.000927,0.787778,0.028613,0.018542,0.670285,0.741320,0.133323,-0.052307,0.075536,0.017927,-0.198456,0.031961,0.083925,-0.061808,-0.030983,0.101342,-0.084784,0.137355,0.006987,-0.005811,0.033339,-0.020275,0.180996,-0.201845,1.305419,-0.122896,-0.204674,-0.100033,-0.036510,-0.189709,0.054865,1.290021,0.303416,-0.179640,0.009098
-0.000442,0.000539,0.787781,0.028863,0.017515,0.671377,0.740347,0.132328,-0.050997,0.073031,0.021982,-0.200701,0.032385,0.086446,-0.060275,-0.032912,0.100323,-0.084863,0.136663,0.003725,-0.003814,0.035260,-0.020607,0.180569,-0.202663,1.304286,-0.126091,-0.201076,-0.098950,-0.037521,-0.190762,0.054763,1.291074,0.303002,-0.177227,0.011172
-0.000403,0.001032,0.787648,0.030589,0.014692,0.671335,0.740376,0.141681,-0.049351,0.073634,0.020272,-0.201019,0.030023,0.096715,-0.059050,-0.034278,0.096393,-0.083373,0.135703,0.003448,-0.002307,0.042676,-0.021093,0.178128,-0.191576,1.302029,-0.149094,-0.199293,-0.097805,-0.037238,-0.190926,0.056224,1.288543,0.306256,-0.175700,0.010837
-0.000316,0.000970,0.787684,0.031186,0.014079,0.671311,0.740386,0.143737,-0.049487,0.072637,0.019810,-0.201969,0.030160,0.098888,-0.058964,-0.035031,0.095865,-0.084667,0.136319,0.002694,-0.001939,0.044143,-0.021382,0.178373,-0.192307,1.301875,-0.149939,-0.198188,-0.098053,-0.037186,-0.190578,0.056385,1.288147,0.310332,-0.176034,0.011188
-0.000374,0.000963,0.787648,0.031239,0.014026,0.671309,0.740387,0.143929,-0.049649,0.072512,0.019226,-0.200178,0.030760,0.099089,-0.058711,-0.033540,0.095628,-0.083227,0.136202,0.002040,-0.001715,0.044427,-0.021917,0.178347,-0.192882,1.301689,-0.147345,-0.197370,-0.096538,-0.039546,-0.189520,0.054899,1.291142,0.310194,-0.175828,0.010529
-0.000412,0.000817,0.787638,0.031045,0.014198,0.671362,0.740343,0.142725,-0.049470,0.072781,0.020519,-0.200757,0.030727,0.097885,-0.059192,-0.035521,0.096730,-0.084654,0.135693,0.001774,-0.001319,0.043424,-0.021645,0.178398,-0.193849,1.300740,-0.147010,-0.198008,-0.097416,-0.037646,-0.188742,0.055638,1.287281,0.310331,-0.177158,0.011488
-0.000258,0.000695,0.787709,0.031231,0.014109,0.671288,0.740404,0.142433,-0.049798,0.071165,0.021520,-0.202723,0.032401,0.097918,-0.058786,-0.034713,0.097067,-0.085226,0.135358,0.001109,-0.001117,0.043253,-0.020918,0.178681,-0.196269,1.299721,-0.145970,-0.198002,-0.096715,-0.037386,-0.187881,0.057016,1.286924,0.314166,-0.177291,0.011690
-0.000495,0.000719,0.787615,0.030916,0.013996,0.671051,0.740634,0.142482,-0.048889,0.074090,0.020879,-0.201325,0.029794,0.097541,-0.058466,-0.034170,0.096817,-0.083985,0.135439,0.001800,-0.000334,0.042932,-0.021943,0.178584,-0.198107,1.300681,-0.146092,-0.198307,-0.096519,-0.037862,-0.187122,0.057411,1.286687,0.318618,-0.178168,0.010251
-0.000533,0.000434,0.787738,0.030794,0.014346,0.670717,0.740935,0.140855,-0.049449,0.073764,0.022100,-0.202273,0.030192,0.095237,-0.058807,-0.033337,0.098618,-0.084629,0.135024,0.002246,0.000558,0.042057,-0.022114,0.178310,-0.199253,1.298862,-0.142170,-0.193978,-0.096787,-0.037962,-0.187061,0.057630,1.285876,0.319497,-0.180538,0.008041
-0.000552,0.000187,0.787759,0.030773,0.014538,0.670549,0.741084,0.139829,-0.050078,0.072882,0.022241,-0.201269,0.031142,0.093884,-0.058998,-0.032972,0.099849,-0.082844,0.134826,0.002484,0.000794,0.041230,-0.021558,0.178047,-0.200362,1.297954,-0.143102,-0.195263,-0.094812,-0.038949,-0.186723,0.057972,1.286772,0.320064,-0.180342,0.007064
-0.000785,0.000151,0.787815,0.031222,0.014090,0.669671,0.741867,0.142610,-0.050505,0.073993,0.020003,-0.200907,0.029597,0.094728,-0.059167,-0.030559,0.099783,-0.084150,0.135915,0.004653,0.000013,0.041976,-0.021326,0.178933,-0.200240,1.297120,-0.140117,-0.193201,-0.096863,-0.039091,-0.186099,0.056989,1.286370,0.317200,-0.178596,0.008759
-0.000589,-0.000052,0.787824,0.031343,0.013844,0.670253,0.741341,0.141723,-0.049787,0.074123,0.022276,-0.201673,0.030363,0.095322,-0.058651,-0.032307,0.099890,-0.084866,0.135678,0.003021,0.001100,0.042561,-0.021906,0.177781,-0.199224,1.298524,-0.143866,-0.194446,-0.096964,-0.038807,-0.187026,0.057138,1.284390,0.316562,-0.178118,0.009420
-0.000847,-0.000550,0.787830,0.030128,0.015437,0.670065,0.741530,0.136480,-0.050276,0.074590,0.022236,-0.199910,0.030614,0.088423,-0.059394,-0.030899,0.102784,-0.083529,0.134853,0.004278,-0.000027,0.037771,-0.022363,0.179772,-0.200695,1.296362,-0.135060,-0.189881,-0.102970,-0.038528,-0.186227,0.056941,1.284602,0.316034,-0.178477,0.009285
-0.000753,-0.000546,0.787914,0.031142,0.014243,0.670517,0.741103,0.139746,-0.050338,0.073455,0.022575,-0.200580,0.031241,0.093274,-0.059551,-0.033421,0.100854,-0.084134,0.134784,0.002972,-0.000115,0.040409,-0.020672,0.179062,-0.198885,1.296458,-0.143262,-0.191943,-0.098229,-0.039158,-0.186179,0.057254,1.285716,0.318001,-0.178959,0.006683
-0.000895,-0.000829,0.787988,0.030700,0.015194,0.670408,0.741201,0.136786,-0.050879,0.075018,0.023390,-0.199534,0.031293,0.089818,-0.060440,-0.032723,0.102151,-0.082617,0.136102,0.003258,-0.002349,0.038821,-0.023494,0.181952,-0.197077,1.298263,-0.136956,-0.191313,-0.101084,-0.041667,-0.185218,0.058033,1.289068,0.316763,-0.179458,0.008539
-0.000978,-0.001009,0.787960,0.030599,0.015321,0.670333,0.741271,0.136108,-0.050818,0.075445,0.023571,-0.198900,0.030407,0.089049,-0.060595,-0.032216,0.102435,-0.082566,0.136310,0.004346,-0.003298,0.037614,-0.024225,0.183746,-0.195974,1.299756,-0.134771,-0.190471,-0.105766,-0.041701,-0.185708,0.058728,1.290173,0.315385,-0.177545,0.011367
-0.000873,-0.001300,0.788019,0.030636,0.015471,0.670255,0.741337,0.136073,-0.051014,0.075703,0.022249,-0.198120,0.030483,0.088036,-0.060636,-0.032141,0.103069,-0.083612,0.136246,0.005100,-0.004623,0.035802,-0.023601,0.185696,-0.200510,1.300225,-0.130471,-0.189087,-0.102094,-0.041534,-0.185451,0.059643,1.291402,0.317905,-0.175702,0.012176
-0.000927,-0.001420,0.787987,0.031018,0.015166,0.670329,0.741260,0.137236,-0.051031,0.076714,0.022035,-0.197279,0.030707,0.088837,-0.060460,-0.030701,0.103281,-0.082779,0.136108,0.005737,-0.005122,0.036365,-0.023262,0.186059,-0.201145,1.299644,-0.125249,-0.188069,-0.099007,-0.042600,-0.186128,0.057049,1.293860,0.312073,-0.174870,0.012324
-0.000515,-0.001359,0.787943,0.031760,0.013818,0.670990,0.740657,0.140426,-0.049893,0.073033,0.022005,-0.198968,0.030096,0.094211,-0.059882,-0.034793,0.100797,-0.082737,0.136433,0.004844,-0.004953,0.038321,-0.020806,0.187890,-0.204604,1.296889,-0.122160,-0.189017,-0.095876,-0.041629,-0.186882,0.055874,1.294147,0.309441,-0.175350,0.009252
-0.000438,-0.001509,0.787836,0.032386,0.012783,0.670215,0.741350,0.144389,-0.049185,0.074450,0.020115,-0.199240,0.028375,0.096159,-0.058726,-0.032817,0.101235,-0.082894,0.137588,0.006574,-0.004301,0.040299,-0.019754,0.185467,-0.197010,1.297727,-0.138172,-0.194423,-0.094023,-0.041594,-0.188033,0.059261,1.294034,0.309321,-0.176486,0.007873
-0.000273,-0.001944,0.787925,0.032396,0.012720,0.671056,0.740589,0.142624,-0.048733,0.073844,0.021997,-0.198792,0.028656,0.096234,-0.058423,-0.034061,0.100619,-0.082971,0.135648,0.003954,-0.003680,0.039527,-0.019784,0.185202,-0.197074,1.298910,-0.140022,-0.195368,-0.092820,-0.040293,-0.189255,0.063453,1.291903,0.314105,-0.178397,0.008704
-0.000102,-0.002131,0.787991,0.032495,0.012493,0.670996,0.740643,0.143105,-0.048340,0.073475,0.021469,-0.198329,0.028156,0.096374,-0.058008,-0.034377,0.101335,-0.083721,0.134914,0.004090,-0.003671,0.038684,-0.020169,0.185379,-0.196886,1.301592,-0.140381,-0.196697,-0.093134,-0.040494,-0.189714,0.064387,1.292995,0.314697,-0.178682,0.009582
-0.000155,-0.002458,0.788008,0.032369,0.012613,0.671113,0.740541,0.141608,-0.047998,0.074335,0.022782,-0.197663,0.027546,0.095047,-0.057912,-0.033936,0.102227,-0.083245,0.134728,0.004031,-0.003883,0.037504,-0.020368,0.185528,-0.198750,1.302972,-0.139958,-0.198238,-0.091429,-0.041918,-0.190114,0.065065,1.294907,0.312746,-0.177198,0.009741
0.000086,-0.002751,0.788005,0.032313,0.012597,0.671155,0.740505,0.140831,-0.047350,0.073862,0.023713,-0.198991,0.027527,0.094180,-0.057718,-0.035337,0.102900,-0.083569,0.134656,0.004240,-0.004328,0.036699,-0.020341,0.186434,-0.204929,1.306105,-0.135320,-0.202184,-0.090615,-0.041740,-0.189787,0.064019,1.294936,0.312955,-0.178230,0.008774
0.000106,-0.002822,0.787972,0.032915,0.012249,0.671232,0.740415,0.141769,-0.048080,0.072843,0.024442,-0.200129,0.029440,0.095154,-0.057988,-0.034319,0.104085,-0.084238,0.134577,0.005314,-0.002387,0.035090,-0.018774,0.184304,-0.205603,1.307356,-0.136315,-0.203175,-0.092339,-0.038053,-0.191204,0.061398,1.293108,0.308223,-0.176264,0.007780
-0.000007,-0.003015,0.787963,0.033201,0.012047,0.670913,0.740694,0.143049,-0.048355,0.073507,0.023193,-0.198979,0.029252,0.095259,-0.057826,-0.031120,0.104575,-0.083520,0.135125,0.006244,-0.001373,0.034452,-0.019131,0.181806,-0.201995,1.306067,-0.140266,-0.197938,-0.091635,-0.037780,-0.191930,0.061099,1.293622,0.307638,-0.174396,0.008689
0.000122,-0.003244,0.788000,0.033631,0.011758,0.671058,0.740549,0.143235,-0.048496,0.072683,0.024098,-0.199293,0.028921,0.096074,-0.058104,-0.032289,0.104704,-0.084360,0.135852,0.006052,-0.001033,0.035226,-0.018034,0.181816,-0.205767,1.306977,-0.138892,-0.202425,-0.094135,-0.038067,-0.191302,0.059493,1.293918,0.309861,-0.176285,0.009909
0.000130,-0.003341,0.787959,0.033819,0.011658,0.670499,0.741047,0.143808,-0.048579,0.073855,0.024073,-0.199267,0.029622,0.095629,-0.058086,-0.030400,0.105932,-0.084490,0.134765,0.007443,-0.000731,0.035839,-0.019064,0.180583,-0.200412,1.305299,-0.144280,-0.199662,-0.097277,-0.038469,-0.191090,0.059346,1.293771,0.307782,-0.176451,0.008804
0.000231,-0.003560,0.788073,0.033483,0.012297,0.670793,0.740786,0.141200,-0.048668,0.074590,0.025519,-0.199622,0.030268,0.093357,-0.058465,-0.030776,0.106949,-0.085122,0.134320,0.007181,-0.001066,0.033945,-0.019451,0.180449,-0.201232,1.304212,-0.141689,-0.196223,-0.098113,-0.038116,-0.190668,0.059133,1.293246,0.308214,-0.175882,0.011593
0.000279,-0.003780,0.788108,0.033251,0.013270,0.670772,0.740799,0.138155,-0.049831,0.074192,0.026404,-0.199138,0.030550,0.089738,-0.059517,-0.030536,0.109434,-0.085880,0.134887,0.007381,-0.003082,0.031767,-0.019423,0.182930,-0.203869,1.301228,-0.131114,-0.192866,-0.102945,-0.037541,-0.189059,0.059294,1.292653,0.306054,-0.175776,0.013245
0.000370,-0.003827,0.788089,0.033120,0.013669,0.670829,0.740746,0.137772,-0.049946,0.074627,0.025406,-0.197393,0.029543,0.088136,-0.059591,-0.029733,0.110779,-0.085499,0.134322,0.007539,-0.003980,0.030652,-0.019243,0.183843,-0.204282,1.300762,-0.128764,-0.191240,-0.104031,-0.037125,-0.188039,0.060325,1.292867,0.305813,-0.175913,0.012149
0.000560,-0.003835,0.788158,0.033178,0.013337,0.671308,0.740316,0.137320,-0.049555,0.072553,0.027363,-0.199009,0.030838,0.088803,-0.059381,-0.032217,0.111486,-0.086006,0.134244,0.007006,-0.003230,0.031082,-0.018646,0.183265,-0.206709,1.299164,-0.131717,-0.190190,-0.101764,-0.036559,-0.187977,0.060948,1.292734,0.307640,-0.175798,0.011253
0.000659,-0.003671,0.788105,0.033050,0.013145,0.671701,0.739968,0.137476,-0.048710,0.072100,0.027648,-0.199114,0.030893,0.089245,-0.058583,-0.032105,0.111615,-0.085998,0.134546,0.006718,-0.001544,0.031047,-0.017990,0.182284,-0.207344,1.297900,-0.132517,-0.189537,-0.100765,-0.035834,-0.189149,0.062271,1.292521,0.308384,-0.174522,0.010640
0.000827,-0.003580,0.788126,0.033392,0.012954,0.672042,0.739647,0.138150,-0.049057,0.070716,0.028027,-0.200147,0.031751,0.089860,-0.058866,-0.033698,0.113008,-0.087585,0.134337,0.006935,-0.000744,0.031827,-0.017277,0.181190,-0.207204,1.296220,-0.133302,-0.188577,-0.099064,-0.034754,-0.189616,0.060882,1.292088,0.308137,-0.173895,0.010311
0.001233,-0.003357,0.788127,0.033893,0.012652,0.672203,0.739483,0.139525,-0.049024,0.070457,0.028264,-0.200309,0.032240,0.091388,-0.058663,-0.034213,0.113526,-0.088456,0.133823,0.007259,-0.001211,0.033091,-0.016600,0.181986,-0.208621,1.294563,-0.132412,-0.186999,-0.098425,-0.033380,-0.189157,0.061296,1.290667,0.307918,-0.172959,0.011435
0.001577,-0.003276,0.788013,0.033661,0.012957,0.672406,0.739303,0.138790,-0.048441,0.069752,0.028039,-0.199729,0.031594,0.090024,-0.058222,-0.034080,0.115323,-0.089232,0.133189,0.006893,-0.002711,0.032668,-0.016941,0.183238,-0.206393,1.294928,-0.133156,-0.187995,-0.099578,-0.034953,-0.187998,0.061774,1.294227,0.306659,-0.172626,0.011692
0.001986,-0.003012,0.787969,0.033491,0.013480,0.672387,0.739319,0.138097,-0.048532,0.069054,0.027836,-0.200468,0.031625,0.088677,-0.058432,-0.035174,0.116501,-0.090007,0.133803,0.006545,-0.003878,0.032221,-0.017539,0.183838,-0.206436,1.296738,-0.133036,-0.188654,-0.100994,-0.035053,-0.186896,0.061630,1.294165,0.309000,-0.175092,0.011888
0.002394,-0.002840,0.787949,0.033200,0.014199,0.672481,0.739233,0.136328,-0.048563,0.069469,0.028397,-0.201376,0.031247,0.086354,-0.058439,-0.034282,0.118569,-0.091106,0.133761,0.006632,-0.004912,0.033541,-0.018827,0.185295,-0.207664,1.295676,-0.131424,-0.188685,-0.101091,-0.035366,-0.186044,0.062364,1.291376,0.309371,-0.176218,0.008654
0.002832,-0.002732,0.787975,0.033225,0.014464,0.672275,0.739414,0.135725,-0.048155,0.070793,0.029879,-0.201721,0.030412,0.084784,-0.058088,-0.033728,0.121023,-0.092154,0.133895,0.007015,-0.005689,0.035243,-0.019808,0.186072,-0.207256,1.296324,-0.132160,-0.189419,-0.102787,-0.036365,-0.185800,0.063828,1.290748,0.308305,-0.177010,0.007394
0.003288,-0.002609,0.788041,0.033277,0.014266,0.671981,0.739683,0.135561,-0.047247,0.071013,0.031602,-0.202572,0.030340,0.083207,-0.057117,-0.033352,0.125162,-0.093354,0.133645,0.007471,-0.005152,0.036955,-0.018925,0.184870,-0.206960,1.297755,-0.140309,-0.193106,-0.097370,-0.037873,-0.186235,0.063665,1.292204,0.312462,-0.179760,0.004425
0.003632,-0.002621,0.788025,0.033070,0.014500,0.672165,0.739521,0.133839,-0.046586,0.070725,0.033244,-0.202236,0.029140,0.079809,-0.056719,-0.032930,0.130779,-0.094701,0.133238,0.007044,-0.005785,0.038843,-0.018918,0.184708,-0.205952,1.298318,-0.148515,-0.197069,-0.092153,-0.039117,-0.185391,0.064420,1.292072,0.317354,-0.182113,0.001447
0.004474,-0.002444,0.787977,0.033960,0.013118,0.672703,0.739017,0.135817,-0.044691,0.069214,0.037074,-0.205166,0.028991,0.083058,-0.055065,-0.035014,0.132947,-0.096599,0.132148,0.006267,-0.004166,0.045078,-0.017475,0.185239,-0.211135,1.295921,-0.150151,-0.200709,-0.093637,-0.039459,-0.186786,0.066029,1.289738,0.317987,-0.180369,0.003947
0.005056,-0.002355,0.787912,0.034775,0.012206,0.672014,0.739621,0.137944,-0.043581,0.070536,0.039485,-0.206961,0.028598,0.083381,-0.053952,-0.034329,0.137752,-0.098256,0.132129,0.007601,-0.003315,0.051573,-0.019149,0.184470,-0.210071,1.294921,-0.151113,-0.198596,-0.093031,-0.042923,-0.188020,0.066626,1.289812,0.317973,-0.176951,0.007158
0.005211,-0.002891,0.787982,0.034615,0.012661,0.672156,0.739492,0.132661,-0.043556,0.070477,0.046642,-0.208710,0.029072,0.076975,-0.054598,-0.035497,0.147473,-0.100681,0.132295,0.007388,-0.003041,0.055411,-0.021483,0.183892,-0.211470,1.294480,-0.152075,-0.200029,-0.093354,-0.046007,-0.189513,0.067907,1.288784,0.314793,-0.174488,0.010923
0.005276,-0.003486,0.788103,0.034726,0.013395,0.671209,0.740333,0.126641,-0.044600,0.072932,0.055438,-0.211161,0.030777,0.068536,-0.055815,-0.033757,0.159391,-0.104447,0.132366,0.009869,-0.000897,0.060239,-0.024356,0.181740,-0.212934,1.294845,-0.148497,-0.199005,-0.093081,-0.049793,-0.191452,0.064792,1.288159,0.312767,-0.175049,0.012777
0.005120,-0.004840,0.788243,0.033437,0.015791,0.670519,0.740970,0.109657,-0.045470,0.074528,0.074013,-0.216550,0.034863,0.050665,-0.057379,-0.031300,0.178092,-0.108117,0.132650,0.011713,0.002835,0.061360,-0.029087,0.178091,-0.210712,1.293027,-0.143666,-0.187358,-0.095191,-0.051626,-0.194048,0.063050,1.284233,0.312098,-0.173327,0.013913
0.004809,-0.006704,0.788495,0.031745,0.018350,0.669504,0.741903,0.086752,-0.045212,0.078590,0.101764,-0.224649,0.034809,0.029662,-0.058012,-0.026673,0.198962,-0.110753,0.131685,0.013880,0.005766,0.065276,-0.033675,0.175327,-0.213526,1.290153,-0.144976,-0.183038,-0.092545,-0.056228,-0.195959,0.063664,1.280971,0.319698,-0.173703,0.012468
0.004111,-0.009403,0.788708,0.030865,0.019553,0.668351,0.742948,0.060692,-0.043671,0.086327,0.140945,-0.236208,0.034726,0.010140,-0.058287,-0.020120,0.221585,-0.113265,0.130276,0.018946,0.009481,0.077960,-0.040364,0.175235,-0.219996,1.284370,-0.150210,-0.183646,-0.094442,-0.063900,-0.198587,0.064359,1.276868,0.326140,-0.173167,0.012487
0.002892,-0.013019,0.788994,0.030017,0.021152,0.667695,0.743528,0.024741,-0.043645,0.089508,0.194151,-0.247330,0.038600,-0.010082,-0.060792,-0.015714,0.241562,-0.114768,0.129455,0.023024,0.011604,0.093961,-0.050374,0.177248,-0.222467,1.276743,-0.155066,-0.194709,-0.098083,-0.073525,-0.199870,0.067903,1.271290,0.329905,-0.177703,0.012248
0.001319,-0.016873,0.789171,0.028604,0.024144,0.667120,0.744009,-0.018822,-0.044743,0.093738,0.254123,-0.254881,0.036904,-0.031762,-0.064954,-0.011426,0.257244,-0.113949,0.129932,0.025663,0.016095,0.109005,-0.056825,0.178620,-0.222012,1.265390,-0.164082,-0.208261,-0.098917,-0.082736,-0.202219,0.070564,1.263166,0.337154,-0.182748,0.008410
-0.001410,-0.020795,0.789609,0.027965,0.027752,0.667020,0.743997,-0.065097,-0.048774,0.100491,0.318153,-0.253162,0.031348,-0.050999,-0.072424,-0.006417,0.267778,-0.108862,0.132387,0.030992,0.023681,0.125951,-0.062462,0.177555,-0.221850,1.248749,-0.168515,-0.217860,-0.097319,-0.088507,-0.208645,0.070776,1.253192,0.342602,-0.186951,0.007998
-0.004565,-0.024876,0.790346,0.026940,0.032194,0.666019,0.744753,-0.114552,-0.050954,0.112946,0.384997,-0.243177,0.012891,-0.071870,-0.082617,-0.005138,0.276554,-0.105447,0.135141,0.041754,0.032859,0.141286,-0.070262,0.177668,-0.223829,1.234462,-0.169841,-0.224501,-0.097208,-0.090244,-0.216934,0.074568,1.239825,0.339509,-0.188307,0.004089
-0.008419,-0.028679,0.791053,0.025264,0.038317,0.665390,0.745084,-0.165714,-0.050463,0.128643,0.448356,-0.235622,-0.016437,-0.097052,-0.094467,-0.000624,0.286652,-0.100418,0.138801,0.053673,0.043218,0.151260,-0.076307,0.176544,-0.223417,1.220214,-0.170938,-0.235333,-0.094162,-0.088436,-0.229389,0.079918,1.225814,0.343024,-0.190936,0.003560
-0.013151,-0.031735,0.791805,0.025588,0.044505,0.665477,0.744651,-0.209549,-0.058726,0.121041,0.501571,-0.249457,-0.050955,-0.117838,-0.110730,0.007492,0.296187,-0.096300,0.143054,0.062378,0.051776,0.158883,-0.076586,0.174863,-0.221811,1.206235,-0.171170,-0.245923,-0.090927,-0.085361,-0.244257,0.086783,1.216275,0.340513,-0.194503,0.002415
-0.018171,-0.033546,0.792648,0.027917,0.050130,0.665183,0.744473,-0.239716,-0.067199,0.098719,0.537375,-0.278311,-0.071403,-0.131469,-0.130281,0.015278,0.302930,-0.095670,0.149114,0.070241,0.058397,0.166674,-0.069788,0.170049,-0.215755,1.188059,-0.177963,-0.249617,-0.083002,-0.081783,-0.260986,0.088501,1.211169,0.331808,-0.195537,-0.000059
-0.023325,-0.034804,0.793423,0.030128,0.054994,0.665967,0.743341,-0.256527,-0.054072,0.094065,0.552183,-0.295335,-0.079003,-0.139549,-0.149937,0.018371,0.303509,-0.093272,0.155124,0.071161,0.066096,0.172825,-0.064094,0.170617,-0.220067,1.181089,-0.176085,-0.257060,-0.085458,-0.085237,-0.280515,0.090206,1.217776,0.326304,-0.195999,0.000951
-0.028662,-0.035032,0.794380,0.032300,0.060237,0.667601,0.741376,-0.260432,-0.021528,0.108437,0.542866,-0.291160,-0.069924,-0.143606,-0.171918,0.018452,0.298435,-0.090237,0.162622,0.066124,0.068449,0.174590,-0.062353,0.173315,-0.219688,1.184456,-0.179518,-0.253935,-0.083854,-0.090323,-0.296968,0.092885,1.225534,0.325530,-0.191091,0.000083
-0.034659,-0.034492,0.795180,0.033642,0.065294,0.669953,0.738761,-0.254940,0.015200,0.114972,0.509355,-0.263151,-0.063802,-0.145675,-0.193439,0.017730,0.290854,-0.085120,0.173512,0.057823,0.070318,0.171625,-0.059545,0.175707,-0.218274,1.195053,-0.181559,-0.243892,-0.076973,-0.090770,-0.310588,0.084731,1.230394,0.325771,-0.184568,-0.005968
-0.041263,-0.033096,0.795607,0.034597,0.070383,0.672065,0.736327,-0.242508,0.049499,0.111848,0.456265,-0.221691,-0.062491,-0.148404,-0.215611,0.016105,0.285077,-0.081793,0.183224,0.047654,0.071784,0.162979,-0.050785,0.178216,-0.218587,1.208627,-0.180071,-0.230349,-0.065153,-0.086947,-0.322600,0.076591,1.234936,0.331962,-0.180945,-0.005054
-0.048338,-0.031148,0.795917,0.035767,0.075879,0.674164,0.733802,-0.225042,0.080473,0.103308,0.388333,-0.175849,-0.073296,-0.152406,-0.239899,0.014597,0.282663,-0.079909,0.194247,0.034583,0.070565,0.154388,-0.039287,0.183345,-0.212618,1.228431,-0.191649,-0.236726,-0.065768,-0.082484,-0.333555,0.073262,1.234981,0.331096,-0.179567,-0.007168
-0.056496,-0.028567,0.795832,0.036968,0.081396,0.677174,0.730372,-0.205031,0.108574,0.090477,0.313748,-0.131685,-0.093079,-0.155491,-0.266231,0.012750,0.281809,-0.079431,0.205950,0.020548,0.069514,0.139998,-0.022345,0.186683,-0.210275,1.246554,-0.212155,-0.239634,-0.059393,-0.070344,-0.345960,0.073234,1.229158,0.344287,-0.175803,-0.010433
-0.065734,-0.025623,0.795540,0.038342,0.085794,0.681357,0.725894,-0.184159,0.133600,0.063933,0.240081,-0.082460,-0.121257,-0.153276,-0.294107,0.006593,0.278591,-0.079994,0.216566,0.004051,0.067508,0.128724,-0.008754,0.191913,-0.211413,1.259897,-0.218543,-0.240530,-0.059125,-0.057619,-0.358982,0.073867,1.219813,0.351375,-0.173404,-0.009899
-0.076214,-0.022522,0.795058,0.039678,0.089107,0.686127,0.720913,-0.166243,0.158295,0.029687,0.178887,-0.030284,-0.153462,-0.148834,-0.322506,-0.001164,0.276438,-0.080023,0.226619,-0.011636,0.070171,0.121640,0.000439,0.192928,-0.212137,1.269922,-0.226684,-0.237559,-0.062915,-0.043670,-0.375343,0.070544,1.206262,0.352737,-0.167178,-0.008274
-0.087643,-0.019348,0.794146,0.040215,0.093006,0.690087,0.716598,-0.156324,0.185210,0.000419,0.141651,0.011969,-0.179937,-0.149535,-0.350896,-0.004586,0.278860,-0.079998,0.236869,-0.021412,0.070350,0.112106,0.005625,0.195700,-0.212851,1.280776,-0.235011,-0.236666,-0.066107,-0.031703,-0.390261,0.067023,1.200645,0.353341,-0.163254,-0.009629
-0.100149,-0.016209,0.792725,0.040849,0.097134,0.693234,0.712967,-0.155058,0.214224,-0.014339,0.134414,0.037994,-0.194426,-0.155532,-0.380907,-0.003701,0.289303,-0.082822,0.247099,-0.026262,0.066300,0.100161,0.015603,0.201563,-0.215067,1.283016,-0.237374,-0.238656,-0.064050,-0.015481,-0.401572,0.061920,1.197846,0.359364,-0.162578,-0.012656
-0.114046,-0.013884,0.790520,0.040656,0.100419,0.696867,0.708971,-0.163825,0.244842,-0.023795,0.148335,0.060685,-0.203416,-0.168522,-0.410002,-0.000283,0.311437,-0.087096,0.257613,-0.031569,0.062887,0.095691,0.011191,0.207774,-0.212161,1.288600,-0.247471,-0.239211,-0.066286,-0.014351,-0.412831,0.056982,1.204075,0.366887,-0.156164,-0.012426
-0.127849,-0.011963,0.787824,0.033102,0.097136,0.695541,0.711120,-0.169241,0.296306,-0.027867,0.164544,0.091889,-0.240647,-0.192252,-0.404642,0.008215,0.341056,-0.086856,0.261763,-0.025808,0.075078,0.097124,0.015570,0.221050,-0.173478,1.280038,-0.258589,-0.225997,-0.087979,-0.022189,-0.415417,0.019253,1.215752,0.353868,-0.154371,-0.031556
-0.143680,-0.009924,0.784430,0.025044,0.096410,0.693383,0.713651,-0.176552,0.336058,-0.036563,0.174983,0.115759,-0.261787,-0.221120,-0.405446,0.020105,0.367274,-0.084743,0.261800,-0.020709,0.085741,0.093980,0.027732,0.230462,-0.142974,1.265527,-0.257248,-0.219182,-0.091977,-0.024326,-0.420902,-0.008183,1.217557,0.337227,-0.156006,-0.044160
-0.161099,-0.007459,0.779527,0.018115,0.096981,0.692812,0.714338,-0.184961,0.369535,-0.050835,0.180023,0.129012,-0.261800,-0.249546,-0.416836,0.033031,0.396675,-0.087489,0.261800,-0.021459,0.089032,0.088899,0.034378,0.237320,-0.132033,1.259000,-0.253488,-0.220536,-0.076978,-0.025638,-0.428382,-0.013900,1.212814,0.325798,-0.153757,-0.036980
-0.179373,-0.004657,0.772964,0.007360,0.096586,0.693851,0.713574,-0.203636,0.411926,-0.057017,0.187354,0.139491,-0.261800,-0.283333,-0.423973,0.039363,0.433849,-0.095078,0.261800,-0.028556,0.093754,0.075122,0.049306,0.245565,-0.121003,1.249842,-0.250453,-0.226210,-0.072571,-0.029492,-0.431318,-0.019274,1.215557,0.309412,-0.155098,-0.021286
-0.199212,-0.001997,0.765020,-0.004489,0.096591,0.696336,0.711173,-0.227146,0.453361,-0.049562,0.192863,0.161307,-0.261800,-0.318450,-0.434303,0.041427,0.471737,-0.103102,0.261800,-0.036459,0.095411,0.059643,0.057070,0.258871,-0.112384,1.240733,-0.241819,-0.227548,-0.075718,-0.029483,-0.430918,-0.026120,1.206156,0.301713,-0.156616,-0.013746
-0.220352,0.000239,0.755966,-0.020054,0.093820,0.698467,0.709182,-0.255152,0.500316,-0.051864,0.200218,0.182687,-0.261800,-0.349358,-0.435664,0.041562,0.499811,-0.102684,0.261800,-0.039175,0.103880,0.045245,0.062947,0.274310,-0.106641,1.225331,-0.234515,-0.229044,-0.075787,-0.018638,-0.428132,-0.037167,1.179372,0.308929,-0.161568,-0.014617
-0.243322,0.002465,0.745983,-0.035774,0.088771,0.699936,0.707764,-0.282650,0.537747,-0.074757,0.217021,0.173409,-0.261800,-0.371395,-0.435702,0.042399,0.517615,-0.100631,0.261800,-0.039054,0.109032,0.032817,0.068514,0.297020,-0.112784,1.204109,-0.229678,-0.233878,-0.072453,-0.007474,-0.422972,-0.044212,1.159317,0.318208,-0.165253,-0.016393
-0.269774,0.003899,0.736574,-0.037845,0.078961,0.704086,0.704695,-0.291633,0.527789,-0.117828,0.260116,0.134142,-0.261800,-0.356643,-0.455053,0.042344,0.522167,-0.096135,0.261800,-0.048494,0.094950,0.049663,0.054462,0.325764,-0.122657,1.190547,-0.222861,-0.233094,-0.068049,-0.014319,-0.416023,-0.060809,1.158387,0.326494,-0.161761,-0.025785
-0.298690,0.005215,0.728826,-0.037571,0.065613,0.709978,0.700153,-0.295278,0.508444,-0.133109,0.316846,0.044129,-0.261800,-0.314891,-0.470283,0.045556,0.499741,-0.073289,0.261800,-0.063758,0.079168,0.076558,0.037117,0.350417,-0.133902,1.174890,-0.217724,-0.237927,-0.062119,-0.021881,-0.408544,-0.089545,1.156802,0.350470,-0.159481,-0.041349
-0.327181,0.006537,0.722777,-0.053609,0.043445,0.712640,0.698128,-0.321753,0.544386,-0.133950,0.385207,-0.092792,-0.261800,-0.273494,-0.439969,0.033796,0.456720,-0.013377,0.261800,-0.071078,0.093772,0.092018,0.027754,0.367346,-0.142268,1.159653,-0.207177,-0.250424,-0.055249,-0.016501,-0.398412,-0.117326,1.146933,0.371400,-0.166704,-0.057002
-0.356124,0.005941,0.721190,-0.079057,0.015622,0.711199,0.698356,-0.371273,0.604387,-0.153945,0.466102,-0.215257,-0.261800,-0.240572,-0.384862,-0.002159,0.399277,0.096057,0.261800,-0.067076,0.129355,0.104407,0.011576,0.376706,-0.165859,1.153149,-0.203970,-0.260007,-0.042910,-0.006849,-0.386311,-0.141830,1.138858,0.389551,-0.177800,-0.066400
-0.388653,0.004362,0.725934,-0.093073,-0.000863,0.710695,0.697315,-0.416367,0.602433,-0.187398,0.550504,-0.290840,-0.261800,-0.205523,-0.369996,-0.033926,0.315473,0.245648,0.261800,-0.055348,0.142777,0.118673,-0.028094,0.376363,-0.209543,1.164636,-0.200687,-0.266068,-0.038215,0.000463,-0.376946,-0.167668,1.146310,0.413008,-0.184745,-0.068433
-0.421893,0.004643,0.733240,-0.097138,-0.005682,0.712667,0.694722,-0.445279,0.560293,-0.205562,0.617775,-0.323594,-0.261800,-0.179519,-0.377129,-0.006635,0.252375,0.326328,0.261800,-0.035157,0.131292,0.121894,-0.061447,0.382380,-0.251361,1.166415,-0.191936,-0.270282,-0.043667,0.017635,-0.358981,-0.177599,1.171174,0.415589,-0.183361,-0.066208
-0.449753,0.004985,0.741700,-0.103181,-0.010393,0.712076,0.694401,-0.455478,0.538960,-0.202643,0.645460,-0.331781,-0.261800,-0.175669,-0.347190,0.025238,0.238531,0.280857,0.261800,-0.005177,0.118253,0.117098,-0.071765,0.402307,-0.270871,1.140913,-0.186275,-0.267278,-0.051616,0.035611,-0.332044,-0.164757,1.208424,0.393745,-0.170026,-0.059156
-0.473497,0.004014,0.750751,-0.106141,-0.019701,0.710583,0.695282,-0.441940,0.531196,-0.197501,0.649402,-0.336012,-0.261800,-0.169320,-0.291986,0.025359,0.253577,0.185431,0.261800,0.015138,0.107388,0.124754,-0.066789,0.421759,-0.259087,1.107288,-0.189867,-0.261324,-0.069112,0.034791,-0.308897,-0.139186,1.254976,0.352022,-0.152688,-0.041512
-0.494942,0.002188,0.759585,-0.095909,-0.022577,0.714559,0.692601,-0.406191,0.498458,-0.176882,0.635050,-0.338551,-0.261291,-0.160122,-0.261985,0.010566,0.304483,0.091747,0.261800,0.008058,0.076300,0.152539,-0.065749,0.433739,-0.243153,1.080116,-0.220589,-0.268927,-0.063265,0.007091,-0.300390,-0.115472,1.293608,0.320014,-0.139194,-0.025881
-0.516013,-0.000168,0.767616,-0.083178,-0.017484,0.720268,0.688469,-0.366911,0.446527,-0.136808,0.599599,-0.339091,-0.239703,-0.166012,-0.248057,-0.027921,0.380387,0.012074,0.261800,-0.008963,0.040732,0.170203,-0.057660,0.437741,-0.239654,1.060435,-0.252765,-0.289946,-0.015507,-0.009897,-0.298000,-0.098856,1.299692,0.320148,-0.136011,-0.025393
-0.537854,-0.002666,0.773971,-0.074199,-0.009710,0.724701,0.684988,-0.329877,0.386751,-0.100487,0.546143,-0.339382,-0.195282,-0.183734,-0.233297,-0.087074,0.463649,-0.049650,0.261800,-0.027574,0.016738,0.168556,-0.035412,0.431784,-0.231160,1.046665,-0.281194,-0.298733,0.009813,-0.005091,-0.298329,-0.086273,1.276236,0.333787,-0.141034,-0.030491
-0.559825,-0.005250,0.779013,-0.058890,0.002943,0.730839,0.679999,-0.289469,0.301865,-0.076627,0.488242,-0.333493,-0.147923,-0.205820,-0.234373,-0.131011,0.561598,-0.110188,0.261800,-0.054355,-0.019156,0.173326,-0.026455,0.428600,-0.231860,1.041301,-0.314321,-0.281277,0.007764,-0.004985,-0.302957,-0.067498,1.237899,0.368074,-0.144855,-0.039795
-0.579609,-0.007910,0.783405,-0.040868,0.015972,0.735759,0.675820,-0.247352,0.216327,-0.056162,0.428690,-0.310201,-0.113844,-0.231502,-0.225901,-0.146152,0.657441,-0.163812,0.258867,-0.077174,-0.061421,0.182389,-0.029613,0.431609,-0.241747,1.054816,-0.322394,-0.260190,0.004467,-0.006524,-0.300836,-0.045794,1.196248,0.397554,-0.148937,-0.047729
-0.595841,-0.010267,0.787240,-0.029701,0.022917,0.737747,0.674034,-0.212144,0.160552,-0.039869,0.374381,-0.283399,-0.094121,-0.253275,-0.173752,-0.149890,0.715875,-0.200871,0.252843,-0.091037,-0.085514,0.184369,-0.034975,0.428661,-0.250470,1.094148,-0.318495,-0.244693,-0.003859,-0.003054,-0.292808,-0.025347,1.159168,0.407798,-0.153157,-0.047807
-0.610493,-0.011600,0.790500,-0.022464,0.024692,0.740517,0.671208,-0.179065,0.121097,-0.035344,0.324764,-0.261514,-0.079928,-0.259499,-0.090953,-0.134811,0.726065,-0.233132,0.244779,-0.105759,-0.091373,0.183381,-0.041318,0.418413,-0.258321,1.143019,-0.305965,-0.223610,-0.013293,0.001995,-0.286256,-0.004078,1.128914,0.403733,-0.154045,-0.043816
-0.623596,-0.012662,0.792919,-0.015430,0.027421,0.742573,0.669026,-0.142940,0.083504,-0.032194,0.265600,-0.234295,-0.068609,-0.260325,-0.005275,-0.093990,0.701671,-0.262468,0.237338,-0.119346,-0.097011,0.179725,-0.047530,0.406496,-0.261064,1.189671,-0.275359,-0.203145,-0.020577,-0.001507,-0.280900,0.020962,1.109614,0.382848,-0.151162,-0.032497
-0.635340,-0.013348,0.794377,-0.008935,0.031428,0.743158,0.668318,-0.107791,0.047470,-0.029172,0.204875,-0.205568,-0.059388,-0.250455,0.060980,-0.051465,0.643802,-0.281416,0.232596,-0.127597,-0.105335,0.170942,-0.050353,0.392845,-0.259252,1.228486,-0.255680,-0.187529,-0.023349,-0.007336,-0.272904,0.047723,1.097691,0.369945,-0.146865,-0.022151
-0.646971,-0.012528,0.794845,-0.001423,0.033219,0.744124,0.667213,-0.067888,0.014303,-0.028724,0.148868,-0.183723,-0.051585,-0.212592,0.090818,-0.033011,0.553096,-0.289118,0.221730,-0.128945,-0.109446,0.164002,-0.049703,0.377139,-0.254968,1.253962,-0.257327,-0.179569,-0.033253,-0.005440,-0.261927,0.063757,1.086447,0.366355,-0.146586,-0.020889
-0.658642,-0.010934,0.794071,0.006740,0.034796,0.743264,0.668059,-0.027036,-0.017557,-0.020695,0.099206,-0.170727,-0.038792,-0.164830,0.083684,-0.034557,0.458238,-0.278767,0.196219,-0.117494,-0.111177,0.158720,-0.047846,0.363163,-0.253286,1.265531,-0.266430,-0.181796,-0.053326,-0.000469,-0.249703,0.072714,1.076378,0.366833,-0.148017,-0.018119
-0.670064,-0.008985,0.792619,0.014168,0.036863,0.739907,0.671549,0.013065,-0.048810,-0.009258,0.049319,-0.156108,-0.021634,-0.119304,0.057482,-0.040263,0.371536,-0.222234,0.162809,-0.094433,-0.106668,0.150177,-0.039997,0.346534,-0.251079,1.260762,-0.273283,-0.185801,-0.070131,0.007356,-0.239613,0.078367,1.070708,0.372435,-0.147282,-0.015954
-0.680518,-0.006452,0.791212,0.019753,0.036095,0.734322,0.677554,0.057180,-0.069414,0.007552,-0.002595,-0.136169,-0.011897,-0.072798,0.037977,-0.038543,0.290129,-0.146191,0.123142,-0.063605,-0.093403,0.140956,-0.021807,0.327909,-0.243159,1.238930,-0.268157,-0.186725,-0.079632,0.016859,-0.232164,0.083753,1.071244,0.370512,-0.146232,-0.013392
-0.690162,-0.004171,0.790885,0.020150,0.034785,0.726734,0.685742,0.085778,-0.079703,0.026141,-0.036694,-0.129132,-0.002149,-0.040818,0.030251,-0.027314,0.230794,-0.116512,0.093080,-0.032501,-0.073947,0.120959,-0.005219,0.299213,-0.216816,1.228100,-0.219053,-0.194457,-0.087827,0.019927,-0.227122,0.087936,1.094199,0.327712,-0.169690,0.018726
-0.698989,-0.003012,0.791851,0.017233,0.032912,0.719424,0.693577,0.091627,-0.083824,0.041894,-0.040303,-0.138539,0.006613,-0.019320,0.027148,-0.010863,0.187434,-0.108520,0.094789,-0.009788,-0.047577,0.098750,0.008014,0.261621,-0.186841,1.228881,-0.170230,-0.209328,-0.088412,0.011586,-0.226055,0.087185,1.129437,0.282305,-0.196297,0.054037
-0.706309,-0.002585,0.792987,0.015421,0.028278,0.713679,0.699732,0.094241,-0.081829,0.057788,-0.030441,-0.150873,0.005089,-0.000174,0.028592,0.009727,0.155779,-0.088203,0.109579,0.003413,-0.020479,0.089505,0.027555,0.233856,-0.176247,1.216364,-0.165122,-0.217692,-0.080550,-0.002591,-0.226078,0.087622,1.151579,0.272778,-0.197322,0.056079
-0.711889,-0.002065,0.793658,0.014062,0.025014,0.709324,0.704298,0.098811,-0.081842,0.062697,-0.026642,-0.169331,-0.001311,0.004744,0.030707,0.028110,0.149222,-0.078083,0.120277,0.007458,-0.000828,0.080656,0.044005,0.213435,-0.172889,1.209986,-0.161233,-0.221410,-0.081793,-0.014774,-0.223586,0.089455,1.166160,0.258173,-0.203395,0.044123
-0.715679,-0.001517,0.793626,0.013050,0.022508,0.707272,0.706463,0.106777,-0.081330,0.063985,-0.030816,-0.187811,-0.012736,0.003645,0.032948,0.034886,0.154817,-0.077193,0.118474,0.001485,0.011544,0.073511,0.056052,0.200626,-0.175822,1.209211,-0.160124,-0.218846,-0.093084,-0.022780,-0.217284,0.088738,1.167101,0.252735,-0.206920,0.030974
-0.719081,-0.001439,0.793282,0.012587,0.020114,0.708393,0.705419,0.114303,-0.080675,0.063920,-0.037225,-0.196713,-0.018913,0.000809,0.032965,0.030572,0.166650,-0.081384,0.111151,-0.015558,0.019171,0.069466,0.061934,0.193390,-0.188228,1.214690,-0.159038,-0.212237,-0.103415,-0.027727,-0.210030,0.087586,1.158996,0.256013,-0.210189,0.025091
-0.722417,-0.001667,0.793049,0.012416,0.018884,0.711576,0.702246,0.117880,-0.084043,0.055508,-0.041409,-0.203394,-0.018676,-0.002743,0.028520,0.019180,0.178501,-0.089888,0.110462,-0.038529,0.022414,0.065370,0.058582,0.190737,-0.205957,1.232906,-0.145094,-0.206429,-0.118841,-0.030654,-0.203418,0.087204,1.152631,0.249702,-0.213215,0.021901
-0.725210,-0.001877,0.792976,0.012516,0.017811,0.715633,0.698137,0.119444,-0.087747,0.044275,-0.043098,-0.206530,-0.014773,-0.002632,0.023256,0.008320,0.184815,-0.092373,0.110211,-0.058958,0.022909,0.061695,0.048035,0.192977,-0.230890,1.258631,-0.122374,-0.199111,-0.135406,-0.029514,-0.197262,0.085827,1.149391,0.249966,-0.211160,0.026560
-0.727374,-0.002495,0.793340,0.013315,0.015865,0.719348,0.694341,0.121169,-0.090065,0.035074,-0.042401,-0.202612,-0.012674,0.000873,0.019953,0.001935,0.187841,-0.089454,0.112381,-0.072499,0.023097,0.061256,0.031586,0.194604,-0.252787,1.285807,-0.115457,-0.191901,-0.142631,-0.027533,-0.193339,0.087964,1.153959,0.258003,-0.211177,0.030893
-0.729025,-0.002684,0.793518,0.013917,0.014572,0.721016,0.692626,0.122915,-0.091923,0.029795,-0.040905,-0.200398,-0.012233,0.005341,0.017970,-0.000884,0.185780,-0.087455,0.113351,-0.075881,0.022224,0.061099,0.013212,0.194982,-0.260401,1.308415,-0.117701,-0.182996,-0.142343,-0.026851,-0.192420,0.089863,1.167311,0.259091,-0.207567,0.026173
-0.730113,-0.002253,0.793490,0.013771,0.014005,0.720863,0.692799,0.124442,-0.092548,0.029784,-0.040948,-0.199283,-0.012759,0.009749,0.017612,-0.001721,0.179252,-0.086369,0.112789,-0.070233,0.019965,0.056625,-0.000315,0.196421,-0.257822,1.320272,-0.116161,-0.179994,-0.132460,-0.023698,-0.192352,0.088941,1.186949,0.258816,-0.202951,0.021177
-0.730855,-0.002056,0.793474,0.012857,0.014248,0.719973,0.693737,0.124301,-0.092896,0.035578,-0.043009,-0.195921,-0.012064,0.011667,0.018176,0.000175,0.171796,-0.083231,0.113201,-0.063517,0.017201,0.049113,-0.004220,0.201171,-0.252344,1.313749,-0.115053,-0.186401,-0.123187,-0.020975,-0.193071,0.089860,1.209994,0.260342,-0.198426,0.017561
-0.731306,-0.001728,0.793117,0.011367,0.015024,0.717961,0.695829,0.122480,-0.092945,0.038852,-0.045206,-0.195164,-0.007670,0.013005,0.019350,0.003379,0.161191,-0.083478,0.112874,-0.054385,0.014556,0.041754,-0.001367,0.208268,-0.246468,1.291702,-0.112383,-0.194169,-0.117018,-0.019627,-0.194681,0.089201,1.234953,0.265155,-0.195411,0.013429
-0.731616,-0.001242,0.792644,0.010514,0.015687,0.716219,0.697620,0.119957,-0.093908,0.038667,-0.045489,-0.195870,0.002527,0.017576,0.019902,0.005949,0.146583,-0.086693,0.111671,-0.046613,0.010838,0.036276,0.005530,0.214440,-0.241026,1.262681,-0.118666,-0.204501,-0.106633,-0.019393,-0.196263,0.086293,1.259980,0.278151,-0.194021,0.010342
-0.731911,-0.000657,0.792491,0.011678,0.015134,0.714965,0.698899,0.118765,-0.096603,0.043439,-0.038045,-0.193247,0.017704,0.027603,0.019610,0.010151,0.133000,-0.087861,0.112333,-0.040583,0.007731,0.036147,0.012404,0.215449,-0.229801,1.236066,-0.132022,-0.215306,-0.095243,-0.019281,-0.199070,0.079534,1.282407,0.290109,-0.190281,0.008477
-0.732177,-0.000125,0.792353,0.013362,0.013834,0.713213,0.700684,0.117177,-0.098630,0.048352,-0.025251,-0.189539,0.034093,0.037798,0.019556,0.016567,0.122008,-0.083103,0.111652,-0.032947,0.005142,0.038981,0.017007,0.216285,-0.216120,1.212132,-0.133815,-0.218695,-0.094031,-0.017511,-0.202019,0.070294,1.296937,0.299131,-0.185434,0.012639
-0.732349,0.000322,0.792322,0.015014,0.012859,0.711622,0.702285,0.118682,-0.099300,0.057800,-0.019477,-0.180622,0.042999,0.044654,0.019922,0.025523,0.116480,-0.077346,0.110632,-0.026923,0.001702,0.042680,0.016886,0.216435,-0.206631,1.198390,-0.134468,-0.221264,-0.092875,-0.016549,-0.204561,0.065700,1.304465,0.306659,-0.185217,0.015634
-0.732811,0.000861,0.792254,0.016256,0.012364,0.710231,0.703672,0.121708,-0.101211,0.062625,-0.019047,-0.177191,0.047327,0.048295,0.017479,0.027039,0.116300,-0.080191,0.111753,-0.022482,-0.001027,0.045036,0.014106,0.214188,-0.198096,1.194959,-0.138546,-0.223928,-0.094401,-0.015488,-0.206762,0.064466,1.307548,0.308859,-0.186490,0.015181
-0.733422,0.001281,0.792136,0.016654,0.012076,0.709296,0.704611,0.123910,-0.102370,0.064921,-0.019871,-0.176832,0.048302,0.049273,0.016491,0.028423,0.116515,-0.080770,0.111573,-0.021083,-0.002102,0.044653,0.013942,0.210978,-0.196922,1.195792,-0.142531,-0.225533,-0.091916,-0.013871,-0.208119,0.063240,1.307825,0.312288,-0.187650,0.016170
-0.734028,0.001775,0.792049,0.016880,0.011553,0.708554,0.705360,0.127980,-0.102802,0.066842,-0.023816,-0.173721,0.047300,0.049493,0.017548,0.032790,0.118542,-0.078925,0.111316,-0.021891,-0.001292,0.044474,0.012862,0.208043,-0.200897,1.203083,-0.136490,-0.224242,-0.090515,-0.012859,-0.209596,0.060252,1.305016,0.312684,-0.188123,0.015133
-0.734382,0.002131,0.792115,0.016917,0.010721,0.708643,0.705283,0.130534,-0.101642,0.067924,-0.024415,-0.171112,0.045759,0.050808,0.018818,0.033961,0.119944,-0.077241,0.110563,-0.025500,0.000867,0.045079,0.010723,0.204010,-0.202258,1.215920,-0.128629,-0.220176,-0.095532,-0.012218,-0.210642,0.057033,1.298293,0.307869,-0.187854,0.015701
-0.734752,0.002375,0.792094,0.016476,0.010103,0.708865,0.705080,0.130440,-0.100249,0.067221,-0.022931,-0.172883,0.045112,0.051166,0.019111,0.029237,0.121192,-0.077884,0.111604,-0.030671,0.003370,0.045182,0.011686,0.199536,-0.202802,1.226242,-0.125308,-0.214937,-0.099991,-0.011863,-0.210958,0.054962,1.290304,0.308656,-0.185955,0.018388
-0.734908,0.002630,0.792000,0.015957,0.009511,0.708445,0.705522,0.131207,-0.098725,0.064319,-0.023948,-0.173761,0.043803,0.050168,0.020076,0.025590,0.123951,-0.081228,0.110860,-0.034524,0.004321,0.046849,0.010858,0.195114,-0.201221,1.239334,-0.133352,-0.209048,-0.101695,-0.014866,-0.208742,0.053731,1.284586,0.313340,-0.182892,0.021260
-0.735141,0.002669,0.792025,0.015135,0.009427,0.707351,0.706637,0.131710,-0.097168,0.066957,-0.026835,-0.172091,0.041511,0.046811,0.022180,0.029979,0.127353,-0.081189,0.111257,-0.035533,0.005425,0.047274,0.007520,0.191133,-0.206301,1.257251,-0.134075,-0.202626,-0.102702,-0.018245,-0.206263,0.052887,1.279185,0.314997,-0.182517,0.019092
-0.735259,0.002554,0.792216,0.014257,0.009920,0.706420,0.707580,0.130130,-0.096465,0.071491,-0.027474,-0.170460,0.040762,0.042842,0.023668,0.035567,0.130078,-0.077778,0.111982,-0.036270,0.005701,0.045663,0.003068,0.190466,-0.217174,1.276714,-0.119018,-0.198599,-0.107152,-0.019189,-0.203564,0.054500,1.271259,0.315250,-0.186357,0.014738
-0.735320,0.002467,0.792504,0.013987,0.010155,0.706467,0.707535,0.129400,-0.096469,0.074371,-0.026535,-0.166287,0.040063,0.041276,0.023875,0.036845,0.131648,-0.073759,0.113752,-0.037212,0.003594,0.044391,-0.001711,0.188466,-0.226221,1.296346,-0.119291,-0.194059,-0.105066,-0.017658,-0.198702,0.058948,1.262387,0.316720,-0.188092,0.011722
-0.735228,0.002286,0.792510,0.013564,0.010542,0.706603,0.707401,0.128047,-0.096192,0.072484,-0.026467,-0.166070,0.041057,0.039870,0.023535,0.034387,0.131223,-0.075549,0.113291,-0.037083,0.002248,0.043128,-0.007781,0.186878,-0.230289,1.312810,-0.119939,-0.189362,-0.109344,-0.017644,-0.194624,0.060434,1.256627,0.318877,-0.190078,0.013473
-0.735174,0.002110,0.792381,0.012926,0.011226,0.707295,0.706711,0.125707,-0.096272,0.070080,-0.026293,-0.166176,0.042655,0.038492,0.023046,0.030764,0.129203,-0.077123,0.112814,-0.038879,0.001351,0.041402,-0.009219,0.187398,-0.231141,1.318978,-0.116265,-0.186135,-0.114833,-0.018912,-0.191621,0.060757,1.254014,0.318864,-0.190092,0.015245
-0.735198,0.002365,0.792466,0.013044,0.011219,0.708097,0.705906,0.127111,-0.096712,0.069235,-0.029013,-0.163928,0.042783,0.040602,0.022567,0.030554,0.126808,-0.073735,0.113575,-0.039559,-0.000147,0.040403,-0.007575,0.187493,-0.230527,1.319951,-0.114888,-0.187392,-0.114174,-0.018622,-0.188721,0.061837,1.253137,0.312428,-0.191478,0.012898
-0.735057,0.002533,0.792286,0.012645,0.011354,0.708346,0.705661,0.127276,-0.096163,0.066285,-0.031625,-0.166222,0.042914,0.041282,0.022862,0.027942,0.124072,-0.075523,0.111811,-0.037385,-0.001647,0.039428,-0.005957,0.188744,-0.228231,1.313971,-0.112642,-0.190158,-0.114259,-0.018797,-0.186268,0.060627,1.253014,0.311909,-0.193667,0.016038
-0.734711,0.002849,0.792453,0.013693,0.010362,0.708814,0.705187,0.131443,-0.095911,0.067521,-0.031343,-0.159374,0.042547,0.046386,0.023749,0.031107,0.122447,-0.071567,0.113107,-0.035872,-0.002832,0.041590,-0.000313,0.191416,-0.226164,1.299831,-0.106888,-0.191400,-0.114270,-0.018104,-0.184513,0.057673,1.253289,0.309982,-0.192561,0.017759
-0.734436,0.002951,0.792253,0.013786,0.010452,0.708535,0.705464,0.131822,-0.095591,0.067518,-0.031511,-0.164816,0.043778,0.046728,0.023802,0.029840,0.121473,-0.075343,0.111774,-0.032163,-0.004797,0.041783,0.003183,0.193504,-0.221799,1.286967,-0.108976,-0.196085,-0.113391,-0.018269,-0.183463,0.058380,1.254024,0.309428,-0.191408,0.017304
-0.734175,0.002936,0.792091,0.013522,0.010691,0.708377,0.705624,0.130384,-0.095051,0.067116,-0.030980,-0.170412,0.042668,0.045465,0.023851,0.027065,0.121880,-0.078041,0.109713,-0.029278,-0.005897,0.040929,0.006159,0.194380,-0.216533,1.275720,-0.111674,-0.199540,-0.112770,-0.018973,-0.182864,0.060213,1.256753,0.312991,-0.191365,0.016763
-0.734031,0.003077,0.792270,0.014021,0.010144,0.708572,0.705426,0.131375,-0.094636,0.069380,-0.028742,-0.170087,0.041376,0.046702,0.024489,0.029315,0.123633,-0.074850,0.108746,-0.027466,-0.005064,0.040472,0.008825,0.192583,-0.212951,1.267541,-0.110974,-0.199505,-0.114056,-0.018607,-0.184029,0.062222,1.260525,0.309584,-0.192119,0.014502
-0.733930,0.003180,0.792476,0.014924,0.010273,0.709059,0.704916,0.131765,-0.096310,0.071156,-0.026334,-0.167597,0.042565,0.047748,0.022862,0.030212,0.124791,-0.072935,0.111149,-0.027372,-0.005085,0.039486,0.009246,0.189642,-0.207865,1.264274,-0.111510,-0.198129,-0.113664,-0.019386,-0.185567,0.061343,1.264557,0.306604,-0.192819,0.015398
-0.733763,0.003193,0.792256,0.014695,0.010793,0.709449,0.704521,0.130440,-0.096960,0.065145,-0.026888,-0.167283,0.044684,0.046869,0.022556,0.029354,0.124393,-0.075718,0.111053,-0.027891,-0.004995,0.035614,0.005993,0.188344,-0.205500,1.269272,-0.109249,-0.196479,-0.112325,-0.020198,-0.186109,0.062000,1.269215,0.304852,-0.191970,0.015041
-0.733702,0.003240,0.792079,0.015031,0.010454,0.709231,0.704738,0.132528,-0.096264,0.068306,-0.028981,-0.171445,0.043243,0.047196,0.022139,0.025568,0.125683,-0.079599,0.110287,-0.026442,-0.004170,0.033837,0.000741,0.188076,-0.209215,1.277363,-0.106805,-0.194638,-0.112761,-0.021109,-0.186689,0.061558,1.272546,0.306316,-0.189618,0.013669
-0.733374,0.003176,0.792033,0.015442,0.010077,0.708754,0.705215,0.133410,-0.095963,0.068191,-0.028460,-0.168931,0.044425,0.047003,0.023106,0.027706,0.128108,-0.080426,0.109407,-0.025276,-0.003822,0.032930,-0.003431,0.187568,-0.213698,1.285105,-0.108340,-0.194414,-0.110796,-0.022336,-0.186599,0.061309,1.274696,0.304925,-0.188736,0.012894
-0.732993,0.002933,0.791838,0.015263,0.010073,0.708677,0.705296,0.132307,-0.094282,0.069374,-0.027667,-0.173733,0.044287,0.045934,0.023628,0.024819,0.128425,-0.082704,0.107750,-0.025518,-0.003658,0.031535,-0.006814,0.187107,-0.215323,1.292058,-0.114584,-0.197322,-0.111351,-0.022398,-0.186801,0.062852,1.273941,0.305031,-0.190222,0.015270
