-0.00059500,-0.02316900,0.78483800,0.01603100,-0.01940900,0.69573200,0.71786000,0.07040600,0.03139300,0.08694000,0.13519100,-0.17595900,-0.06309400,0.06368900,-0.01338500,0.01317800,0.16115400,-0.17892600,0.05419900,-0.00825200,-0.02137500,0.12568000,-0.04877500,0.17335600,-0.60181900,1.00307500,0.23165400,0.09473500,-0.03891600,-0.10435900,-0.12872900,0.84742800,1.07881500,-0.05062300,0.09578300,0.13101500
-0.00041800,-0.02347200,0.78483000,0.01644200,-0.01984100,0.69566000,0.71790900,0.07135300,0.03181700,0.08737600,0.13539000,-0.17605600,-0.06361600,0.06421300,-0.01301700,0.01358600,0.16211900,-0.17911700,0.05326000,-0.00781900,-0.02111700,0.12643300,-0.04994600,0.17321600,-0.60093400,1.00020500,0.23413600,0.09550800,-0.04173500,-0.10547000,-0.12798200,0.84864800,1.07979700,-0.05175200,0.09606100,0.13104700
0.00001900,-0.02369900,0.78488400,0.01668000,-0.02009700,0.69594000,0.71762500,0.07143900,0.03236200,0.08652800,0.13572200,-0.17592900,-0.06408900,0.06499100,-0.01252200,0.01247500,0.16184300,-0.17943000,0.05290900,-0.00835300,-0.02111400,0.12660300,-0.05095600,0.17290100,-0.60033100,0.99713100,0.23308100,0.09768700,-0.04103900,-0.10650600,-0.12765800,0.84958400,1.07976500,-0.05190200,0.09635900,0.13027300
0.00037300,-0.02400000,0.78489300,0.01726700,-0.02052700,0.69591200,0.71762600,0.07232000,0.03266200,0.08655700,0.13644500,-0.17591200,-0.06389400,0.06604100,-0.01218800,0.01263400,0.16205100,-0.17950300,0.05296800,-0.00783500,-0.02136900,0.12774600,-0.05235100,0.17221900,-0.60058600,0.99604800,0.23488700,0.09586400,-0.04189800,-0.10817900,-0.12725200,0.84938600,1.07990000,-0.05229300,0.09726100,0.13112000
0.00080600,-0.02434600,0.78490300,0.01754500,-0.02081200,0.69649800,0.71704200,0.07241600,0.03305000,0.08458100,0.13634200,-0.17535400,-0.06519200,0.06698800,-0.01177600,0.01092800,0.16174900,-0.17980800,0.05244200,-0.00847100,-0.02140500,0.12819700,-0.05396700,0.17138500,-0.60187100,0.99547100,0.23326200,0.09553800,-0.04051300,-0.10968900,-0.12688700,0.85094300,1.08069800,-0.05330800,0.09613400,0.13094900
0.00112000,-0.02481000,0.78492500,0.01835200,-0.02177300,0.69621700,0.71726600,0.07417000,0.03402200,0.08510100,0.13762100,-0.17568900,-0.06542000,0.06824200,-0.01072500,0.01197400,0.16327200,-0.17978700,0.05107400,-0.00656100,-0.02128400,0.13100200,-0.05474800,0.17077500,-0.60087200,0.99474900,0.23122000,0.09515300,-0.03868600,-0.11164100,-0.12682300,0.85096300,1.08059400,-0.05438900,0.09575600,0.13270400
0.00164600,-0.02511400,0.78492200,0.01910900,-0.02240100,0.69629700,0.71714900,0.07563300,0.03448900,0.08484100,0.13822900,-0.17571700,-0.06585100,0.07001700,-0.01024100,0.01166600,0.16349300,-0.18013700,0.05083200,-0.00597900,-0.02181900,0.13278600,-0.05473700,0.17005000,-0.60066200,0.99495600,0.23558000,0.09525700,-0.04085700,-0.11243700,-0.12672800,0.84996300,1.08073800,-0.05372500,0.09432200,0.13391000
0.00213500,-0.02538700,0.78496300,0.01959300,-0.02284200,0.69668400,0.71674600,0.07627300,0.03502300,0.08335600,0.13869100,-0.17572700,-0.06668300,0.07120300,-0.00973700,0.01025300,0.16394900,-0.18086000,0.04957800,-0.00595600,-0.02227000,0.13405800,-0.05441900,0.16962900,-0.60094400,0.99535500,0.23025600,0.09651700,-0.03860500,-0.11298300,-0.12659600,0.84947200,1.08046100,-0.05549500,0.09464300,0.13475400
0.00268200,-0.02570200,0.78500300,0.01975600,-0.02275600,0.69703400,0.71640400,0.07527300,0.03534400,0.08225400,0.13966100,-0.17509000,-0.06634400,0.07085800,-0.00922500,0.01011200,0.16425800,-0.18058200,0.04897200,-0.00459200,-0.02313600,0.13399500,-0.05383800,0.16944400,-0.60067000,0.99678700,0.22961800,0.09720400,-0.04060900,-0.11217100,-0.12648800,0.84982600,1.07984000,-0.05757500,0.09422500,0.13366400
0.00324900,-0.02603100,0.78503200,0.01999000,-0.02304100,0.69736700,0.71606500,0.07522100,0.03612100,0.08085800,0.14005000,-0.17518900,-0.06724500,0.07110700,-0.00841200,0.00882300,0.16486400,-0.18056100,0.04728600,-0.00448900,-0.02360300,0.13534700,-0.05324500,0.16926300,-0.59886700,0.99874900,0.22956300,0.09601700,-0.04138100,-0.11213700,-0.12615900,0.84866500,1.07915100,-0.05633300,0.09471300,0.13478700
0.00393300,-0.02626500,0.78508100,0.01954700,-0.02285600,0.69807900,0.71538900,0.07421100,0.03730400,0.07851200,0.13859300,-0.17416700,-0.07069000,0.07018300,-0.00711800,0.00675100,0.16467600,-0.18047100,0.04496300,-0.00472400,-0.02383500,0.13468400,-0.05274200,0.16936500,-0.59831400,1.00276500,0.23021100,0.09609700,-0.04141400,-0.11101000,-0.12589000,0.84914600,1.07791900,-0.05701900,0.09565600,0.13442000
0.00482400,-0.02652900,0.78518300,0.01867200,-0.02184200,0.69953900,0.71401600,0.07080400,0.03794200,0.07443400,0.13690300,-0.17275900,-0.07349200,0.06810700,-0.00641000,0.00328800,0.16310400,-0.17902800,0.04406900,-0.00658300,-0.02506000,0.13210500,-0.05273100,0.16998300,-0.59809100,1.00632200,0.23281100,0.09816200,-0.04242800,-0.10959100,-0.12531300,0.84874200,1.07708700,-0.05540100,0.09606900,0.13462700
0.00582400,-0.02692000,0.78526900,0.01787900,-0.02150600,0.69988600,0.71370700,0.06841500,0.04038300,0.07327400,0.13655400,-0.17282800,-0.07588900,0.06581900,-0.00425400,0.00145700,0.16336800,-0.17841600,0.04046300,-0.00621300,-0.02541000,0.13179900,-0.05314600,0.17149000,-0.59745600,1.00848400,0.23377500,0.09906200,-0.04076700,-0.10982300,-0.12435300,0.84764600,1.07712600,-0.05294700,0.09647300,0.13525100
0.00699900,-0.02732100,0.78533700,0.01740900,-0.02134400,0.70044700,0.71317200,0.06755900,0.04247100,0.07093700,0.13435900,-0.17176300,-0.08071700,0.06480500,-0.00191200,0.00002600,0.16229100,-0.17712700,0.03839100,-0.00592400,-0.02625200,0.13274500,-0.05388800,0.17394200,-0.59681000,1.00991700,0.23415600,0.09846300,-0.04164200,-0.10996500,-0.12299700,0.84590000,1.07743000,-0.05413100,0.09497100,0.13614500
0.00848200,-0.02794200,0.78545600,0.01717900,-0.02113600,0.70103800,0.71260300,0.06568000,0.04466300,0.06874700,0.13423700,-0.17145900,-0.08312500,0.06350500,0.00016600,-0.00246300,0.16226100,-0.17616200,0.03543200,-0.00552000,-0.02784500,0.13510300,-0.05511700,0.17776000,-0.59678000,1.00951600,0.23383000,0.09862600,-0.04259600,-0.11116200,-0.12076800,0.84580100,1.07709800,-0.05108900,0.09499300,0.13214600
0.01020500,-0.02840600,0.78564000,0.01674300,-0.02041700,0.70243800,0.71125500,0.06205200,0.04623700,0.06446100,0.13465200,-0.17010100,-0.08502300,0.06109600,0.00203400,-0.00587400,0.16319900,-0.17550200,0.03106500,-0.00621900,-0.02977400,0.13589800,-0.05751500,0.18156200,-0.59855200,1.01064900,0.23306800,0.09950400,-0.04303800,-0.11182100,-0.11881600,0.84506600,1.07706400,-0.04831700,0.09318500,0.13052600
0.01234800,-0.02912100,0.78576400,0.01661700,-0.01970900,0.70356500,0.71016300,0.05897200,0.04803700,0.06102000,0.13419100,-0.16780900,-0.08811100,0.05913600,0.00396200,-0.00913900,0.16322700,-0.17474800,0.02739800,-0.00480100,-0.03202000,0.13881500,-0.06148700,0.18522900,-0.59861100,1.01171100,0.23179100,0.09787300,-0.04017900,-0.11314800,-0.11711900,0.84417200,1.07558700,-0.05015500,0.09421800,0.13279700
0.01461500,-0.02992700,0.78591800,0.01618500,-0.01820700,0.70610900,0.70768400,0.05268700,0.04847100,0.05402000,0.13454200,-0.16450100,-0.08934500,0.05618200,0.00453200,-0.01631900,0.16291700,-0.17414400,0.02398900,-0.00549600,-0.03443300,0.14033100,-0.06547100,0.18916800,-0.59741900,1.01096100,0.22796400,0.10030600,-0.04071200,-0.11428600,-0.11566100,0.84647800,1.07376000,-0.04852200,0.09312700,0.12958300
0.01717500,-0.03098400,0.78608900,0.01526400,-0.01658100,0.70850900,0.70534200,0.04442100,0.04994900,0.04707100,0.13610500,-0.15980200,-0.09018100,0.05152500,0.00628700,-0.02326500,0.16271900,-0.17260400,0.01952500,-0.00410900,-0.03556300,0.14230100,-0.06995300,0.19281400,-0.59487600,1.00726800,0.22746000,0.09978900,-0.03821700,-0.11662800,-0.11492400,0.84809600,1.07282100,-0.04868200,0.09168700,0.12818400
0.01994000,-0.03228200,0.78615100,0.01452800,-0.01468300,0.71189900,0.70197800,0.03496200,0.05001700,0.03677800,0.13714400,-0.15325100,-0.09085400,0.04830000,0.00651200,-0.03405000,0.16000800,-0.17135300,0.01782600,-0.00299000,-0.03654200,0.14516500,-0.07517200,0.19551300,-0.58971600,1.00128300,0.22383800,0.09808000,-0.03569400,-0.11881100,-0.11506100,0.84769500,1.07027600,-0.05004900,0.09473100,0.12997200
0.02283900,-0.03374100,0.78620400,0.01191300,-0.01093300,0.71762100,0.69624600,0.01663900,0.04892600,0.02026100,0.14003600,-0.14446100,-0.09090600,0.04043100,0.00569700,-0.05136900,0.15540300,-0.16745700,0.01605200,-0.00498600,-0.03590100,0.14331100,-0.08064200,0.19787100,-0.58463100,0.99255800,0.22008300,0.09875500,-0.03519300,-0.12038900,-0.11623500,0.84439000,1.06996500,-0.05550400,0.09323300,0.13439000
0.02549700,-0.03572600,0.78602800,0.00817700,-0.00755800,0.72512800,0.68852400,-0.02108500,0.04843600,-0.00234100,0.17714000,-0.15109300,-0.09349000,0.03389400,0.00583400,-0.07431700,0.14554700,-0.16155200,0.01652800,-0.00669300,-0.03121400,0.14314700,-0.08592000,0.19937900,-0.57489600,0.97626800,0.22117800,0.09854000,-0.03177200,-0.12216000,-0.11967900,0.84026800,1.06991300,-0.05126900,0.09383400,0.13255800
0.02794300,-0.03787400,0.78598900,0.00544300,-0.00428400,0.73487000,0.67817300,-0.05201500,0.04344700,-0.02953700,0.20002000,-0.14943800,-0.09538300,0.02842400,0.00290500,-0.10349400,0.13898800,-0.15733000,0.01464700,-0.00880600,-0.02556600,0.14694600,-0.09079500,0.19891100,-0.55604400,0.95480900,0.22310800,0.09739800,-0.03613200,-0.12314700,-0.12509700,0.83332700,1.07270700,-0.04415100,0.09388900,0.13115300
0.02982700,-0.04036900,0.78603200,0.00230500,-0.00006200,0.74665500,0.66520800,-0.08126200,0.03356900,-0.06173400,0.21199600,-0.14292100,-0.09568200,0.02020200,-0.00285500,-0.13638200,0.13448200,-0.15397000,0.01093900,-0.00991000,-0.01827500,0.15064400,-0.09527300,0.19542400,-0.53196900,0.92799500,0.22758300,0.09914900,-0.03820200,-0.12404900,-0.13257900,0.82379000,1.07790300,-0.03753400,0.09559700,0.13407900
0.03139600,-0.04312000,0.78603000,-0.00055900,0.00347300,0.76047900,0.64935400,-0.10955600,0.02171600,-0.09479800,0.22340800,-0.13752700,-0.09699700,0.01527000,-0.00976500,-0.17572100,0.12894700,-0.15092400,0.00822000,-0.01009500,-0.00923600,0.15524400,-0.10135900,0.19046900,-0.51334900,0.90266400,0.22547800,0.09867500,-0.03307100,-0.12452400,-0.14204200,0.82334500,1.08542300,-0.02813100,0.09629300,0.12804900
0.03254600,-0.04559100,0.78593300,-0.00190500,0.00639000,0.77667800,0.62986300,-0.13257900,0.02104400,-0.06681200,0.23984400,-0.13729500,-0.09969700,0.01536600,-0.02039100,-0.22247700,0.12553100,-0.15144000,0.00581900,-0.01121100,-0.00132800,0.16092500,-0.10888400,0.18517300,-0.50239200,0.88068600,0.22243600,0.09626000,-0.02960800,-0.12448600,-0.15374900,0.82355700,1.09316400,-0.02912400,0.09870500,0.13250900
0.03336200,-0.04810900,0.78595100,-0.00381300,0.00952500,0.79269800,0.60952800,-0.15911700,0.04738200,0.04897800,0.29071000,-0.17517500,-0.07527000,0.01386000,-0.03201200,-0.27062400,0.12438500,-0.15341300,0.00487100,-0.00867900,0.00692100,0.16286100,-0.11594300,0.18081200,-0.50232600,0.85946500,0.22546600,0.09565700,-0.02457100,-0.12613800,-0.16688300,0.83434400,1.10581700,-0.02460700,0.09951900,0.13373200
0.03418900,-0.05022300,0.78592500,-0.00355100,0.01049200,0.80794500,0.58915400,-0.16628300,0.09625100,0.21658700,0.35365400,-0.22257400,-0.04295900,0.01999100,-0.04274000,-0.31870400,0.12425200,-0.15723000,0.00615500,-0.00161900,0.01373500,0.16626400,-0.12001600,0.17809900,-0.50474700,0.84364600,0.22807700,0.09405200,-0.02366500,-0.12794800,-0.17975500,0.85270600,1.12340200,-0.03458100,0.10132400,0.14119900
0.03491100,-0.05177000,0.78565700,-0.00319200,0.00913000,0.82302000,0.56793000,-0.15996500,0.15412700,0.37076300,0.42435900,-0.26824900,-0.01308400,0.03187400,-0.04856900,-0.36904900,0.12229200,-0.16147000,0.00619800,0.00531900,0.02063700,0.16816800,-0.11866300,0.17848500,-0.50428200,0.83339400,0.23148200,0.08678100,-0.02998500,-0.12896800,-0.18935800,0.86812700,1.14494400,-0.03962000,0.10126800,0.14257000
0.03523600,-0.05256700,0.78511400,-0.00165600,0.00628900,0.83800000,0.54563200,-0.13974800,0.20970600,0.49454100,0.49115400,-0.30699600,0.01266300,0.04918700,-0.05337200,-0.42128200,0.12209300,-0.16943000,0.00951600,0.01008600,0.02548800,0.16964000,-0.11262700,0.18184800,-0.50256500,0.82769100,0.23331800,0.09092500,-0.03172400,-0.12891600,-0.19652900,0.87273000,1.16483700,-0.04683500,0.10389900,0.14484600
0.03473100,-0.05272900,0.78458600,-0.00000600,0.00368500,0.85278700,0.52224600,-0.10795600,0.25862400,0.60283200,0.54020700,-0.33820600,0.04048100,0.06864000,-0.05852800,-0.47466400,0.12146800,-0.17854900,0.01436600,0.01200000,0.02743500,0.16647100,-0.10371900,0.18758600,-0.50070900,0.83332400,0.22752800,0.08997400,-0.02995400,-0.12739700,-0.20122000,0.86557000,1.17986800,-0.05089000,0.10734800,0.14268000
0.03323700,-0.05306400,0.78410600,0.00258400,0.00125800,0.86785800,0.49680300,-0.06501100,0.29770300,0.70686700,0.56615400,-0.36145700,0.06493600,0.09210100,-0.06589500,-0.53229600,0.11991800,-0.18838100,0.02319400,0.00949500,0.02749500,0.16386100,-0.09370300,0.19344100,-0.49612800,0.84719600,0.22214000,0.09096100,-0.02620200,-0.12571500,-0.20475500,0.85010900,1.18940400,-0.05950500,0.10963300,0.14029400
0.03080200,-0.05329900,0.78387500,0.00284600,0.00048200,0.88305900,0.46925400,-0.02290100,0.32450300,0.80595600,0.56726000,-0.37561800,0.07925300,0.11153700,-0.07372300,-0.59317100,0.11669800,-0.19560600,0.03293100,0.00533900,0.02602000,0.15498300,-0.08452300,0.20080700,-0.49243000,0.87074200,0.21971300,0.09129900,-0.02805300,-0.12206200,-0.20889200,0.82427400,1.19126700,-0.05944800,0.10930200,0.13771900
0.02760500,-0.05447700,0.78379000,0.00179700,0.00016600,0.89917600,0.43758300,0.00652400,0.33589600,0.88134700,0.55035900,-0.37720800,0.09409500,0.13124800,-0.08146500,-0.66305000,0.11061100,-0.19904400,0.04200000,-0.00500400,0.02611400,0.14648900,-0.07893900,0.20542100,-0.48810100,0.90238300,0.21509500,0.09209900,-0.02485500,-0.12171300,-0.21306100,0.80160700,1.18855600,-0.04559400,0.10984500,0.13126500
0.02360300,-0.05631900,0.78370400,0.00129600,0.00001500,0.91528200,0.40281200,0.02034500,0.31598000,0.89331400,0.49654000,-0.33065100,0.04294100,0.15558200,-0.08897400,-0.73828600,0.10029300,-0.19895000,0.05700200,-0.01313500,0.02561200,0.14027200,-0.07906200,0.20729800,-0.48747000,0.93906900,0.21737500,0.09733200,-0.02142900,-0.11891300,-0.21936700,0.78274400,1.17990300,-0.04054700,0.10837100,0.13191000
0.01910000,-0.05931400,0.78388600,0.00054500,0.00218800,0.93018500,0.36708300,0.00134300,0.26921500,0.81997000,0.43952700,-0.29620400,0.01832000,0.17822600,-0.10065600,-0.81438000,0.08809300,-0.19302400,0.07494200,-0.01742700,0.02305000,0.13526000,-0.08197700,0.20636600,-0.48759900,0.96960900,0.21701300,0.10100100,-0.01965900,-0.11887200,-0.22855100,0.77592200,1.17145900,-0.02175100,0.10721100,0.12642200
0.01429400,-0.06370100,0.78464900,-0.00238200,0.00592900,0.94271000,0.33355100,-0.01235600,0.21910000,0.75630500,0.37454200,-0.25243100,-0.01290100,0.18520700,-0.12404500,-0.88440500,0.10219100,-0.19248900,0.09115400,-0.01441900,0.02128600,0.12673300,-0.08408500,0.20338600,-0.48931600,0.99014900,0.21650000,0.10148400,-0.02022800,-0.12296100,-0.23850200,0.77919900,1.17052000,-0.01597100,0.10647500,0.12369300
0.00938400,-0.06909900,0.78430400,-0.00662900,0.01441200,0.95221400,0.30501900,-0.02480200,0.15950400,0.70371900,0.31071200,-0.22245900,-0.01565700,0.14084500,-0.21876500,-0.93313800,0.26886700,-0.25803800,0.10285000,-0.00192000,0.01323300,0.11320100,-0.08027500,0.19822000,-0.48699500,0.99162500,0.22149200,0.10325100,-0.02417300,-0.12828500,-0.25070200,0.78293700,1.17288200,-0.02478600,0.10483800,0.12645200
0.00397900,-0.07485600,0.78237100,-0.00282300,0.02647400,0.96053500,0.27688200,-0.00743200,0.07840100,0.64733700,0.22246600,-0.18690100,-0.01266100,0.11203400,-0.34228700,-0.96789100,0.45703000,-0.31398700,0.11668000,0.00897000,-0.00645200,0.11200700,-0.07037300,0.19630900,-0.48866800,0.97502900,0.23109200,0.10168100,-0.03267600,-0.13295700,-0.26095900,0.77843600,1.17178800,-0.03819800,0.10679800,0.13117200
-0.00186500,-0.08100300,0.78004600,0.00432500,0.03601200,0.96897400,0.24448700,0.02171200,0.00172300,0.58731200,0.13742500,-0.15333900,0.00897200,0.10181800,-0.46480100,-0.99495000,0.63910100,-0.33409900,0.11924500,0.00946900,-0.02021900,0.11813700,-0.06156200,0.19901200,-0.50816800,0.95177300,0.21671900,0.09750200,-0.03450000,-0.13766600,-0.27359500,0.77106600,1.16146600,-0.03925900,0.10849800,0.13236900
-0.00695700,-0.08745900,0.77793300,0.01304100,0.04179500,0.97737000,0.20695600,0.03141700,-0.04775500,0.51449700,0.12176000,-0.15216800,0.03529000,0.09576900,-0.58516200,-1.00922900,0.82929600,-0.32393200,0.07915100,0.00417100,-0.02554200,0.13299900,-0.06276000,0.20361600,-0.53695900,0.93873700,0.20966000,0.09385300,-0.03640700,-0.14004100,-0.28746900,0.75215600,1.14224200,-0.03343200,0.10193900,0.12722100
-0.01137900,-0.09305600,0.77596500,0.02286300,0.04555100,0.98460200,0.16721400,0.04378700,-0.08787900,0.43734700,0.11618400,-0.15175500,0.05603100,0.06594400,-0.70156600,-0.97503800,1.02734300,-0.29206400,-0.05170500,-0.00134500,-0.02673000,0.15310500,-0.06831200,0.20738600,-0.55852100,0.94005300,0.21287800,0.09295800,-0.03668000,-0.13805900,-0.30051200,0.72180300,1.11656900,-0.02222300,0.09710700,0.11716800
-0.01430900,-0.09717600,0.77413300,0.02950200,0.04889200,0.99043100,0.12563900,0.04869700,-0.12102800,0.35927100,0.11611300,-0.14943600,0.07279400,-0.05281700,-0.76643400,-0.80728700,1.18965600,-0.25423000,-0.26180000,-0.00711600,-0.02741700,0.17021300,-0.07653300,0.21079600,-0.56179500,0.94906400,0.22336600,0.09675700,-0.04228900,-0.13654100,-0.30793800,0.68942400,1.09628100,-0.00464400,0.08935500,0.10871300
-0.01640600,-0.09918100,0.77379800,0.03240800,0.04915900,0.99474600,0.08374600,0.04793800,-0.14138100,0.28191800,0.11711400,-0.14350100,0.08265800,-0.21420800,-0.65582200,-0.49401400,1.21331000,-0.23145300,-0.18639200,-0.00825200,-0.02278100,0.18311100,-0.08640800,0.21541800,-0.55505500,0.96170500,0.22005900,0.09723000,-0.03899900,-0.13436400,-0.30853800,0.66107000,1.08543700,0.01879100,0.08434400,0.09703300
-0.01823900,-0.09950800,0.77440300,0.03062900,0.04735800,0.99763900,0.03918800,0.03828600,-0.15445400,0.19883500,0.11758600,-0.13306500,0.08680300,-0.32111600,-0.48343200,-0.23572000,1.20274600,-0.22559900,-0.11244100,-0.01367000,-0.01657700,0.18599700,-0.09328700,0.22102400,-0.53640100,0.97154000,0.21525200,0.10054500,-0.03066100,-0.13771900,-0.30046200,0.64724300,1.09327700,0.04351300,0.07594900,0.08909800
-0.02033000,-0.09832700,0.77491300,-0.02777100,-0.04653800,-0.99848600,0.00943600,0.02734000,-0.16990200,0.10851900,0.11757600,-0.11948000,0.08799400,-0.36470600,-0.35506700,-0.08489400,1.17290400,-0.25210500,-0.06546500,-0.02059600,-0.01654700,0.18531400,-0.10029900,0.22779500,-0.51680800,0.97588300,0.21437500,0.10130800,-0.02580800,-0.13986300,-0.28544200,0.63091500,1.09770800,0.07380900,0.07851900,0.09034200
-0.02283300,-0.09585600,0.77549900,-0.02254300,-0.04511200,-0.99696300,0.05935100,0.01258900,-0.18317500,0.01623200,0.11741200,-0.10522400,0.08203800,-0.39222300,-0.25806900,0.02310900,1.12327500,-0.27327200,-0.04811300,-0.02559400,-0.01831900,0.17825800,-0.11019600,0.23802100,-0.50935800,0.97210700,0.19887000,0.10072900,-0.02227200,-0.14067400,-0.26785500,0.62096700,1.09282600,0.09301100,0.07807800,0.09234800
-0.02599900,-0.09258400,0.77600700,-0.01496600,-0.04356300,-0.99303000,0.10848700,-0.00602600,-0.19598200,-0.07389100,0.11725500,-0.09034700,0.07186200,-0.41660400,-0.17565700,0.12459600,1.05608100,-0.28560300,-0.04172900,-0.02483400,-0.02146600,0.16642300,-0.12397800,0.25085500,-0.51748500,0.96226700,0.18447700,0.10015300,-0.02749200,-0.14192000,-0.25168900,0.62408900,1.08058300,0.08274600,0.07430600,0.08719700
-0.03008200,-0.08932600,0.77648700,-0.00692700,-0.04083200,-0.98662600,0.15764900,-0.02398400,-0.20682800,-0.16381000,0.11766100,-0.07883000,0.05212200,-0.42784900,-0.10189200,0.22884900,0.96676400,-0.28988400,-0.03223500,-0.02267100,-0.02208200,0.15275300,-0.13538600,0.26193400,-0.52472900,0.94783200,0.18628200,0.10227500,-0.03747400,-0.14336000,-0.23873700,0.63809500,1.06628800,0.06064400,0.07533700,0.08097400
-0.03543200,-0.08660200,0.77686500,-0.00143400,-0.03820900,-0.97781400,0.20595400,-0.03311200,-0.21748400,-0.25242600,0.11763100,-0.07146800,0.02705100,-0.40650900,-0.01747600,0.37864500,0.85113600,-0.27554600,0.01742300,-0.01972600,-0.02106900,0.14234200,-0.13949700,0.26835400,-0.52168500,0.93118700,0.17677800,0.10311600,-0.03574700,-0.14559300,-0.22969400,0.66295600,1.05814200,0.03398600,0.07267900,0.07967300
-0.04140500,-0.08406300,0.77701400,0.00000100,-0.03674700,-0.96631900,0.25470800,-0.03170500,-0.22833200,-0.34101100,0.11768800,-0.06652600,-0.00428200,-0.34524000,0.04601400,0.55052900,0.71473200,-0.24605400,0.10810500,-0.01657700,-0.01876200,0.14023900,-0.13922600,0.26848800,-0.50523900,0.91685700,0.16268500,0.10212100,-0.03269600,-0.14848900,-0.22530100,0.68843600,1.05206300,0.02746300,0.07488600,0.08626600
-0.04816700,-0.08137100,0.77718100,-0.00047300,-0.03599900,-0.95208600,0.30370300,-0.02497900,-0.23961200,-0.43426700,0.11852200,-0.06164300,-0.03242600,-0.28254100,0.05426800,0.64498400,0.59363200,-0.21951200,0.17330600,-0.01457700,-0.01563300,0.14098300,-0.13611200,0.26403400,-0.48264000,0.90953900,0.14188200,0.10052300,-0.02699400,-0.15024800,-0.22382400,0.70833700,1.05092200,0.01564700,0.07346400,0.09336200
-0.05574100,-0.07765900,0.77735100,-0.00466800,-0.03614100,-0.93606000,0.34994800,-0.00976700,-0.24654500,-0.52605400,0.12063300,-0.06021300,-0.06607000,-0.22963400,0.03539500,0.64468000,0.51705600,-0.20314200,0.20333500,-0.00586000,-0.01452000,0.14905200,-0.13441600,0.25975400,-0.46643500,0.91083400,0.12761500,0.09783900,-0.01560900,-0.15175200,-0.22392800,0.72813300,1.05125900,0.02668000,0.07153900,0.09940100
-0.06421700,-0.07299800,0.77788100,-0.00483200,-0.03331200,-0.91861100,0.39372700,-0.00713100,-0.24734700,-0.61669700,0.12472200,-0.05896100,-0.09904900,-0.20445000,0.00747600,0.55906300,0.49305700,-0.21580600,0.19116300,0.00697700,-0.01166600,0.14693800,-0.13127700,0.25729900,-0.45250600,0.91361900,0.12481300,0.09600900,-0.00982600,-0.15433500,-0.22352400,0.74169700,1.06112500,0.01935600,0.07061100,0.10224700
-0.07377800,-0.06806100,0.77900700,-0.00252800,-0.02650100,-0.90158000,0.43179200,-0.02258300,-0.24583100,-0.69838900,0.15243200,-0.07215000,-0.13167200,-0.17936600,-0.01480700,0.45820600,0.44784700,-0.22344800,0.16217300,0.02591400,-0.00361000,0.13492000,-0.12454500,0.25742800,-0.44346500,0.91567300,0.12843400,0.09692700,-0.00932400,-0.16017300,-0.22196600,0.75822800,1.07957900,0.01486500,0.07367800,0.10177400
-0.08394500,-0.06242600,0.78073600,-0.00268400,-0.01583300,-0.88501300,0.46528900,-0.04155600,-0.23601200,-0.77342400,0.19074500,-0.09363100,-0.15971800,-0.13785400,-0.02130400,0.37080600,0.36779600,-0.20923700,0.14280500,0.04722700,0.01154600,0.12396800,-0.11483600,0.26149200,-0.43430500,0.91437700,0.12555000,0.09955900,-0.00738300,-0.17048700,-0.21940700,0.77169700,1.09972300,0.00780300,0.07912700,0.10622600
-0.09472800,-0.05614300,0.78278200,-0.00543400,-0.00350200,-0.86950600,0.49388000,-0.05623000,-0.21601700,-0.84281200,0.22246300,-0.11503600,-0.18795200,-0.09273500,-0.00909600,0.29447000,0.27996500,-0.17544300,0.11497000,0.07106200,0.02877500,0.11708600,-0.09768900,0.26925200,-0.41110300,0.90376000,0.13600200,0.10343900,-0.00936400,-0.18531500,-0.21769400,0.78664800,1.11334300,-0.00467400,0.08484500,0.11069300
-0.10521500,-0.04962900,0.78387600,-0.01209500,0.00487600,-0.85513300,0.51824500,-0.06255400,-0.20049500,-0.90218000,0.25870800,-0.14004200,-0.21269800,-0.03964000,0.00902700,0.23255300,0.19337300,-0.13945500,0.08831800,0.09448200,0.04323700,0.12255800,-0.07348500,0.27694700,-0.37734300,0.88351200,0.14191800,0.11135200,-0.00343300,-0.20345600,-0.21893200,0.79907400,1.11905100,-0.00934300,0.08666800,0.11369300
-0.11479300,-0.04276900,0.78348400,-0.01916600,0.00931200,-0.83982900,0.54243200,-0.06948800,-0.19865900,-0.95754900,0.30586700,-0.16686800,-0.24102800,0.00240500,0.02567600,0.17133900,0.13686000,-0.12000300,0.06928300,0.10881200,0.05251600,0.13608100,-0.04756200,0.28298700,-0.33810500,0.86122200,0.15202200,0.12315300,0.00900600,-0.22397300,-0.22503900,0.80808100,1.11185700,-0.01577200,0.08737800,0.11183900
-0.12306300,-0.03578000,0.78215400,-0.02330800,0.01171800,-0.82504800,0.56446100,-0.08422800,-0.20517600,-0.98903500,0.35483900,-0.18802000,-0.26180000,0.01973300,0.03857300,0.11599600,0.11943400,-0.11840400,0.06226600,0.12027000,0.05628300,0.15005300,-0.02346300,0.28550900,-0.29817400,0.84687800,0.14822800,0.12976300,0.02571800,-0.24341200,-0.23646700,0.80516800,1.09184600,-0.01204900,0.08482200,0.10879200
-0.12970900,-0.02923300,0.78113800,-0.02692100,0.01174500,-0.81220600,0.58263100,-0.10883100,-0.20312400,-0.93806900,0.39360500,-0.19156100,-0.26180000,0.02851900,0.04720100,0.07131500,0.11789000,-0.12265400,0.05574200,0.13382600,0.05943500,0.16897300,-0.00611400,0.28077900,-0.26377700,0.84860300,0.12623400,0.13285400,0.04004600,-0.26112400,-0.25365200,0.79384300,1.06669200,0.00577700,0.07790400,0.10275800
-0.13579400,-0.02363300,0.78069900,-0.02906100,0.00935300,-0.79783700,0.60210000,-0.14857800,-0.19972600,-0.83200000,0.44035200,-0.18317300,-0.26180000,0.03834200,0.04806400,0.02257700,0.11805300,-0.12679400,0.04613900,0.13873600,0.05802600,0.18598200,0.00901200,0.27032900,-0.24005400,0.86737500,0.11166800,0.13688400,0.04981700,-0.26904000,-0.27235000,0.77890800,1.04535300,0.03258900,0.06664000,0.09122700
-0.14150400,-0.01850000,0.78000300,-0.02773500,0.00901300,-0.78011800,0.62495300,-0.20975800,-0.19285100,-0.72092100,0.51319700,-0.20632900,-0.26180000,0.04021200,0.04618900,-0.03063900,0.11864200,-0.13115500,0.03694800,0.12945000,0.05360100,0.19089700,0.02219400,0.25747800,-0.23355500,0.89630700,0.11080500,0.14415000,0.04629100,-0.26745500,-0.28643100,0.75796400,1.03313800,0.05153100,0.05877700,0.08257100
-0.14607300,-0.01489100,0.77957900,-0.02552900,0.00852000,-0.76419100,0.64442800,-0.26066000,-0.16822300,-0.59245500,0.57183100,-0.23437600,-0.23119700,0.04074200,0.04174000,-0.07563200,0.11899600,-0.13414800,0.02941500,0.12037000,0.04919300,0.19032000,0.03270500,0.24602400,-0.24895200,0.92571200,0.12643100,0.14798800,0.02752900,-0.25975300,-0.29332800,0.73092800,1.03130900,0.05260700,0.05809600,0.08114500
-0.14978800,-0.01208000,0.77984000,-0.02396600,0.00827400,-0.75220400,0.65844300,-0.29807200,-0.12186400,-0.45061400,0.62257100,-0.25712600,-0.17679900,0.04077600,0.03958200,-0.11019700,0.11936300,-0.13509800,0.02045300,0.11460900,0.04679800,0.19035300,0.04010100,0.23774400,-0.27718400,0.94829200,0.15617100,0.14792000,-0.00319400,-0.25222300,-0.29283600,0.70971100,1.03432900,0.05126400,0.06048500,0.07878900
-0.15289600,-0.00962000,0.78021800,-0.02234300,0.00758400,-0.74251600,0.66941200,-0.32306400,-0.06011400,-0.30577700,0.67265800,-0.28050600,-0.11603600,0.04088300,0.03563600,-0.13988200,0.11957500,-0.13886900,0.01754800,0.10873800,0.04275500,0.19123300,0.04331400,0.23133100,-0.30820300,0.96644400,0.19630100,0.14288300,-0.03140100,-0.24327200,-0.28553500,0.69436900,1.04016300,0.05052700,0.06083000,0.07689600
-0.15555800,-0.00797900,0.78059700,-0.02194700,0.00639200,-0.73313400,0.67970000,-0.32776700,0.00712600,-0.17898000,0.71102400,-0.29939800,-0.05952700,0.04410300,0.03255500,-0.16595400,0.11986200,-0.14158600,0.01124500,0.09954900,0.03830300,0.19244900,0.04339200,0.22516000,-0.33229700,0.98032600,0.22984700,0.13651900,-0.04658800,-0.22966200,-0.27262700,0.68712900,1.04327800,0.04918100,0.06257900,0.07811400
-0.15766900,-0.00724700,0.78080600,-0.02150400,0.00483500,-0.72458700,0.68883100,-0.31165600,0.06546300,-0.08483400,0.71542500,-0.30808600,-0.02900900,0.04905600,0.02852600,-0.18891500,0.12016200,-0.14590100,0.00764200,0.08820900,0.03228500,0.19253900,0.03929700,0.21988000,-0.35171200,0.98835700,0.24786400,0.13182200,-0.04329900,-0.21268400,-0.25601100,0.68963800,1.04233100,0.04137500,0.06496700,0.08186600
-0.15904200,-0.00737300,0.78091300,-0.02023500,0.00464300,-0.71769600,0.69604700,-0.28318400,0.10871400,-0.02653900,0.67951900,-0.30834900,-0.01676300,0.05089300,0.02533100,-0.20707500,0.12042100,-0.15021500,0.00533900,0.07632400,0.02676900,0.18706800,0.03273900,0.21621800,-0.36429300,0.98801000,0.24777300,0.12909800,-0.03303900,-0.19366400,-0.23784600,0.70176300,1.03847100,0.02608200,0.06615700,0.08980500
-0.15942900,-0.00846300,0.78123200,-0.01747400,0.00469000,-0.71217800,0.70176600,-0.24289300,0.14163500,0.02310500,0.60070000,-0.29794400,-0.01861600,0.05060500,0.01922800,-0.22030900,0.12075000,-0.15406000,0.00486300,0.06333500,0.01985600,0.17792900,0.02459000,0.21383600,-0.36909900,0.97990400,0.24295400,0.12704000,-0.02145300,-0.17476300,-0.21981700,0.72405500,1.03661000,0.01365800,0.06791700,0.09664400
-0.15865900,-0.01026300,0.78183600,-0.01258800,0.00361900,-0.70724300,0.70684900,-0.19667800,0.15882000,0.07038600,0.49802000,-0.26851700,-0.02426300,0.04930500,0.00606700,-0.23052200,0.12130300,-0.15789200,0.00685300,0.04886100,0.00973500,0.16671300,0.01271300,0.21208600,-0.37268400,0.97184300,0.24702400,0.12538000,-0.01410000,-0.15482600,-0.20276400,0.74259700,1.03825200,-0.00189200,0.07033000,0.10522300
-0.15644500,-0.01236600,0.78270500,-0.00760300,0.00280300,-0.70412100,0.71003400,-0.13389800,0.15069000,0.09029000,0.35711600,-0.20632500,-0.11189500,0.04744700,-0.00855200,-0.23725000,0.12154900,-0.16051100,0.01146900,0.03655500,0.00273100,0.15521900,-0.00472300,0.21150100,-0.38373600,0.97366200,0.26436100,0.12580000,0.00414700,-0.13659000,-0.18811300,0.75706400,1.04658500,-0.01250500,0.07294900,0.11181200
-0.15307900,-0.01450100,0.78451900,-0.00042400,-0.00003300,-0.70255400,0.71163000,-0.09980900,0.12247500,0.09761400,0.27834800,-0.17977900,-0.09060500,0.03974800,-0.03309800,-0.23969100,0.13242500,-0.16731100,0.02007000,0.02610600,-0.00817400,0.14583900,-0.02328500,0.21113600,-0.38748100,0.96735100,0.23500300,0.12650600,0.00669200,-0.12289200,-0.17679400,0.77005500,1.06118200,-0.01520300,0.07611000,0.11628300
-0.14912700,-0.01689100,0.78612700,0.00280300,-0.00557500,-0.70347300,0.71069500,-0.04966500,0.09867700,0.11070800,0.19041700,-0.13779800,-0.08992800,0.04068700,-0.05562600,-0.23578100,0.14568600,-0.17448100,0.02889600,0.01993900,-0.01666100,0.14483900,-0.03999300,0.21061000,-0.39002900,0.95602000,0.21199900,0.12159500,0.00263700,-0.11215400,-0.16761400,0.78333600,1.08351000,-0.01600000,0.07888800,0.11903600
-0.14507400,-0.01929100,0.78671100,0.00181900,-0.00847200,-0.70657000,0.70759100,-0.01523700,0.08995700,0.12403900,0.14448200,-0.12199700,-0.09281000,0.04588400,-0.06463600,-0.22732100,0.15178100,-0.17788900,0.03419400,0.01687600,-0.01408600,0.14543500,-0.05615100,0.21046900,-0.40030400,0.94036700,0.21896800,0.12426500,0.00244700,-0.10455800,-0.16035100,0.79282400,1.10803700,-0.03108400,0.08411500,0.12398100
-0.14076200,-0.02155600,0.78631800,-0.00159700,-0.00963100,-0.71091900,0.70320600,0.00259800,0.09110600,0.13839100,0.13780700,-0.12848200,-0.10025200,0.05462500,-0.06574000,-0.21643200,0.15034800,-0.17716800,0.04167200,0.01289700,-0.00584300,0.14657400,-0.06988700,0.21226700,-0.41431500,0.91999300,0.22769600,0.12126900,0.00468700,-0.10315300,-0.15512400,0.80434300,1.12740200,-0.03120700,0.09288700,0.12905700
-0.13648200,-0.02415400,0.78584600,-0.00575800,-0.01250700,-0.71572100,0.69825000,0.02189200,0.08959700,0.15302700,0.13833500,-0.13968400,-0.09756600,0.06597000,-0.06907800,-0.20463600,0.15267400,-0.18000300,0.04885000,0.00729700,0.00048500,0.15132600,-0.07937400,0.21553600,-0.42548200,0.89573100,0.22049200,0.11851300,0.00523600,-0.10418200,-0.15291100,0.80585700,1.13645500,-0.00902900,0.09045100,0.12703200
-0.13255700,-0.02711100,0.78544900,-0.00920300,-0.01435000,-0.72057900,0.69316300,0.03787800,0.08868100,0.16735700,0.14044800,-0.15033300,-0.09256700,0.07482600,-0.07118200,-0.19223700,0.15496500,-0.18206800,0.05499000,-0.00089200,0.00547700,0.15098800,-0.08510200,0.21980300,-0.43715400,0.88008700,0.21161500,0.11322100,0.00686700,-0.10598600,-0.15193900,0.80331800,1.13718600,-0.01212500,0.08959500,0.12157000
-0.12918200,-0.03022000,0.78486800,-0.01250600,-0.01564100,-0.72619600,0.68719600,0.05459000,0.08943600,0.18296800,0.14069800,-0.15956600,-0.09094500,0.08232200,-0.07146600,-0.17748300,0.15649800,-0.18364200,0.05999200,-0.00753000,0.00771300,0.14773400,-0.08736200,0.22548900,-0.45042100,0.87466300,0.20307900,0.11015600,0.00804400,-0.10739100,-0.15029000,0.79962200,1.13305400,-0.02397200,0.08743600,0.11597300
-0.12622700,-0.03327700,0.78439000,-0.01542000,-0.01592200,-0.73245900,0.68045000,0.06980500,0.09193700,0.20069600,0.14006600,-0.16736700,-0.09103200,0.08726100,-0.06965400,-0.16073600,0.15735600,-0.18423600,0.06364800,-0.01365500,0.01063000,0.14217600,-0.08753200,0.22952700,-0.46218900,0.87804100,0.20590400,0.11002800,0.00260500,-0.11014300,-0.14767200,0.79615200,1.12772900,-0.03466000,0.08769100,0.11500100
-0.12352000,-0.03599400,0.78403300,-0.01737100,-0.01598600,-0.73823300,0.67413300,0.08196100,0.09296300,0.21768800,0.13969600,-0.17349100,-0.08916300,0.08959700,-0.06896600,-0.14456400,0.15876100,-0.18457700,0.06748200,-0.02012300,0.01160800,0.13638100,-0.08751400,0.23356000,-0.47646800,0.88731900,0.20492800,0.10990300,0.00006500,-0.11427100,-0.14359500,0.79093000,1.11977000,-0.02483700,0.08846500,0.11550500
-0.12133400,-0.03833400,0.78379500,-0.01900000,-0.01666000,-0.74236200,0.66952300,0.09212000,0.09217500,0.22890400,0.13995400,-0.17855700,-0.08632400,0.09267600,-0.06987400,-0.13320500,0.16081800,-0.18558700,0.07076300,-0.02790200,0.00937100,0.13255800,-0.08812300,0.23690200,-0.49091600,0.90286400,0.19777800,0.11081900,-0.00427800,-0.11509300,-0.13847200,0.78007100,1.10548600,-0.02040500,0.08618000,0.11353400
-0.11934400,-0.04027600,0.78368400,-0.02031800,-0.01755000,-0.74520200,0.66629800,0.10097800,0.09037600,0.23778000,0.13921100,-0.18199900,-0.08464300,0.09568900,-0.07179100,-0.12523600,0.16322500,-0.18693500,0.07314100,-0.03481900,0.00475400,0.12883300,-0.08973300,0.23840500,-0.50649600,0.92618700,0.20590300,0.11145700,-0.00605900,-0.11450700,-0.13280900,0.77386300,1.09053100,-0.01802400,0.08416400,0.10894600
-0.11774900,-0.04194700,0.78356100,-0.02123100,-0.01836100,-0.74663400,0.66464300,0.10760400,0.08828000,0.24254900,0.13807800,-0.18373100,-0.08411700,0.09874500,-0.07416100,-0.12096900,0.16502700,-0.18841400,0.07508200,-0.04058100,-0.00010200,0.12588800,-0.08962300,0.23702100,-0.51675900,0.94813700,0.21250200,0.11384100,-0.00963500,-0.11173800,-0.12728600,0.76832800,1.07653200,-0.01855200,0.08094600,0.10584800
-0.11639800,-0.04314800,0.78337200,-0.02286800,-0.01963200,-0.74746800,0.66361400,0.11529800,0.08661700,0.24588800,0.13735400,-0.18678800,-0.08335100,0.10429600,-0.07590300,-0.11864900,0.16572400,-0.18989000,0.07768800,-0.04376500,-0.00436900,0.12581200,-0.08670800,0.23209200,-0.51730800,0.96396300,0.22037800,0.11784400,-0.01268700,-0.10945000,-0.12221400,0.76937100,1.06564900,-0.01617600,0.08001400,0.10624300
-0.11532100,-0.04417300,0.78318800,-0.02364400,-0.02026000,-0.74775500,0.66324400,0.11992100,0.08477800,0.24732400,0.13607900,-0.18856100,-0.08317300,0.10739900,-0.07758600,-0.11729600,0.16632000,-0.19129200,0.07928200,-0.04453200,-0.00776400,0.12451700,-0.08198900,0.22596600,-0.51672500,0.97389600,0.21817100,0.11741200,-0.01280900,-0.10574200,-0.11821900,0.77266800,1.05731200,-0.01558600,0.07870800,0.10797200
-0.11461100,-0.04505200,0.78309700,-0.02400800,-0.02044700,-0.74720500,0.66384500,0.12150500,0.08360200,0.24541300,0.13655300,-0.19027400,-0.08174200,0.10982100,-0.07886800,-0.11879700,0.16649600,-0.19242300,0.08035600,-0.04466000,-0.00980200,0.12267100,-0.07547600,0.21903000,-0.51609600,0.97702600,0.21521300,0.11780200,-0.01191200,-0.10323700,-0.11475700,0.78157900,1.05619600,-0.01460700,0.07815100,0.11175400
-0.11425500,-0.04556700,0.78308400,-0.02297100,-0.01980100,-0.74604600,0.66520400,0.11881300,0.08197700,0.24260200,0.13609700,-0.19024700,-0.08054900,0.10933000,-0.08049100,-0.12246200,0.16521500,-0.19263100,0.08198200,-0.04268000,-0.01133600,0.11810800,-0.06940700,0.21213600,-0.51913200,0.97735600,0.21695900,0.11793100,-0.01449100,-0.10068200,-0.11180200,0.78645300,1.05989800,-0.01502600,0.08096400,0.11941800
-0.11401200,-0.04567000,0.78315600,-0.02176500,-0.01919500,-0.74466000,0.66681300,0.11504700,0.08006800,0.23877100,0.13556700,-0.18928400,-0.07948100,0.10765400,-0.08228400,-0.12620600,0.16480400,-0.19275600,0.08252600,-0.03952600,-0.01283600,0.11569900,-0.06315200,0.20571800,-0.52256600,0.97551000,0.22013000,0.11748400,-0.01619800,-0.10037900,-0.10978400,0.78553700,1.06873700,-0.01166200,0.08462700,0.12908800
-0.11399900,-0.04572100,0.78311200,-0.02127200,-0.01959200,-0.74236900,0.66936700,0.11323100,0.07756300,0.23219200,0.13538000,-0.18861800,-0.07867900,0.10941700,-0.08465600,-0.13290600,0.16451800,-0.19392100,0.08310700,-0.03603200,-0.01431100,0.11611400,-0.05776400,0.19973200,-0.52786300,0.97531300,0.21666500,0.11418400,-0.01844500,-0.10075400,-0.10898300,0.78556000,1.07990400,-0.00736200,0.08701200,0.13101300
-0.11407100,-0.04559700,0.78308600,-0.02033200,-0.02004400,-0.73950200,0.67254800,0.10970600,0.07422200,0.22425000,0.13582900,-0.18747100,-0.07653800,0.11052300,-0.08791000,-0.14062800,0.16457800,-0.19518900,0.08373500,-0.03302800,-0.01568500,0.11648800,-0.05329900,0.19441200,-0.53746500,0.97632600,0.22178500,0.11470800,-0.02015200,-0.10302300,-0.10982600,0.79253400,1.09193100,-0.01355200,0.08671900,0.12465800
-0.11432000,-0.04532400,0.78304100,-0.01981800,-0.02089200,-0.73590000,0.67647800,0.10682700,0.07096900,0.21452700,0.13652400,-0.18655300,-0.07495900,0.11351000,-0.09110800,-0.15076600,0.16458200,-0.19646100,0.08411800,-0.03014900,-0.01651900,0.11751500,-0.05036400,0.18789600,-0.54651600,0.98187500,0.22532000,0.11574100,-0.02206900,-0.10411000,-0.11311100,0.80210500,1.10004200,-0.01916900,0.08452300,0.12034600
-0.11467000,-0.04495100,0.78305300,-0.01862800,-0.02103700,-0.73256500,0.68011700,0.10180100,0.06803600,0.20523800,0.13695800,-0.18464500,-0.07355300,0.11395900,-0.09379200,-0.15967300,0.16413200,-0.19750900,0.08427000,-0.02688400,-0.01710100,0.11716400,-0.04639600,0.18305300,-0.55339500,0.98714600,0.22441400,0.11541000,-0.02489600,-0.10464200,-0.11726900,0.80833900,1.10390300,-0.02969400,0.08571300,0.12031600
-0.11505300,-0.04449500,0.78309500,-0.01734300,-0.02081500,-0.72927900,0.68368000,0.09599500,0.06569800,0.19615400,0.13758000,-0.18255500,-0.07212200,0.11414900,-0.09596700,-0.16923200,0.16269300,-0.19769800,0.08509200,-0.02434600,-0.01700200,0.11666200,-0.04198000,0.17773400,-0.55673400,0.99339300,0.22511100,0.11493000,-0.02584900,-0.10463100,-0.12376000,0.81454300,1.10467700,-0.02614200,0.08545400,0.12199500
-0.11552900,-0.04415600,0.78312600,-0.01688200,-0.02090600,-0.72617300,0.68698700,0.09200800,0.06418100,0.18666000,0.13857100,-0.18141400,-0.07147200,0.11572700,-0.09710000,-0.17764100,0.16199700,-0.19808000,0.08480700,-0.02180700,-0.01645700,0.11708000,-0.03612500,0.17324100,-0.55894700,0.99913600,0.22885600,0.11696100,-0.02552300,-0.10409400,-0.13019700,0.81822300,1.10416800,-0.02295300,0.08566000,0.12468000
-0.11622200,-0.04369100,0.78318600,-0.01641700,-0.02108300,-0.72326900,0.69004900,0.08831700,0.06314500,0.17881200,0.13971100,-0.17985200,-0.07106200,0.11714300,-0.09795100,-0.18603400,0.16145800,-0.19892900,0.08392600,-0.01976200,-0.01705600,0.11807400,-0.02988900,0.17041600,-0.55897800,1.00403200,0.23107000,0.11637900,-0.02778800,-0.10364100,-0.13487800,0.81874400,1.10233600,-0.02310200,0.08673700,0.12321200
-0.11689500,-0.04319200,0.78328200,-0.01537300,-0.02066200,-0.72074200,0.69272500,0.08309900,0.06215200,0.17190400,0.14030300,-0.17818700,-0.07057600,0.11642100,-0.09864600,-0.19301400,0.16047000,-0.19903300,0.08337500,-0.01762200,-0.01781100,0.11735900,-0.02472400,0.16859900,-0.56007200,1.00820400,0.23224400,0.11646900,-0.02850000,-0.10314400,-0.13893600,0.81621700,1.10022900,-0.02185300,0.08671000,0.12297300
-0.11773200,-0.04283500,0.78333300,-0.01495300,-0.02085700,-0.71820200,0.69536100,0.08009900,0.06137200,0.16459000,0.14087900,-0.17675400,-0.07103400,0.11769400,-0.09909900,-0.19996600,0.15996700,-0.19954400,0.08245700,-0.01667500,-0.01908400,0.11799100,-0.01965500,0.16818000,-0.56173000,1.01136100,0.23499800,0.11787000,-0.02952800,-0.10340300,-0.14061000,0.81446700,1.09988700,-0.01880500,0.08649500,0.12152200
-0.11845200,-0.04235900,0.78341300,-0.01442100,-0.02074200,-0.71663400,0.69699200,0.07683800,0.06128100,0.16093200,0.14192300,-0.17543000,-0.07053200,0.11727800,-0.09906100,-0.20442800,0.15966200,-0.19972700,0.08141700,-0.01383800,-0.01913500,0.11800200,-0.01568900,0.16807100,-0.56382100,1.01436000,0.23448200,0.11823400,-0.03181600,-0.10384000,-0.14206600,0.81444800,1.09859500,-0.01738100,0.08674600,0.11972000
-0.11928800,-0.04197400,0.78345600,-0.01395600,-0.02068600,-0.71546600,0.69820200,0.07425200,0.06136900,0.15799800,0.14248300,-0.17437000,-0.07046000,0.11713400,-0.09879600,-0.20772700,0.15900600,-0.19973500,0.08098400,-0.01108700,-0.01942100,0.11829900,-0.01196600,0.16812800,-0.56399700,1.01645600,0.23614000,0.11779500,-0.03123700,-0.10455300,-0.14257900,0.81494500,1.09677800,-0.02050200,0.08580500,0.12055300
-0.12020100,-0.04175000,0.78348400,-0.01415900,-0.02088700,-0.71528100,0.69838100,0.07423200,0.06275200,0.15716900,0.14301400,-0.17439500,-0.07162000,0.11749000,-0.09739900,-0.20819100,0.15921400,-0.20030000,0.07908600,-0.00641400,-0.01910700,0.11968000,-0.00986200,0.16840600,-0.56414900,1.01858700,0.23751100,0.11808500,-0.03189100,-0.10408200,-0.14250000,0.81604400,1.09321800,-0.02338300,0.08599800,0.12126700
-0.12101700,-0.04155100,0.78346600,-0.01352000,-0.02059200,-0.71511200,0.69857600,0.07231200,0.06333400,0.15632800,0.14288300,-0.17338300,-0.07222700,0.11615500,-0.09669000,-0.20912400,0.15866700,-0.20037900,0.07832100,-0.00295300,-0.01938900,0.11947000,-0.00844600,0.16939700,-0.56441600,1.01945000,0.23577400,0.11846300,-0.03143500,-0.10495800,-0.14159900,0.82129500,1.09039000,-0.02182700,0.08519000,0.12037900
-0.12178300,-0.04140300,0.78350200,-0.01302000,-0.02030400,-0.71490200,0.69880900,0.07057900,0.06402000,0.15510600,0.14288400,-0.17276700,-0.07283700,0.11521900,-0.09577000,-0.20973000,0.15792100,-0.19988500,0.07799200,-0.00073000,-0.01950600,0.11975800,-0.00811200,0.17032100,-0.56457700,1.02061700,0.23355400,0.11857200,-0.03063700,-0.10516900,-0.14017200,0.82436200,1.08652600,-0.02387100,0.08498300,0.12054600
-0.12252400,-0.04114900,0.78350400,-0.01294400,-0.02022800,-0.71477000,0.69894700,0.06983400,0.06516700,0.15512100,0.14312000,-0.17214600,-0.07371800,0.11456200,-0.09473700,-0.21003100,0.15824400,-0.20033500,0.07618500,0.00081200,-0.01915400,0.12187700,-0.00923900,0.17107200,-0.56336600,1.02034900,0.23320500,0.11871400,-0.03131700,-0.10675500,-0.13850600,0.82777600,1.08357300,-0.02296500,0.08382300,0.12205900
-0.12316900,-0.04099500,0.78350600,-0.01274700,-0.02018000,-0.71453500,0.69919300,0.06881900,0.06588500,0.15451900,0.14333300,-0.17169600,-0.07417300,0.11431500,-0.09391400,-0.21088500,0.15783500,-0.19998000,0.07555700,0.00142700,-0.01881200,0.12412400,-0.01131200,0.17135200,-0.56218200,1.01894100,0.23252600,0.11827400,-0.03059500,-0.10780300,-0.13719900,0.83117300,1.08149100,-0.02619200,0.08453700,0.12116700
-0.12380600,-0.04073400,0.78356400,-0.01245500,-0.01995800,-0.71436300,0.69938000,0.06748900,0.06663900,0.15364000,0.14325200,-0.17083600,-0.07511200,0.11321600,-0.09303600,-0.21139400,0.15789200,-0.19970700,0.07424400,0.00130600,-0.01890400,0.12636800,-0.01470600,0.17157800,-0.56158300,1.01602600,0.23546400,0.11910800,-0.03004400,-0.10962400,-0.13528900,0.83315300,1.08076000,-0.02793900,0.08416200,0.12136600
-0.12432500,-0.04053300,0.78357800,-0.01245900,-0.02008100,-0.71413100,0.69961300,0.06697000,0.06716700,0.15246600,0.14375900,-0.17041900,-0.07534700,0.11331600,-0.09244100,-0.21197400,0.15769900,-0.19928100,0.07393600,0.00102000,-0.01900900,0.12902500,-0.01859800,0.17154400,-0.56282700,1.01259300,0.23240800,0.11675700,-0.02936300,-0.11106200,-0.13444300,0.83588000,1.08083900,-0.02621000,0.08420400,0.12136400
-0.12484400,-0.04049900,0.78361100,-0.01258100,-0.02004800,-0.71393700,0.69981000,0.06646400,0.06826400,0.15290100,0.14468800,-0.17035900,-0.07515300,0.11338200,-0.09148500,-0.21268400,0.15808300,-0.19942000,0.07243100,0.00038200,-0.01850900,0.13078200,-0.02189600,0.17125800,-0.56415800,1.00696600,0.23493900,0.11707600,-0.02927100,-0.11162000,-0.13380400,0.83663400,1.08212900,-0.02619000,0.08429000,0.12236300
-0.12523100,-0.04037200,0.78364000,-0.01258300,-0.02000300,-0.71405800,0.69968700,0.06612000,0.06902600,0.15265100,0.14502800,-0.16993600,-0.07559600,0.11305100,-0.09068300,-0.21248900,0.15806000,-0.19910400,0.07185100,0.00020200,-0.01818700,0.13257200,-0.02635200,0.17073600,-0.56617600,1.00107800,0.23417600,0.11723500,-0.03059400,-0.11289400,-0.13350100,0.83770300,1.08514500,-0.02360500,0.08331800,0.12224800
-0.12557800,-0.04042500,0.78362700,-0.01247300,-0.01994500,-0.71386900,0.69988400,0.06540300,0.06945400,0.15202900,0.14582600,-0.17010500,-0.07506500,0.11285600,-0.09027900,-0.21276400,0.15829100,-0.19906600,0.07123600,-0.00115100,-0.01780600,0.13356600,-0.02947500,0.17004800,-0.56788600,0.99395200,0.23287100,0.11599300,-0.02828400,-0.11345200,-0.13361900,0.83889700,1.08881200,-0.02575200,0.08299700,0.12083900
-0.12581900,-0.04046900,0.78361700,-0.01224000,-0.01962300,-0.71365100,0.70012000,0.06457000,0.06989100,0.15130800,0.14552500,-0.16982800,-0.07574200,0.11222100,-0.08969900,-0.21295700,0.15789700,-0.19881500,0.07081200,-0.00233100,-0.01711800,0.13377200,-0.03329800,0.16889500,-0.56952100,0.98809000,0.23519900,0.11568700,-0.02861600,-0.11368300,-0.13430400,0.83742200,1.09166000,-0.02402000,0.08395900,0.12195000
-0.12595200,-0.04042700,0.78363600,-0.01184500,-0.01938300,-0.71372800,0.70005400,0.06363100,0.06975100,0.15122100,0.14516500,-0.16928200,-0.07587200,0.11127600,-0.08975900,-0.21326100,0.15775900,-0.19866400,0.07074200,-0.00384500,-0.01660900,0.13414000,-0.03695000,0.16739400,-0.57081800,0.98353200,0.22918800,0.11444100,-0.02889100,-0.11373400,-0.13563200,0.83556400,1.09475900,-0.02204500,0.08333100,0.12085600
-0.12597700,-0.04039600,0.78363600,-0.01161900,-0.01917100,-0.71357000,0.70022600,0.06298400,0.06971900,0.15065800,0.14466300,-0.16900200,-0.07647200,0.11063200,-0.08973100,-0.21366600,0.15775400,-0.19846300,0.07040200,-0.00541200,-0.01595600,0.13434600,-0.04061600,0.16562200,-0.57267500,0.98114700,0.23389900,0.11668600,-0.02862700,-0.11385000,-0.13739300,0.83616000,1.09688400,-0.02099700,0.08296800,0.12156500
-0.12596300,-0.04044500,0.78358300,-0.01166400,-0.01925100,-0.71381700,0.69997000,0.06312400,0.06981600,0.15151900,0.14537300,-0.16957500,-0.07540700,0.11047000,-0.08975600,-0.21247600,0.15799700,-0.19862700,0.07053100,-0.00649000,-0.01502800,0.13514400,-0.04397600,0.16351600,-0.57393800,0.98099000,0.23121500,0.11621200,-0.02891300,-0.11399600,-0.13958300,0.83701700,1.09792600,-0.02033100,0.08487300,0.12139100
-0.12584700,-0.04041200,0.78357200,-0.01188500,-0.01951200,-0.71417500,0.69959400,0.06440300,0.06971200,0.15285100,0.14478800,-0.16933300,-0.07620700,0.11085100,-0.08988000,-0.21143000,0.15838400,-0.19908100,0.07039100,-0.00814600,-0.01410400,0.13623400,-0.04625100,0.16147100,-0.57511100,0.98243200,0.22969400,0.11323300,-0.02831600,-0.11371400,-0.14170400,0.83613300,1.09897200,-0.02113100,0.08513800,0.12118700
-0.12574900,-0.04060500,0.78354500,-0.01187000,-0.01931300,-0.71453900,0.69922800,0.06462300,0.06988300,0.15324800,0.14478900,-0.16995100,-0.07618400,0.11050400,-0.08963200,-0.21067000,0.15841700,-0.19888500,0.07027000,-0.00924000,-0.01285300,0.13523200,-0.04786200,0.15983000,-0.57825100,0.98334000,0.23173600,0.11547400,-0.02867000,-0.11220700,-0.14334200,0.83462400,1.09870600,-0.02070300,0.08490200,0.12075700
-0.12560800,-0.04090700,0.78346400,-0.01197400,-0.01937100,-0.71496000,0.69879500,0.06569300,0.07006900,0.15460200,0.14475200,-0.17072300,-0.07606100,0.11093600,-0.08958600,-0.20922400,0.15828200,-0.19914600,0.07081900,-0.01044200,-0.01253200,0.13412500,-0.04797000,0.15931000,-0.58065900,0.98525700,0.23179700,0.11434700,-0.02954400,-0.11050600,-0.14401400,0.83432900,1.09763600,-0.01987900,0.08517600,0.11988200
-0.12548000,-0.04111300,0.78344100,-0.01183300,-0.01945900,-0.71554900,0.69819100,0.06608900,0.06967700,0.15625400,0.14522300,-0.17141000,-0.07466900,0.11060200,-0.09004200,-0.20753200,0.15854000,-0.19939500,0.07142800,-0.01090700,-0.01249700,0.13272900,-0.04767700,0.15920800,-0.58194400,0.98728800,0.23216300,0.11483200,-0.03135400,-0.10863000,-0.14428700,0.83204300,1.09598200,-0.02048500,0.08502800,0.12055600
-0.12536500,-0.04127300,0.78342700,-0.01243200,-0.01971800,-0.71631400,0.69738900,0.06847500,0.07038100,0.15864200,0.14500100,-0.17222400,-0.07554000,0.11155200,-0.08950000,-0.20581200,0.15906500,-0.19974700,0.07091700,-0.00994800,-0.01195800,0.13269400,-0.04717700,0.15935000,-0.58178300,0.99011400,0.23261200,0.11460700,-0.03110700,-0.10631700,-0.14422100,0.83020600,1.09409100,-0.02298900,0.08480900,0.11992000
-0.12518900,-0.04148000,0.78337500,-0.01241700,-0.01974000,-0.71682700,0.69686100,0.06892900,0.07035800,0.15987600,0.14540600,-0.17301200,-0.07472000,0.11123800,-0.08964400,-0.20386500,0.15947300,-0.19980600,0.07116300,-0.00894000,-0.01198100,0.13178300,-0.04744200,0.15976900,-0.58202700,0.99336300,0.23214100,0.11487200,-0.03075500,-0.10464400,-0.14385700,0.83051800,1.09228600,-0.02233800,0.08470700,0.12018000
-0.12500100,-0.04163200,0.78332000,-0.01326100,-0.02025800,-0.71748000,0.69615800,0.07192600,0.07080500,0.16194500,0.14537400,-0.17409100,-0.07521500,0.11299300,-0.08928700,-0.20210900,0.15987000,-0.19997400,0.07137100,-0.00726200,-0.01176100,0.13273000,-0.04661500,0.16048500,-0.58051200,0.99633300,0.23282900,0.11483100,-0.02944900,-0.10304500,-0.14303300,0.83090800,1.09089600,-0.02326800,0.08457600,0.12098800
-0.12481400,-0.04164700,0.78332700,-0.01353100,-0.02076200,-0.71811200,0.69548600,0.07362000,0.07041800,0.16339700,0.14550800,-0.17411900,-0.07476800,0.11381600,-0.08981600,-0.20090000,0.16019000,-0.20026400,0.07214500,-0.00630900,-0.01291500,0.13311400,-0.04536000,0.16187600,-0.57740200,0.99743900,0.23216700,0.11606200,-0.02885300,-0.10329400,-0.14093700,0.83240400,1.09089900,-0.02331900,0.08527000,0.12157700
-0.12456600,-0.04174800,0.78324200,-0.01407200,-0.02112900,-0.71845300,0.69511200,0.07556800,0.07040800,0.16474700,0.14544100,-0.17510700,-0.07473000,0.11492000,-0.08990500,-0.19968800,0.16077500,-0.20061800,0.07220400,-0.00497400,-0.01340300,0.13349400,-0.04458800,0.16279600,-0.57570400,0.99906100,0.23089200,0.11627100,-0.02836100,-0.10314600,-0.13956100,0.83292800,1.09096000,-0.02214100,0.08513500,0.12265100
-0.12429500,-0.04184800,0.78327400,-0.01388000,-0.02075500,-0.71858600,0.69499000,0.07470200,0.07045300,0.16482300,0.14575000,-0.17525400,-0.07405600,0.11381300,-0.08991600,-0.19898000,0.16088000,-0.20022000,0.07225300,-0.00379500,-0.01371600,0.13192400,-0.04417200,0.16326900,-0.57527700,0.99965000,0.22871200,0.11636700,-0.02745900,-0.10297300,-0.13892200,0.83335400,1.09026200,-0.02131600,0.08520300,0.12317600
-0.12397700,-0.04181500,0.78328000,-0.01391900,-0.02091500,-0.71861000,0.69495900,0.07511200,0.06968000,0.16501600,0.14550900,-0.17510300,-0.07367100,0.11418600,-0.09064900,-0.19900600,0.16080600,-0.20015700,0.07328800,-0.00275000,-0.01470900,0.13134100,-0.04324200,0.16371900,-0.57430600,1.00039300,0.22732000,0.11440200,-0.02643600,-0.10324300,-0.13840400,0.83331400,1.09023700,-0.02263500,0.08435600,0.12358700
-0.12367300,-0.04174700,0.78324600,-0.01396700,-0.02093400,-0.71849400,0.69507700,0.07498800,0.06919500,0.16499300,0.14570100,-0.17544800,-0.07287800,0.11396700,-0.09119300,-0.19928500,0.16139200,-0.20054800,0.07299800,-0.00193000,-0.01551800,0.13129900,-0.04241800,0.16396200,-0.57285100,1.00023300,0.22493100,0.11285400,-0.02536800,-0.10401400,-0.13815000,0.83272100,1.09026300,-0.02411200,0.08391700,0.12272300
-0.12331100,-0.04172700,0.78324700,-0.01406700,-0.02084700,-0.71819800,0.69538400,0.07490000,0.06874600,0.16423400,0.14529300,-0.17568800,-0.07283700,0.11420700,-0.09149500,-0.19994500,0.16123100,-0.20010500,0.07352800,-0.00123700,-0.01618400,0.13103400,-0.04143500,0.16399500,-0.57146800,0.99929600,0.22546000,0.11326500,-0.02516200,-0.10571000,-0.13814500,0.83455300,1.09158500,-0.02255900,0.08350100,0.12171600
-0.12291200,-0.04157700,0.78325700,-0.01424800,-0.02103600,-0.71820500,0.69536700,0.07490600,0.06818900,0.16423000,0.14615700,-0.17574000,-0.07134500,0.11424600,-0.09214500,-0.19955000,0.16171800,-0.19977000,0.07419300,-0.00062100,-0.01683900,0.13163300,-0.04029900,0.16374600,-0.57053300,0.99788200,0.22895400,0.11438200,-0.02484300,-0.10764400,-0.13834000,0.83497500,1.09245000,-0.02181200,0.08400200,0.12117400
-0.12255100,-0.04139400,0.78324900,-0.01440600,-0.02127400,-0.71808200,0.69548400,0.07543400,0.06735900,0.16369200,0.14558500,-0.17531600,-0.07158500,0.11474300,-0.09292300,-0.20035300,0.16185300,-0.20006200,0.07454100,-0.00019900,-0.01753600,0.13242800,-0.03974600,0.16323900,-0.56988400,0.99699400,0.22827800,0.11466400,-0.02723700,-0.10940300,-0.13869700,0.83458600,1.09373900,-0.01918300,0.08308400,0.12045300
-0.12227800,-0.04123200,0.78324100,-0.01425400,-0.02110200,-0.71782600,0.69575600,0.07447000,0.06680900,0.16326700,0.14528900,-0.17500000,-0.07122000,0.11419400,-0.09332000,-0.20085800,0.16158700,-0.19924700,0.07521000,0.00055500,-0.01840400,0.13227700,-0.03999900,0.16277600,-0.57016500,0.99733800,0.22989100,0.11479000,-0.02837600,-0.11094200,-0.13905600,0.83473600,1.09384700,-0.01795000,0.08333100,0.12051300
-0.12196000,-0.04096800,0.78323300,-0.01447200,-0.02123900,-0.71788300,0.69568900,0.07451600,0.06653300,0.16357700,0.14591200,-0.17534600,-0.07013200,0.11398600,-0.09375800,-0.20025800,0.16213700,-0.19941900,0.07529500,0.00124600,-0.01883300,0.13324600,-0.03995600,0.16200400,-0.56974400,0.99733200,0.22831500,0.11344600,-0.02866700,-0.11226800,-0.13969200,0.83547000,1.09330400,-0.01855800,0.08347400,0.12021800
-0.12162200,-0.04068700,0.78334000,-0.01411200,-0.02092700,-0.71808800,0.69549400,0.07314000,0.06606100,0.16439700,0.14586800,-0.17483800,-0.06921400,0.11239900,-0.09425500,-0.20010000,0.16207500,-0.19872900,0.07577700,0.00199100,-0.01898700,0.13287100,-0.03997600,0.16129600,-0.56941300,0.99694400,0.22894700,0.11398800,-0.02794300,-0.11295700,-0.14021800,0.83545900,1.09240300,-0.02016500,0.08444800,0.12065600
-0.12129700,-0.04047800,0.78330100,-0.01451800,-0.02113800,-0.71830700,0.69525300,0.07393600,0.06585400,0.16429200,0.14575100,-0.17476600,-0.06955100,0.11246400,-0.09445600,-0.19928700,0.16285600,-0.19870900,0.07540500,0.00285900,-0.01854600,0.13390300,-0.04028300,0.16059000,-0.56931700,0.99718400,0.22935000,0.11393500,-0.02733700,-0.11295800,-0.14071600,0.83638400,1.09154500,-0.02338400,0.08483900,0.12001200
-0.12105500,-0.04025400,0.78330000,-0.01479800,-0.02137600,-0.71827000,0.69527800,0.07421800,0.06558600,0.16462200,0.14642400,-0.17522000,-0.06826000,0.11319400,-0.09474700,-0.19914600,0.16236100,-0.19836400,0.07668400,0.00274500,-0.01839400,0.13472300,-0.04086500,0.16038000,-0.56938400,0.99757600,0.22791100,0.11396500,-0.02831900,-0.11198800,-0.14087500,0.83616800,1.09030100,-0.02365700,0.08509400,0.11914900
-0.12084700,-0.03988600,0.78339000,-0.01448000,-0.02115000,-0.71826000,0.69530300,0.07258100,0.06513700,0.16456400,0.14655500,-0.17461100,-0.06754200,0.11166000,-0.09521600,-0.19935500,0.16261500,-0.19794000,0.07656700,0.00314300,-0.01865400,0.13453700,-0.04221100,0.16033600,-0.56920000,0.99824200,0.22914000,0.11384700,-0.02790500,-0.11129200,-0.14090800,0.83642000,1.08922100,-0.02098400,0.08538200,0.11974600
-0.12062400,-0.03964500,0.78336600,-0.01514500,-0.02165000,-0.71825300,0.69528000,0.07418500,0.06501900,0.16432700,0.14660700,-0.17487700,-0.06791000,0.11310300,-0.09531400,-0.19941200,0.16273600,-0.19805400,0.07682500,0.00278500,-0.01839700,0.13608300,-0.04210900,0.16048000,-0.56849500,0.99856900,0.23111200,0.11418500,-0.02663400,-0.10934300,-0.14070500,0.83567700,1.08836100,-0.02671400,0.08474500,0.12080500
-0.12038400,-0.03937400,0.78338400,-0.01510000,-0.02171000,-0.71810500,0.69543200,0.07366400,0.06437000,0.16398500,0.14645000,-0.17441200,-0.06752100,0.11284100,-0.09590600,-0.19965100,0.16256200,-0.19768600,0.07748100,0.00285300,-0.01834800,0.13632200,-0.04249200,0.16062300,-0.56808400,0.99878700,0.23239500,0.11513900,-0.02681200,-0.10784900,-0.14048400,0.83576500,1.08766400,-0.02294700,0.08404200,0.12171700
-0.12006100,-0.03910400,0.78340900,-0.01517200,-0.02187100,-0.71805600,0.69547600,0.07347100,0.06362300,0.16380100,0.14677300,-0.17446100,-0.06650000,0.11272200,-0.09667900,-0.20006500,0.16303900,-0.19762100,0.07769800,0.00220500,-0.01803200,0.13634800,-0.04179100,0.16078100,-0.56799100,0.99855900,0.23160400,0.11505800,-0.02652900,-0.10676200,-0.14004900,0.83712900,1.08863700,-0.02297700,0.08443200,0.12213900
-0.11971100,-0.03880200,0.78340100,-0.01499000,-0.02187600,-0.71806500,0.69547100,0.07288700,0.06273200,0.16410000,0.14642000,-0.17400300,-0.06586300,0.11209700,-0.09747800,-0.19975600,0.16273400,-0.19756400,0.07868400,0.00174400,-0.01776400,0.13544000,-0.04069500,0.16078400,-0.56732100,0.99818100,0.23215000,0.11536600,-0.02580400,-0.10590400,-0.13973200,0.83753600,1.08927900,-0.02409100,0.08502300,0.12279300
-0.11937500,-0.03859200,0.78345500,-0.01500900,-0.02187600,-0.71822000,0.69531000,0.07254100,0.06237500,0.16466600,0.14656900,-0.17374600,-0.06514600,0.11156500,-0.09792500,-0.19920600,0.16285800,-0.19730900,0.07918400,0.00150000,-0.01667400,0.13540700,-0.03999300,0.16069100,-0.56689300,0.99825800,0.23244200,0.11524900,-0.02629400,-0.10539600,-0.13951400,0.83728600,1.09041300,-0.02397500,0.08498300,0.12204800
-0.11898100,-0.03836500,0.78346700,-0.01456200,-0.02149300,-0.71850200,0.69504000,0.07116400,0.06174700,0.16537700,0.14643600,-0.17356300,-0.06411400,0.10956900,-0.09858200,-0.19861900,0.16309800,-0.19673500,0.07943500,0.00058200,-0.01556500,0.13376100,-0.03871100,0.16037000,-0.56533300,0.99811500,0.23089400,0.11544000,-0.02688800,-0.10557400,-0.13936800,0.83588100,1.09139100,-0.02518700,0.08491600,0.12184000
-0.11850700,-0.03813300,0.78346000,-0.01443600,-0.02156800,-0.71899900,0.69452600,0.07157300,0.06085600,0.16726700,0.14536300,-0.17314800,-0.06400600,0.10866100,-0.09941200,-0.19682300,0.16315300,-0.19671900,0.08033100,0.00041000,-0.01426700,0.13390300,-0.03873800,0.15988300,-0.56442100,0.99944900,0.23043000,0.11510600,-0.02787200,-0.10691200,-0.13956800,0.83549900,1.09192700,-0.02484600,0.08502600,0.12153800
-0.11815200,-0.03796900,0.78349300,-0.01437200,-0.02174500,-0.71945900,0.69404500,0.07168200,0.06007000,0.16841700,0.14546200,-0.17338900,-0.06283800,0.10770100,-0.10027200,-0.19522600,0.16405200,-0.19662400,0.08048900,0.00019800,-0.01314200,0.13460500,-0.03915600,0.15940500,-0.56380800,1.00049900,0.22858700,0.11513800,-0.02707800,-0.10831300,-0.14014200,0.83571700,1.09179900,-0.02487500,0.08492900,0.12094100
-0.11786700,-0.03775700,0.78345700,-0.01433100,-0.02186800,-0.71994200,0.69354200,0.07227200,0.05951400,0.16990800,0.14451700,-0.17274800,-0.06331100,0.10717300,-0.10085200,-0.19372500,0.16420600,-0.19648900,0.08103500,-0.00010900,-0.01181500,0.13539700,-0.03965300,0.15895300,-0.56328100,1.00141800,0.22833500,0.11495700,-0.02632400,-0.10983600,-0.14104500,0.83550300,1.09147000,-0.02435400,0.08540100,0.12052200
-0.11754300,-0.03745100,0.78352400,-0.01414700,-0.02178300,-0.72051900,0.69294900,0.07149900,0.05919700,0.17146600,0.14499400,-0.17254800,-0.06186300,0.10566500,-0.10127500,-0.19190600,0.16437800,-0.19558700,0.08178600,-0.00131300,-0.01039300,0.13661600,-0.04023600,0.15857200,-0.56292800,1.00123000,0.23082100,0.11593800,-0.02559500,-0.11218700,-0.14250000,0.83573200,1.09183800,-0.02541300,0.08565500,0.12007300
-0.11724700,-0.03725800,0.78353700,-0.01446600,-0.02181600,-0.72121900,0.69221200,0.07229200,0.05947000,0.17319300,0.14504800,-0.17355700,-0.06151200,0.10496000,-0.10105900,-0.19003800,0.16512900,-0.19549400,0.08109900,-0.00211200,-0.00881300,0.13850400,-0.04019900,0.15855400,-0.56238800,1.00021800,0.23238500,0.11641800,-0.02552800,-0.11387700,-0.14318300,0.83514900,1.09289100,-0.02418400,0.08548600,0.11926000
-0.11705000,-0.03712300,0.78356500,-0.01436900,-0.02160200,-0.72179300,0.69162300,0.07219400,0.05962900,0.17485800,0.14446900,-0.17287400,-0.06204500,0.10389200,-0.10094200,-0.18827000,0.16496900,-0.19479100,0.08147800,-0.00330800,-0.00693300,0.13957700,-0.04037200,0.15868000,-0.56318000,0.99925800,0.23320800,0.11597200,-0.02607200,-0.11508700,-0.14390800,0.83398400,1.09380800,-0.02205600,0.08501800,0.11913500
-0.11691200,-0.03704600,0.78361800,-0.01438100,-0.02170400,-0.72217200,0.69122400,0.07240200,0.05944800,0.17606400,0.14474900,-0.17302400,-0.06122500,0.10368900,-0.10119600,-0.18732300,0.16496500,-0.19463800,0.08195000,-0.00445400,-0.00598600,0.14115200,-0.04092300,0.15890700,-0.56480900,0.99940000,0.23180200,0.11556900,-0.02672500,-0.11500300,-0.14446700,0.83185600,1.09301300,-0.02365700,0.08526500,0.11860700
-0.11686800,-0.03708500,0.78354100,-0.01444600,-0.02133900,-0.72235400,0.69104300,0.07224200,0.06019300,0.17671100,0.14441800,-0.17309800,-0.06210600,0.10304500,-0.10039500,-0.18671600,0.16492700,-0.19432300,0.08121800,-0.00555900,-0.00449600,0.14187600,-0.04159200,0.15920900,-0.56655000,1.00026100,0.23155900,0.11488100,-0.02702600,-0.11352100,-0.14470600,0.82940800,1.09114100,-0.02313300,0.08574600,0.11934400
-0.11679600,-0.03718100,0.78358100,-0.01404700,-0.02104600,-0.72246500,0.69094500,0.07112300,0.05997800,0.17652300,0.14485800,-0.17342100,-0.06099300,0.10195300,-0.10061300,-0.18632300,0.16486000,-0.19410100,0.08136400,-0.00600000,-0.00416300,0.14173600,-0.04252400,0.15942500,-0.56792200,1.00094800,0.23097900,0.11527100,-0.02810200,-0.11144500,-0.14468300,0.82846000,1.08936500,-0.02171000,0.08503500,0.12106400
-0.11687200,-0.03732400,0.78356600,-0.01415600,-0.02125100,-0.72250100,0.69089900,0.07185100,0.05996600,0.17725500,0.14499900,-0.17338300,-0.06095200,0.10282900,-0.10070900,-0.18633200,0.16472200,-0.19431100,0.08179000,-0.00623700,-0.00441600,0.14272600,-0.04274700,0.15952400,-0.56702000,1.00023500,0.23163000,0.11529900,-0.02853600,-0.10878700,-0.14435500,0.82845700,1.08854700,-0.02546500,0.08512300,0.12074800
-0.11691700,-0.03752200,0.78354300,-0.01383800,-0.02071200,-0.72253400,0.69088700,0.07108400,0.06034200,0.17691300,0.14443000,-0.17362300,-0.06164700,0.10181400,-0.10016700,-0.18643300,0.16450400,-0.19401000,0.08115700,-0.00640400,-0.00410900,0.14185800,-0.04318000,0.15952700,-0.56725500,0.99907000,0.23212200,0.11579600,-0.02822300,-0.10667800,-0.14370600,0.83033600,1.08905300,-0.02511100,0.08495400,0.12159600
-0.11706100,-0.03787200,0.78354600,-0.01323000,-0.02009900,-0.72241500,0.69104100,0.06950900,0.06052000,0.17650000,0.14424900,-0.17356500,-0.06160600,0.10061900,-0.09990900,-0.18674600,0.16393700,-0.19378000,0.08113300,-0.00697000,-0.00408500,0.14014100,-0.04324300,0.15948300,-0.56749000,0.99716500,0.23107800,0.11588300,-0.02826800,-0.10448200,-0.14261200,0.83068700,1.08965200,-0.02337700,0.08548500,0.12165600
-0.11717700,-0.03804100,0.78355200,-0.01294600,-0.01975200,-0.72250000,0.69096700,0.06879500,0.06090200,0.17697700,0.14445800,-0.17376000,-0.06121600,0.09997800,-0.09955200,-0.18670900,0.16363800,-0.19352100,0.08113600,-0.00649200,-0.00445400,0.13924300,-0.04313300,0.15924200,-0.56719100,0.99607800,0.23140000,0.11500500,-0.02695600,-0.10404500,-0.14147000,0.83229900,1.09171000,-0.02267100,0.08512800,0.12243100
-0.11731500,-0.03831500,0.78356700,-0.01266500,-0.01950400,-0.72282400,0.69064000,0.06878700,0.06107900,0.17751700,0.14390200,-0.17360600,-0.06183700,0.09936400,-0.09930100,-0.18571400,0.16353100,-0.19354200,0.08105500,-0.00558300,-0.00450300,0.13876800,-0.04314400,0.15895200,-0.56757300,0.99445300,0.22930200,0.11480100,-0.02619000,-0.10330900,-0.14085800,0.83261600,1.09250500,-0.02171600,0.08535600,0.12178200
-0.11742400,-0.03847300,0.78349500,-0.01269700,-0.01934000,-0.72317300,0.69027900,0.06915900,0.06178100,0.17875100,0.14374200,-0.17426500,-0.06213200,0.09906200,-0.09863700,-0.18472900,0.16363900,-0.19348800,0.08058600,-0.00433600,-0.00445600,0.13875100,-0.04374500,0.15853700,-0.56834300,0.99429200,0.22626600,0.11403700,-0.02632300,-0.10408200,-0.14026900,0.83248700,1.09398800,-0.02381500,0.08511700,0.12232700
-0.11755300,-0.03865700,0.78351400,-0.01236200,-0.01892800,-0.72342700,0.69003100,0.06855900,0.06217400,0.17921100,0.14340400,-0.17409600,-0.06256200,0.09802000,-0.09822500,-0.18427100,0.16345900,-0.19317800,0.08030200,-0.00359100,-0.00493300,0.13829100,-0.04414200,0.15815900,-0.56802200,0.99447900,0.22664000,0.11366900,-0.02724900,-0.10538900,-0.13996900,0.83229400,1.09449100,-0.02422400,0.08527400,0.12158300
-0.11765300,-0.03885600,0.78353500,-0.01198100,-0.01848700,-0.72363700,0.68982900,0.06764700,0.06258100,0.17964200,0.14341400,-0.17421600,-0.06240100,0.09670700,-0.09779800,-0.18327700,0.16353600,-0.19308800,0.07981500,-0.00327800,-0.00563000,0.13762800,-0.04465500,0.15781500,-0.56817400,0.99512000,0.22689200,0.11364300,-0.02659700,-0.10745800,-0.13981700,0.83286300,1.09529300,-0.02413400,0.08482500,0.12110200
-0.11776800,-0.03894800,0.78349800,-0.01192000,-0.01847500,-0.72386900,0.68958700,0.06800200,0.06270000,0.18033800,0.14312200,-0.17438200,-0.06254600,0.09677600,-0.09765500,-0.18290000,0.16312600,-0.19320000,0.08028300,-0.00204400,-0.00602500,0.13819400,-0.04518900,0.15763000,-0.56803300,0.99544400,0.22640800,0.11355700,-0.02658500,-0.10966400,-0.13987300,0.83278100,1.09601400,-0.02488900,0.08476800,0.12035000
-0.11787000,-0.03910100,0.78351100,-0.01149000,-0.01788800,-0.72392200,0.68955500,0.06680500,0.06312500,0.18016200,0.14276000,-0.17447000,-0.06277600,0.09556000,-0.09710900,-0.18305500,0.16274900,-0.19271400,0.07982900,-0.00152100,-0.00586100,0.13763500,-0.04575000,0.15735100,-0.56796800,0.99557500,0.22619300,0.11388000,-0.02703100,-0.11257700,-0.14018100,0.83329900,1.09728000,-0.02233800,0.08445300,0.12038700
-0.11793400,-0.03915600,0.78354000,-0.01120500,-0.01766800,-0.72385100,0.68963900,0.06581400,0.06320600,0.18013000,0.14313400,-0.17408100,-0.06234900,0.09470800,-0.09717100,-0.18296300,0.16292600,-0.19272800,0.07957700,-0.00141500,-0.00616600,0.13829200,-0.04672500,0.15716400,-0.56821100,0.99598600,0.22709200,0.11422900,-0.02688700,-0.11511000,-0.14070000,0.83266600,1.09658500,-0.02283600,0.08581800,0.11956900
-0.11809700,-0.03926200,0.78350100,-0.01115900,-0.01750700,-0.72354100,0.68996900,0.06575600,0.06344900,0.17941600,0.14241200,-0.17386300,-0.06340400,0.09521600,-0.09675200,-0.18395300,0.16205500,-0.19287600,0.07972700,-0.00127400,-0.00638500,0.13856000,-0.04725100,0.15712100,-0.56819400,0.99662400,0.22828500,0.11428800,-0.02724900,-0.11671000,-0.14113000,0.83241700,1.09659500,-0.02276600,0.08495100,0.11976600
-0.11819300,-0.03934900,0.78355300,-0.01088200,-0.01730100,-0.72321400,0.69032200,0.06455500,0.06336400,0.17850900,0.14313000,-0.17406300,-0.06235900,0.09481200,-0.09689300,-0.18519700,0.16215500,-0.19280800,0.07942600,-0.00118500,-0.00684300,0.13841500,-0.04726400,0.15712600,-0.56760500,0.99703600,0.22846200,0.11368900,-0.02710600,-0.11772000,-0.14149100,0.83228400,1.09652500,-0.02513300,0.08405200,0.11814900
-0.11827800,-0.03940000,0.78353400,-0.01081900,-0.01724800,-0.72278500,0.69077300,0.06417200,0.06332000,0.17704600,0.14311100,-0.17364600,-0.06286000,0.09516700,-0.09689900,-0.18632300,0.16197100,-0.19284700,0.07930100,-0.00171600,-0.00724900,0.13905700,-0.04804800,0.15721500,-0.56867400,0.99783700,0.22845700,0.11403000,-0.02535100,-0.11852800,-0.14180000,0.83229000,1.09607300,-0.02453600,0.08410600,0.11789100
-0.11836100,-0.03953900,0.78354200,-0.01054300,-0.01694200,-0.72229400,0.69129900,0.06282400,0.06333000,0.17559000,0.14332900,-0.17322100,-0.06279200,0.09476300,-0.09681900,-0.18754900,0.16186700,-0.19303700,0.07875900,-0.00133900,-0.00777300,0.13862700,-0.04843400,0.15729600,-0.56832400,0.99872300,0.23105400,0.11425300,-0.02647000,-0.11804700,-0.14190100,0.83180100,1.09415000,-0.02517900,0.08454600,0.11836300
-0.11847800,-0.03958500,0.78353800,-0.01050800,-0.01709500,-0.72152200,0.69210000,0.06278100,0.06276500,0.17388600,0.14308500,-0.17323600,-0.06288000,0.09613300,-0.09726000,-0.18993400,0.16099900,-0.19344200,0.07955000,-0.00176400,-0.00864600,0.13887500,-0.04864700,0.15736000,-0.56801200,0.99927200,0.23245400,0.11500500,-0.02629100,-0.11733100,-0.14196200,0.83236100,1.09218700,-0.02616400,0.08444700,0.11945300
-0.11856600,-0.03963800,0.78352700,-0.01034200,-0.01701500,-0.72092600,0.69272600,0.06194600,0.06248500,0.17194300,0.14332600,-0.17311400,-0.06265000,0.09640800,-0.09750400,-0.19194700,0.16071100,-0.19344800,0.07970000,-0.00166200,-0.00902200,0.13858100,-0.04877400,0.15735900,-0.56787700,0.99860200,0.23261300,0.11487600,-0.02602400,-0.11649600,-0.14189200,0.83287000,1.09155600,-0.02482500,0.08396800,0.11986600
-0.11860500,-0.03971300,0.78353200,-0.01022900,-0.01671900,-0.72044500,0.69323500,0.06106700,0.06269600,0.17068400,0.14307800,-0.17251200,-0.06352200,0.09640200,-0.09717000,-0.19330500,0.16019900,-0.19327300,0.07944700,-0.00124900,-0.00862500,0.13771800,-0.04842900,0.15733100,-0.56694000,0.99731600,0.23396500,0.11515300,-0.02745900,-0.11551900,-0.14172600,0.83294800,1.09149400,-0.02508700,0.08423100,0.12047100
