-0.00060700,0.02501700,0.78556100,-0.03897300,-0.04461900,-0.71212100,0.69955300,0.12236400,0.01770600,0.10623500,0.18572000,-0.19461800,-0.01379700,0.08985900,-0.03735000,-0.14801300,0.22975200,-0.21409700,-0.01883200,-0.00401200,-0.01140000,0.20965500,-0.07284400,0.13886600,-0.56107700,1.17517200,-0.14542600,0.03282100,0.12473800,-0.11512000,-0.12971900,0.62331400,1.20219700,0.09212400,0.07816500,0.00188100
-0.00066400,0.02591900,0.78581400,-0.03668500,-0.04311800,-0.71297400,0.69890100,0.11605100,0.01683500,0.10843300,0.18330800,-0.18976700,-0.01429600,0.07749700,-0.03876900,-0.14600200,0.23847600,-0.21423000,-0.01904800,-0.00423100,-0.01201900,0.20592700,-0.07507000,0.13905100,-0.56315500,1.17487600,-0.14623700,0.03289700,0.12585200,-0.11526600,-0.12903100,0.61573400,1.19799700,0.09429300,0.07796600,0.00075000
-0.00077800,0.02757300,0.78632200,-0.03154100,-0.03955000,-0.71365200,0.69867100,0.10178700,0.01465400,0.10967200,0.17698200,-0.17695000,-0.01810700,0.05206200,-0.04202000,-0.14427100,0.25522300,-0.21403400,-0.01993200,-0.00474000,-0.01318300,0.19668700,-0.08201500,0.14130200,-0.58401500,1.16995300,-0.14659700,0.04225500,0.12872400,-0.10805700,-0.12747500,0.57785100,1.18358800,0.08105800,0.07840300,-0.00508700
-0.00076500,0.03059200,0.78656100,-0.02508300,-0.03263100,-0.71390100,0.69903600,0.05804800,0.01769800,0.10636600,0.21182600,-0.18031500,-0.02210100,0.01121300,-0.04301700,-0.14501400,0.28410900,-0.21167700,-0.02187600,-0.00974900,-0.01001900,0.18246700,-0.09751700,0.14955700,-0.65778700,1.15475900,-0.11210600,0.06539200,0.11475000,-0.08393700,-0.12163200,0.47963600,1.13903900,0.02769000,0.08987800,-0.01545600
-0.00121700,0.03479100,0.78661500,-0.01704400,-0.02658300,-0.71328300,0.70016400,0.00765700,0.01675900,0.09861800,0.25228100,-0.17955100,-0.02639500,-0.04119900,-0.04939800,-0.14777200,0.33178000,-0.21300500,-0.02478900,-0.01471700,-0.01101700,0.16726000,-0.11353400,0.16535000,-0.75266900,1.11388100,-0.06555700,0.08208500,0.10130600,-0.05055500,-0.11277400,0.37679100,1.06420200,-0.00154700,0.10005100,-0.02320100
-0.00221300,0.03969100,0.78685400,-0.01189000,-0.02260500,-0.71301100,0.70068700,-0.03586800,0.01798600,0.08874600,0.29303700,-0.17224000,-0.03744000,-0.09341200,-0.05424900,-0.14813000,0.39201800,-0.20810700,-0.02969600,-0.01793900,-0.01313800,0.15968000,-0.11131600,0.18610100,-0.78451400,1.04239900,-0.01237000,0.10814400,0.10069200,-0.02050000,-0.10831500,0.31924400,0.97874500,-0.01007600,0.09463600,-0.02318400
-0.00377700,0.04590200,0.78700400,-0.00708700,-0.01949400,-0.71033500,0.70355800,-0.08415000,0.01674500,0.07260200,0.33978600,-0.16095500,-0.04677200,-0.14661400,-0.06252900,-0.15543100,0.45673100,-0.19821600,-0.03428100,-0.02381700,-0.01604900,0.15507800,-0.09221700,0.21005200,-0.76571900,0.96148600,0.05176800,0.12493600,0.07336100,-0.00152600,-0.11158700,0.31047300,0.90405300,-0.01394300,0.08384300,-0.03671100
-0.00567100,0.05266900,0.78692600,-0.00416200,-0.01902700,-0.70505000,0.70889000,-0.12816600,0.01185100,0.05444800,0.38843600,-0.14550500,-0.05477700,-0.19090200,-0.07552700,-0.16886700,0.51934200,-0.18603200,-0.03628500,-0.03108100,-0.01945200,0.15895000,-0.05690200,0.23240700,-0.71367000,0.87973700,0.06109800,0.13522600,0.03941400,0.00557700,-0.12040900,0.32844200,0.84441500,-0.00084300,0.08146700,-0.05164700
-0.00803500,0.06027100,0.78624100,-0.00220000,-0.02030000,-0.69741100,0.71638100,-0.17070600,0.00188900,0.02902000,0.43637000,-0.12772400,-0.06200200,-0.23078300,-0.09366400,-0.18803700,0.58242700,-0.17405500,-0.03922400,-0.03371700,-0.02104500,0.16983500,-0.01698300,0.25021300,-0.65681900,0.80225800,0.05507100,0.13843000,0.00503600,0.00831400,-0.12869700,0.34382200,0.79480200,0.01059000,0.07908500,-0.05705400
-0.01036900,0.06927100,0.78471600,0.00010300,-0.02279900,-0.68893300,0.72446700,-0.21262100,-0.01263100,0.00648300,0.48124100,-0.10732300,-0.06656300,-0.26720400,-0.11603500,-0.20668000,0.63835400,-0.16574500,-0.04248400,-0.03019700,-0.02068900,0.18590400,0.01666100,0.26605700,-0.62577100,0.73432500,0.04706900,0.13065000,-0.01030000,0.00096700,-0.13537400,0.35099100,0.75915800,0.02787200,0.07355400,-0.04481800
-0.01317000,0.07966700,0.78184900,0.00564700,-0.02535900,-0.67591200,0.73652400,-0.26604400,-0.03878700,-0.02024100,0.53005200,-0.08476100,-0.06417900,-0.30336500,-0.14930000,-0.23037300,0.68742000,-0.16943800,-0.04243200,-0.02722200,-0.02182900,0.20368900,0.04478500,0.28363800,-0.61334500,0.67061800,0.04411300,0.11585300,-0.00803000,-0.01653500,-0.13987200,0.35290300,0.73225500,0.04872600,0.07006500,-0.03998100
-0.01626300,0.09120600,0.77667300,0.01090800,-0.02722000,-0.66015200,0.75056000,-0.32457800,-0.06955200,-0.05033100,0.58407800,-0.07557700,-0.05784200,-0.33623800,-0.18532500,-0.25885500,0.73270800,-0.18985900,-0.04210400,-0.02482200,-0.01929200,0.22422000,0.07380300,0.30505400,-0.60447900,0.61063900,0.00808900,0.09378100,-0.00953600,-0.04545300,-0.14545200,0.35562200,0.70778800,0.06775900,0.06768100,-0.03665900
-0.01967400,0.10332900,0.76821800,0.01389900,-0.02649100,-0.64599400,0.76275600,-0.37706400,-0.11233400,-0.12746400,0.63583600,-0.10589800,-0.07702800,-0.37183500,-0.21273700,-0.28430400,0.78098700,-0.22682400,-0.04692700,-0.01590800,-0.00823600,0.24260600,0.11224900,0.32857900,-0.58761200,0.55433300,-0.03525400,0.07782600,-0.00721000,-0.08331600,-0.15560800,0.35972700,0.68092000,0.07367200,0.06405700,-0.03423000
-0.02200900,0.11562700,0.75654000,0.01334900,-0.02903000,-0.63557900,0.77137400,-0.41232500,-0.14510000,-0.17101400,0.74494700,-0.18947700,-0.12672000,-0.41176700,-0.23864400,-0.29442900,0.85262100,-0.26996500,-0.05067000,-0.00529600,0.00422800,0.25995300,0.17410400,0.35337400,-0.55193600,0.49180900,-0.08931000,0.05975000,-0.01254000,-0.13593900,-0.17621800,0.38282200,0.65685300,0.06050000,0.05176200,-0.04583600
-0.02277700,0.12807200,0.74310100,0.01112100,-0.03596200,-0.63388000,0.77251500,-0.44390600,-0.10999200,-0.09259000,0.95454700,-0.28114700,-0.10622400,-0.46001200,-0.25847700,-0.27708400,0.94125600,-0.30400200,-0.04974100,0.00986900,0.01179800,0.27345100,0.26904400,0.37699800,-0.48791100,0.41333200,-0.10549800,0.05919000,-0.01938800,-0.20121100,-0.20486600,0.41956000,0.62407600,0.03583200,0.04973300,-0.05595100
-0.02233700,0.14019500,0.72983800,0.00217800,-0.04572800,-0.64021900,0.76682700,-0.42730900,-0.04831800,-0.03065300,1.17079000,-0.35121300,-0.07704600,-0.49220200,-0.25312900,-0.24168100,1.01048000,-0.32800400,-0.03815500,0.02470200,0.02350400,0.28508100,0.38572900,0.40076700,-0.41978800,0.32857000,-0.09267200,0.08764800,-0.01588200,-0.25395000,-0.23403600,0.45042500,0.55758800,-0.04372400,0.06311700,-0.06617000
-0.02120300,0.15174300,0.71931400,-0.00668200,-0.05587300,-0.64805200,0.75951500,-0.37179200,-0.01956700,-0.02767500,1.33623900,-0.36838600,-0.07436800,-0.50762700,-0.23859600,-0.20424800,1.04624300,-0.35240800,-0.02727000,0.03365700,0.02731000,0.28194700,0.52014000,0.43295700,-0.36366300,0.23033800,-0.01440800,0.09099800,-0.01716900,-0.25874800,-0.25910600,0.45552100,0.43611300,-0.13770400,0.08694100,-0.05435800
-0.01904500,0.16415800,0.71434100,-0.01008800,-0.06479600,-0.65376100,0.75385400,-0.29630000,-0.01407100,-0.04013800,1.42525600,-0.34011100,-0.09523900,-0.51773500,-0.23448400,-0.17631800,1.05077200,-0.35898800,-0.02649400,0.03592900,0.01751400,0.26218100,0.65383900,0.47646900,-0.31394700,0.10058600,0.03581300,0.08061400,-0.05538900,-0.21410300,-0.28681700,0.45057000,0.27383500,-0.16672800,0.11438700,-0.03419300
-0.01586200,0.17938700,0.71700600,-0.01159400,-0.07148900,-0.65693500,0.75046100,-0.21211900,-0.02214100,-0.06257200,1.43816000,-0.34098800,-0.10095400,-0.51460400,-0.23355800,-0.15811200,1.00920900,-0.32870700,-0.02553900,0.03082200,0.00352700,0.24054100,0.75265100,0.51760000,-0.27600300,-0.02620000,0.01979500,0.07028000,-0.07899800,-0.12670800,-0.32157600,0.44199500,0.09177100,-0.15101400,0.13506800,-0.02058000
-0.01186300,0.19826600,0.72821700,-0.01388600,-0.07696600,-0.65851800,0.74849000,-0.12734700,-0.03634300,-0.08584800,1.38279300,-0.33184200,-0.08972800,-0.48690100,-0.23103800,-0.14996600,0.90899600,-0.24973700,-0.01929900,0.01505700,-0.01195100,0.22461900,0.79004500,0.54372400,-0.26390600,-0.11238000,-0.03302900,0.06702600,-0.07778700,-0.00938600,-0.35763500,0.42657500,-0.09993500,-0.21366200,0.17429200,0.01218200
-0.00708300,0.22103000,0.74652500,-0.01271300,-0.08396600,-0.66058400,0.74593300,-0.04958500,-0.05498300,-0.08778000,1.26538900,-0.26664000,-0.06956400,-0.43560100,-0.23208800,-0.14137600,0.74317500,-0.12087200,-0.00632800,-0.00817000,-0.03648100,0.21317900,0.74812200,0.54765000,-0.29607900,-0.12781500,-0.06398300,0.05807400,-0.03999300,0.11573200,-0.38159700,0.40846200,-0.25347900,-0.27730800,0.17352900,0.03116700
-0.00158000,0.24784700,0.76688600,-0.00680000,-0.09080900,-0.66546800,0.74085100,0.01859800,-0.07848900,-0.06685000,1.09913200,-0.20558000,-0.07846200,-0.39429200,-0.23718800,-0.12447800,0.55801800,0.08399100,0.01721600,-0.03899200,-0.06863600,0.20057600,0.64279200,0.52633300,-0.35662900,-0.08663900,-0.05007700,0.08564200,-0.03995100,0.21271100,-0.38299700,0.40500200,-0.33527800,-0.31184500,0.16247100,0.00781700
0.00527700,0.27843400,0.78227000,0.00290700,-0.09546500,-0.67725100,0.72952700,0.06812800,-0.12042100,-0.04114700,0.91517900,-0.18429000,-0.08510300,-0.40460700,-0.23769200,-0.07801700,0.41861900,0.34285400,0.07188600,-0.06780200,-0.09726000,0.18674800,0.50087700,0.48360800,-0.42506100,-0.02792100,-0.01229700,0.17397100,-0.10501700,0.27670100,-0.36087500,0.40423300,-0.35030900,-0.29938800,0.14532300,-0.02848100
0.01209500,0.31188100,0.78859800,0.00871000,-0.09756800,-0.69200000,0.71522100,0.10206600,-0.15118400,-0.01337700,0.74175300,-0.12433800,-0.11164500,-0.38601900,-0.19586800,0.04392900,0.29297500,0.39885700,0.26180000,-0.09207500,-0.11279700,0.18454200,0.33074300,0.42814000,-0.49352600,0.04800300,0.03429600,0.21758600,-0.14289200,0.32760000,-0.30930500,0.38142500,-0.31548300,-0.21208400,0.11324100,-0.05750400
0.01913400,0.34869600,0.78616600,0.00156400,-0.09708700,-0.70748200,0.70002900,0.11057200,-0.14571600,0.02418100,0.63934200,-0.08915500,-0.10555800,-0.41925000,-0.18977500,-0.00799400,0.42994600,0.26253600,0.26180000,-0.10761000,-0.11158600,0.20923200,0.15776300,0.36274100,-0.53136800,0.11059900,0.04138400,0.19898200,-0.15471000,0.35048900,-0.23600600,0.33610700,-0.23372400,-0.18442700,0.10188600,-0.06922200
0.02561400,0.38794500,0.77509200,-0.00958100,-0.08870000,-0.71689300,0.69145200,0.05640900,-0.11957200,0.04632300,0.67211500,-0.15221500,-0.02028800,-0.48662500,-0.22414500,-0.12704900,0.72710300,0.03168400,0.15684800,-0.12952600,-0.09929600,0.23352700,-0.01348200,0.29607400,-0.55330500,0.12550900,0.03910700,0.18609100,-0.12036700,0.34727100,-0.16064300,0.26994900,-0.10845900,-0.18581300,0.10176100,-0.08412200
0.03004500,0.42730000,0.75559500,-0.02372200,-0.08156600,-0.71507200,0.69387000,-0.02113900,-0.09736000,0.02518000,0.77237900,-0.32016100,-0.01129700,-0.54502600,-0.25623100,-0.16904200,1.07983200,-0.10242300,0.05278400,-0.15090500,-0.08699600,0.25948300,-0.20362200,0.24711200,-0.60010500,0.09425300,0.03447500,0.17155700,-0.09119800,0.36470600,-0.09995400,0.18582100,-0.02107100,-0.13658000,0.11704700,-0.12069300
0.03198100,0.46496800,0.73475700,-0.02894800,-0.07990200,-0.69702200,0.71199600,-0.12915300,-0.11281700,-0.03111100,0.89012900,-0.43157700,-0.02127000,-0.56194400,-0.28538300,-0.15869300,1.38117200,-0.19622200,0.04310100,-0.17625100,-0.09535000,0.26876300,-0.39539900,0.21508700,-0.68007000,0.03766800,-0.00179200,0.15870600,-0.09354100,0.42550900,-0.06197600,0.11404000,-0.03175400,-0.07764600,0.13725200,-0.16056100
0.03172900,0.49927300,0.72211100,-0.03327900,-0.07403400,-0.67681600,0.73166300,-0.22522300,-0.12254100,-0.07323800,0.96135200,-0.47935800,-0.02003100,-0.51706200,-0.26384100,-0.14346400,1.57792400,-0.24837600,0.07342100,-0.18879200,-0.09333500,0.26473500,-0.51622800,0.18655600,-0.75175800,-0.04247900,-0.01639000,0.15254300,-0.13506700,0.51108300,-0.04446400,0.06648300,-0.11350700,-0.09195400,0.13001000,-0.14913200
0.03165500,0.53143900,0.71927600,-0.03913900,-0.06841800,-0.66977700,0.73836700,-0.28126500,-0.11417200,-0.08676800,0.96250400,-0.47415500,-0.02276700,-0.42615400,-0.19908100,-0.11619000,1.67597000,-0.28091000,0.10772600,-0.17144300,-0.07821300,0.25448800,-0.53457100,0.16893100,-0.78177500,-0.13722800,-0.05813600,0.13931600,-0.19762200,0.56985100,-0.05098100,0.04964600,-0.19529100,-0.05833600,0.12587900,-0.12952200
0.03289900,0.56352700,0.72698600,-0.03584500,-0.06748600,-0.67064300,0.73783400,-0.30997300,-0.11825400,-0.08038100,0.88909100,-0.39254200,-0.02476700,-0.31792100,-0.16565500,-0.07432500,1.68801400,-0.29143800,0.12088200,-0.13220700,-0.06317000,0.23377300,-0.44456500,0.17363800,-0.76361000,-0.23051400,-0.08249300,0.11705900,-0.28770000,0.58682600,-0.08081100,0.05822700,-0.26744600,-0.03423900,0.14681800,-0.12547300
0.03311500,0.59606900,0.74419300,-0.03104200,-0.06419500,-0.67290700,0.73628200,-0.30817400,-0.11976300,-0.09062600,0.73866700,-0.24502200,-0.03955000,-0.20429600,-0.15158000,-0.04317200,1.60972200,-0.27370200,0.08395400,-0.09306100,-0.03998900,0.20766200,-0.22186800,0.19927200,-0.67214400,-0.30779400,-0.05611300,0.10301200,-0.39556400,0.56174300,-0.12872900,0.09989100,-0.32957000,-0.04698900,0.16429500,-0.11996900
0.03289200,0.63059400,0.76678100,-0.02161500,-0.05664000,-0.68037000,0.73035700,-0.28965500,-0.10914600,-0.08940200,0.52206700,-0.02077600,-0.05373400,-0.11664000,-0.14697800,-0.01395800,1.46434100,-0.25059100,0.01174800,-0.05011500,-0.01437300,0.17877200,0.07381000,0.23779700,-0.52501000,-0.38462600,-0.02594400,0.13203900,-0.36389400,0.49169900,-0.18924800,0.16837200,-0.36790000,-0.05617000,0.14761900,-0.08860600
0.03165300,0.66804000,0.78802700,-0.01223800,-0.04478400,-0.69156700,0.72081900,-0.28897300,-0.08151700,-0.05827500,0.31559700,0.26958500,-0.05375200,-0.05090700,-0.12798400,0.01613100,1.27425900,-0.26304900,-0.03032800,0.01236100,0.00841900,0.15260300,0.36461100,0.26382600,-0.34691100,-0.43096000,-0.01387400,0.13107400,-0.28253300,0.40062000,-0.24267500,0.25091400,-0.38475000,-0.02865000,0.12157400,-0.07051400
0.02905800,0.70744400,0.80103500,-0.01457400,-0.02619700,-0.70256200,0.71099100,-0.27439700,-0.03841500,-0.10385700,0.12156900,0.45782500,-0.16261500,0.00304400,-0.06887800,0.03859400,1.06930800,-0.24049600,-0.04868500,0.09246900,0.04604300,0.12762600,0.58387500,0.25361000,-0.17111600,-0.41601400,-0.00902000,0.09263000,-0.23724600,0.31399200,-0.28253800,0.33045000,-0.39060700,0.00265800,0.09784200,-0.07623100
0.02645000,0.75021000,0.80422900,-0.01723700,-0.01478500,-0.70822100,0.70562500,-0.31074400,-0.02005100,-0.14889200,0.19568700,0.34874200,-0.20842100,0.04372800,-0.01750600,0.05667300,0.87991500,-0.21085700,-0.01893200,0.14423300,0.07559000,0.11523900,0.71569400,0.23241000,-0.03573900,-0.37745500,0.03437700,0.06980900,-0.23219600,0.21879000,-0.31994700,0.39356900,-0.39016200,0.02650700,0.06696300,-0.04666100
0.02361900,0.79637200,0.79965300,-0.01292000,-0.01673300,-0.70615100,0.70774600,-0.40360600,-0.00549400,-0.04032700,0.53240000,0.10925400,-0.13038000,0.04842300,-0.01087600,0.03725800,0.75499600,-0.16417400,-0.00499800,0.15350000,0.08038300,0.12614100,0.77230700,0.23121300,0.02973200,-0.33723900,0.05261500,0.04735400,-0.21080300,0.12885400,-0.34628700,0.44118800,-0.37017500,0.08522300,0.00843500,-0.01171700
0.02057500,0.84405400,0.78534700,-0.00569500,-0.02059400,-0.70416800,0.70971200,-0.48028500,0.00942500,0.03566000,0.91258000,-0.09218900,-0.04128100,0.02200000,-0.05245400,-0.06762300,0.70660000,-0.17623200,-0.06260000,0.14708300,0.07174500,0.14647700,0.78605200,0.24584600,0.03247400,-0.31141900,-0.02882200,0.01761700,-0.14997800,0.07149900,-0.35749000,0.46819100,-0.34096700,0.14290200,-0.02944200,-0.00386500
0.01620700,0.89117900,0.76380000,-0.01000200,-0.02795900,-0.70367500,0.70990100,-0.48120000,0.01015600,0.04914500,1.23262900,-0.21063300,-0.03916600,-0.01528600,-0.05832100,-0.09270700,0.74418900,-0.37471300,-0.04121100,0.12415000,0.06718100,0.18769500,0.77333700,0.26927900,0.00451400,-0.32883600,-0.11134100,-0.00121000,-0.11900000,0.04772300,-0.35611100,0.48241100,-0.30670600,0.14623200,-0.02570400,-0.02330900
0.01297300,0.93681200,0.74283100,-0.01493000,-0.02469400,-0.70928300,0.70433300,-0.43986200,0.02410800,0.05309400,1.46804800,-0.26405000,-0.05967700,-0.11680500,-0.02048600,-0.02609900,0.82262400,-0.50414500,0.00453400,0.09890500,0.07384100,0.20698900,0.70983600,0.29152300,-0.04886200,-0.34268600,-0.07652400,-0.01396300,-0.11404600,0.05509400,-0.34807500,0.48310300,-0.25413600,0.11327600,-0.01445300,-0.04958800
0.01106800,0.97755500,0.73036800,-0.01731800,-0.01951300,-0.71417100,0.69948500,-0.34566000,0.03452400,0.05757300,1.58757500,-0.28845300,-0.05864100,-0.21216100,0.00305400,-0.01088700,0.87559300,-0.55772500,0.00664700,0.05727100,0.07375600,0.20623100,0.60360500,0.30297400,-0.12228400,-0.34445800,0.02306300,-0.02011500,-0.10882000,0.11839500,-0.33746400,0.46429900,-0.20770400,0.04590200,-0.01364300,-0.06283900
0.01013600,1.01636800,0.72611100,-0.01447500,-0.01757500,-0.71606600,0.69766200,-0.22078200,0.03749200,0.07082500,1.59622000,-0.29776700,-0.04731500,-0.30014900,0.00466300,-0.01325900,0.90622200,-0.54726300,-0.00515200,0.00391300,0.05872500,0.19234800,0.45633200,0.30722300,-0.21735100,-0.33284700,0.08818700,-0.02352100,-0.09673400,0.22852600,-0.32425700,0.41671200,-0.18234500,0.02209700,-0.01448200,-0.06494300
0.01031200,1.05432500,0.73154900,-0.01331700,-0.02144000,-0.71588300,0.69776400,-0.08081400,0.01982900,0.07023200,1.50144900,-0.27293300,-0.02374000,-0.35105700,-0.00075500,-0.00716700,0.88122900,-0.47205400,-0.00444500,-0.06042400,0.03405700,0.18295900,0.28181100,0.31011900,-0.32241600,-0.31686400,0.12274300,-0.01585100,-0.08913400,0.35515700,-0.30799200,0.35393000,-0.18171500,0.01652400,-0.00341600,-0.07051700
0.01177800,1.09332500,0.74625200,-0.01015600,-0.02857000,-0.71133300,0.70220100,0.04297400,-0.00598600,0.06184800,1.32856200,-0.20901100,0.00589000,-0.36149200,-0.02144500,-0.00032500,0.77630900,-0.34716800,0.00864600,-0.13251800,0.00382500,0.17126200,0.08466300,0.30976700,-0.43740200,-0.28194800,0.16985600,-0.01162300,-0.08275600,0.48120400,-0.28327700,0.28036000,-0.19966400,-0.01105500,0.01494900,-0.08318800
0.01422500,1.13431600,0.76585900,-0.00645200,-0.03684200,-0.70944600,0.70376600,0.16205000,-0.03012100,0.05978000,1.08366100,-0.14785900,-0.02334300,-0.34866500,-0.03851900,0.02684900,0.61567700,-0.15858500,0.03260700,-0.19724400,-0.03030500,0.15865100,-0.08762300,0.30145200,-0.53594100,-0.25047900,0.24001800,0.00337400,-0.09880100,0.57097800,-0.25183500,0.21693800,-0.20807200,-0.03674900,0.02953200,-0.08423800
0.01829200,1.17905700,0.78433200,0.00652600,-0.04464600,-0.71348500,0.69921600,0.22874400,-0.08881200,0.04286700,0.83473500,-0.11898900,0.00179000,-0.37376500,-0.06803400,0.05101600,0.47968500,0.08851200,0.05050800,-0.24489600,-0.07095300,0.13824700,-0.23799000,0.29027500,-0.62027400,-0.22447300,0.22398600,0.02579200,-0.10151600,0.61594200,-0.22220300,0.17088000,-0.20713000,-0.07862300,0.02974700,-0.08830500
0.02366900,1.22750300,0.79604900,0.01770200,-0.04791800,-0.72020600,0.69187700,0.26377200,-0.13346400,0.03255000,0.60937100,-0.08164100,-0.00914100,-0.41566600,-0.07895200,0.08925200,0.35405300,0.34418700,0.10016700,-0.26980800,-0.09533200,0.12985300,-0.36366600,0.27979900,-0.68607400,-0.20410500,0.11661800,0.01284700,-0.09839300,0.62631900,-0.19728300,0.13976100,-0.19766700,-0.09972400,0.02782600,-0.10608800
0.02887300,1.27811400,0.79916500,0.02009900,-0.04761500,-0.72647400,0.68524800,0.25560300,-0.15500000,0.02469100,0.47032900,-0.04703100,-0.00521900,-0.42584400,-0.06912800,0.14290100,0.30317600,0.32230300,0.19051300,-0.27302500,-0.10411700,0.14028400,-0.45918800,0.26872700,-0.72235300,-0.19080500,0.03948300,-0.01536200,-0.11918500,0.61097600,-0.17704300,0.12206100,-0.18098500,-0.10646100,0.02595700,-0.12249000
0.03296500,1.33074400,0.79488400,0.01394400,-0.04272100,-0.73242000,0.67936900,0.20381900,-0.14595400,0.04054400,0.42613100,-0.02280700,-0.03304100,-0.47881800,-0.08801700,0.04037500,0.49448000,0.12618700,0.16687800,-0.25823400,-0.09985100,0.16186000,-0.49056800,0.25302400,-0.71991900,-0.18115900,-0.00039800,-0.02938500,-0.13804800,0.56368900,-0.16470700,0.11693200,-0.15522300,-0.10102000,0.02573000,-0.11462000
0.03556800,1.38481400,0.78248600,0.00173200,-0.03485300,-0.73643200,0.67561100,0.09070700,-0.10705300,0.06694000,0.55276200,-0.13065400,0.04073600,-0.55723100,-0.09903800,-0.02751000,0.84499200,-0.03303600,0.06054600,-0.22836000,-0.08444800,0.19036100,-0.46537000,0.23911900,-0.70301700,-0.16619100,-0.05235300,-0.02784800,-0.11777400,0.49759400,-0.15881700,0.12282200,-0.12798800,-0.06217900,0.02120300,-0.11168500
0.03773600,1.43783900,0.76217800,-0.01313300,-0.03289600,-0.73331900,0.67896200,-0.03549900,-0.08974700,0.02323900,0.73063900,-0.30372100,0.01827100,-0.58468600,-0.10015900,-0.04532700,1.18675100,-0.13526900,0.02980800,-0.19437600,-0.07018900,0.22444400,-0.39568800,0.23471100,-0.68107400,-0.14489700,-0.12955400,-0.02615900,-0.10443900,0.43966000,-0.16230900,0.12833400,-0.13294700,-0.03712900,0.02015800,-0.11446500
0.03791400,1.48917300,0.74233300,-0.01944500,-0.02725800,-0.71881900,0.69439100,-0.18570200,-0.08687600,-0.02946600,0.89096000,-0.41026700,-0.00788600,-0.56701300,-0.10952600,-0.06961300,1.45498400,-0.20699300,0.02074700,-0.16946100,-0.05516000,0.23703600,-0.27623400,0.24468500,-0.64294700,-0.12029000,-0.10675800,-0.02642300,-0.11635700,0.38867400,-0.16757300,0.13503800,-0.16914700,-0.02906000,0.02905800,-0.12780000
0.03770100,1.53469400,0.73302700,-0.02303000,-0.02739200,-0.70441500,0.70888500,-0.26042600,-0.09359500,-0.05468000,0.90695400,-0.45954100,-0.00551500,-0.46589400,-0.13199300,-0.10564800,1.60470800,-0.25940400,0.01896700,-0.14347600,-0.04905500,0.23741200,-0.07471100,0.27230600,-0.57007500,-0.11464600,0.01735700,-0.02246600,-0.11878600,0.32482800,-0.17995800,0.16110700,-0.20023100,-0.03578400,0.02984300,-0.12885600
0.03833200,1.57701200,0.73388900,-0.02289800,-0.03026300,-0.69863700,0.71446900,-0.29206900,-0.09933900,-0.05039500,0.83451100,-0.44362600,0.01118700,-0.32937200,-0.13432100,-0.12038400,1.64302800,-0.29354900,0.01031800,-0.10882000,-0.04474300,0.22649600,0.19913300,0.31257700,-0.44290600,-0.17972400,0.12331400,-0.02609600,-0.11911000,0.23737400,-0.20273200,0.21052200,-0.21814200,-0.02815500,0.01553800,-0.09956200
0.03829100,1.62024100,0.74606800,-0.01888600,-0.02882000,-0.69205200,0.72102500,-0.33054300,-0.11170200,-0.06841600,0.73255400,-0.30252000,0.00805200,-0.19469200,-0.10348700,-0.12243300,1.55993500,-0.28739800,0.00965000,-0.05090600,-0.03144500,0.20436900,0.44535000,0.33756100,-0.31264200,-0.24260200,0.18032900,-0.04864300,-0.11915600,0.16127900,-0.22165500,0.26108500,-0.24113400,0.02246500,0.00589300,-0.09933900
0.03680300,1.66429600,0.76690800,-0.02043300,-0.02091200,-0.68473400,0.72820600,-0.31969600,-0.10153800,-0.11132300,0.52728700,-0.08436700,-0.02135200,-0.06430200,-0.02351100,-0.10959800,1.36055400,-0.24560600,0.03520200,0.03138800,0.00145300,0.17582200,0.62875200,0.33479700,-0.19766300,-0.27728300,0.25569000,-0.05879500,-0.10590800,0.10758000,-0.23163400,0.30230300,-0.25716600,0.07432800,-0.00394400,-0.11301600
0.03597600,1.71126600,0.78861500,-0.01855500,-0.01229000,-0.68005100,0.73282700,-0.30083700,-0.08404000,-0.12339400,0.27875600,0.24375100,-0.05018300,0.03514300,0.03460000,-0.08393600,1.12448900,-0.19824800,0.04591000,0.11025500,0.02789300,0.14322200,0.75505600,0.31003600,-0.10206300,-0.28867700,0.20738600,-0.07119500,-0.08147300,0.04950100,-0.24494000,0.35313400,-0.27239100,0.07690300,-0.02085600,-0.11167400
0.03455500,1.76042500,0.80012400,-0.03370200,0.00913800,-0.67388300,0.73801200,-0.27991000,-0.02826500,-0.19015100,0.09186600,0.38316100,-0.26180000,0.12242500,0.10699000,-0.09991800,0.87937500,-0.16064600,0.02914800,0.16545200,0.09555700,0.11315700,0.83671300,0.28078400,-0.02753200,-0.30669300,0.13691000,-0.08982200,-0.08353600,0.00108100,-0.26385700,0.40843700,-0.29777800,0.09058400,-0.06229800,-0.08125700
0.03273400,1.81378100,0.80503300,-0.02773900,0.01115200,-0.66001000,0.75066200,-0.31023600,-0.03593700,-0.20588000,0.13310100,0.32828600,-0.22937400,0.16050000,0.09837600,-0.14219000,0.70834900,-0.11606200,0.01092500,0.17524600,0.09972000,0.10535300,0.86183800,0.25609200,0.02178500,-0.31827200,0.17626500,-0.08462000,-0.08028100,-0.03887100,-0.28059700,0.45820000,-0.32000600,0.12476100,-0.09893100,-0.04624200
0.03058700,1.86959500,0.80244200,-0.01577600,0.00202200,-0.64230800,0.76628200,-0.41469300,-0.05057300,-0.11057100,0.47086800,0.11027900,-0.09261200,0.15203200,0.06512200,-0.18121100,0.62239600,-0.10200000,-0.00613200,0.15579200,0.08039600,0.12122600,0.83056000,0.24380700,0.02845100,-0.30054400,0.21358100,-0.07231700,-0.06198600,-0.04416800,-0.28238900,0.48839000,-0.31503800,0.12782200,-0.11656900,-0.03050300
0.02894500,1.92686200,0.79035900,-0.00525000,-0.00763300,-0.63183000,0.77505100,-0.49454100,-0.04297600,-0.04136100,0.84385000,-0.05998600,0.00992800,0.09625000,0.03056000,-0.18924600,0.61650900,-0.08161800,-0.05066100,0.12881500,0.05959300,0.14367500,0.77459700,0.23411100,-0.00081300,-0.26510100,0.17293600,-0.07295200,-0.04367200,-0.02507700,-0.27018200,0.50394300,-0.27272000,0.12848600,-0.10942500,-0.03703000
0.02749600,1.98304200,0.76987700,-0.00223800,-0.02526100,-0.62929000,0.77675600,-0.49054400,-0.06300100,-0.04614400,1.15114200,-0.16977900,0.00095900,0.04941600,-0.00119800,-0.14909200,0.66425700,-0.29127700,-0.04212200,0.09279300,0.03698100,0.18476200,0.71255900,0.22830700,-0.05135800,-0.24015500,0.13939000,-0.07954400,-0.02485200,0.01770300,-0.24743100,0.51368500,-0.20654500,0.13949700,-0.11078500,-0.05648900
0.02629300,2.03814100,0.74765400,-0.00413100,-0.03358400,-0.63559300,0.77128300,-0.44223000,-0.03257000,-0.03437200,1.39773100,-0.24996400,-0.00250400,-0.06295600,-0.00509300,-0.06595600,0.78417200,-0.47545000,0.00050700,0.05374300,0.02588600,0.21014400,0.62435300,0.22703200,-0.11378100,-0.22075300,0.09572100,-0.07737500,-0.02266800,0.08126900,-0.22105000,0.50764700,-0.14702400,0.11460200,-0.10737600,-0.06392200
0.02662500,2.08979500,0.73329100,-0.00909200,-0.02683200,-0.64724900,0.76175200,-0.35761100,0.01213000,-0.04662300,1.54513100,-0.30499100,-0.00579700,-0.18593200,0.00866600,-0.04211100,0.86360500,-0.55071400,-0.00859500,0.01288600,0.03301000,0.20588200,0.49758200,0.22167300,-0.18520100,-0.18787200,0.14857800,-0.05415600,-0.03461400,0.17976600,-0.20521500,0.47925500,-0.10799600,0.05167700,-0.10057200,-0.04088900
0.02791700,2.13930700,0.72871900,-0.00642300,-0.02444700,-0.65483500,0.75534900,-0.23766200,0.02461100,-0.04786700,1.57223400,-0.32209500,-0.01849900,-0.28572700,0.00049000,-0.02584800,0.88102700,-0.55020000,-0.01054600,-0.03943500,0.01887800,0.19191300,0.34232400,0.21988800,-0.26898100,-0.14910500,0.24903200,-0.04502000,-0.06481100,0.30959700,-0.21043600,0.42789800,-0.11800000,0.01550100,-0.09011600,-0.01328000
0.03060900,2.18944800,0.73588000,-0.00417400,-0.02352400,-0.66114700,0.74987600,-0.12026600,0.01055100,-0.05243500,1.50655200,-0.28284100,-0.00543200,-0.36308400,-0.00725000,-0.00475300,0.84475100,-0.44256400,-0.00118300,-0.09584300,0.00199700,0.18075200,0.15893800,0.22543000,-0.37943100,-0.11122700,0.21732000,-0.03370600,-0.07217100,0.42569900,-0.23593500,0.37009400,-0.14336400,0.05463700,-0.08514000,-0.00107400
0.03567600,2.24150000,0.75272600,-0.00011100,-0.02918300,-0.66804700,0.74354600,-0.01391700,-0.03824100,-0.05722900,1.36302700,-0.20898200,0.01764100,-0.38632800,-0.02451500,0.03578900,0.70578400,-0.26661100,0.02982000,-0.14827900,-0.01906500,0.18303000,-0.04072200,0.23114200,-0.50460200,-0.07419800,0.16493200,-0.02575100,-0.08361700,0.52316400,-0.26404400,0.29365000,-0.17625900,0.03503000,-0.06375000,-0.00017000
0.04096400,2.29615300,0.77255300,0.00291100,-0.03094200,-0.67725000,0.73509600,0.07536900,-0.05715700,-0.03960300,1.17027300,-0.15239200,-0.00647200,-0.38945900,-0.03187600,0.07878100,0.50481800,0.00943900,0.06696000,-0.18550100,-0.02974100,0.18632100,-0.22792800,0.23154900,-0.61954400,-0.05557600,0.17072800,-0.01475000,-0.12734500,0.59444800,-0.27786300,0.21615600,-0.21208500,-0.00264000,-0.03280700,-0.00210800
0.04587900,2.35236300,0.78719700,0.00890400,-0.03144000,-0.69021600,0.72286500,0.13189900,-0.08212100,-0.01757000,0.97750300,-0.10823200,0.00729000,-0.42091600,-0.03230000,0.12556100,0.33692200,0.33183900,0.08822800,-0.20029000,-0.04474500,0.18325700,-0.37382500,0.22418600,-0.69904800,-0.05454200,0.20445800,-0.01621700,-0.17757200,0.62681600,-0.28149900,0.16642900,-0.22936800,-0.02380600,-0.01744000,-0.01674100
0.04955800,2.41002400,0.79322000,0.01256400,-0.03299600,-0.70107700,0.71221100,0.16937600,-0.09885000,-0.00028100,0.80153900,-0.06279100,0.02195300,-0.43404800,-0.03492700,0.17540500,0.25099300,0.34189700,0.15358700,-0.20698800,-0.06356700,0.18711500,-0.46525600,0.21235100,-0.73375700,-0.06586200,0.20256500,-0.01978100,-0.20267100,0.61552100,-0.28210100,0.15044500,-0.22633400,-0.04005000,-0.00828100,-0.03360000
0.05244400,2.47026700,0.79156300,0.00938700,-0.03008400,-0.71061800,0.70287200,0.17172400,-0.08947900,0.01727900,0.68384300,-0.04799200,0.03323300,-0.49488000,-0.07542000,0.02790800,0.40268100,0.24648400,0.17312200,-0.20068100,-0.06827300,0.20128900,-0.48381300,0.19696200,-0.71694300,-0.07693900,0.17131000,-0.01420300,-0.21933300,0.55606400,-0.27948900,0.16171800,-0.19501900,-0.03198000,-0.00248200,-0.04274500
0.05498600,2.53232000,0.78161400,0.00482300,-0.01934700,-0.71738900,0.69638700,0.11821700,-0.07073900,0.01115700,0.64671200,-0.08594300,0.08193300,-0.61174000,-0.10791500,-0.05439400,0.74399500,0.10582800,0.08813700,-0.18554900,-0.05556000,0.21268200,-0.43676000,0.18015300,-0.67347100,-0.07202600,0.17861800,-0.01444800,-0.19433900,0.46307000,-0.27216800,0.18945300,-0.13979800,0.00890300,-0.00720600,-0.04967800
0.05697100,2.59392700,0.76323500,-0.00865800,-0.01924900,-0.72045400,0.69318200,0.07426500,-0.06895500,-0.04472100,0.66613100,-0.30423600,0.02818200,-0.68459400,-0.12125400,-0.06143700,1.11705500,-0.00529000,0.03938700,-0.15662000,-0.04420300,0.24994100,-0.34785600,0.16678600,-0.61970300,-0.05045300,0.23077900,-0.03280500,-0.14421300,0.36626000,-0.26179900,0.22394200,-0.09323700,0.05707500,-0.01965000,-0.06369900
0.05808600,2.65367800,0.74417400,-0.01653200,-0.02544900,-0.71635400,0.69707700,-0.02692100,-0.07877800,-0.08121800,0.76570300,-0.47073100,-0.01094000,-0.70444700,-0.14818300,-0.05465600,1.43664100,-0.09107500,0.01043400,-0.12655600,-0.04102700,0.28238300,-0.21950500,0.16046800,-0.55642400,-0.02757300,0.28141100,-0.03619900,-0.08123500,0.26608000,-0.24366100,0.25843500,-0.07293700,0.07537400,-0.02456400,-0.07661300
0.05737200,2.70793900,0.73591100,-0.01887200,-0.02915500,-0.70966100,0.70368700,-0.12813200,-0.08126900,-0.08404300,0.82037900,-0.52318500,-0.01471700,-0.65035100,-0.16071900,-0.05141200,1.63701600,-0.15752100,0.00192400,-0.08538800,-0.03251600,0.29791900,-0.02352200,0.16533100,-0.47778500,-0.03675400,0.34895800,-0.01504100,-0.07223700,0.17398700,-0.21488400,0.29119700,-0.08627700,0.09772000,-0.03830300,-0.07899300
0.05541600,2.75832200,0.73849100,-0.01887800,-0.02573000,-0.70771200,0.70578000,-0.20772500,-0.06836600,-0.08136500,0.79893100,-0.49320200,-0.02402400,-0.54905500,-0.11987700,-0.04316400,1.71423500,-0.19606600,0.02209900,-0.03551600,-0.01436500,0.28763100,0.22257200,0.18788500,-0.37392300,-0.10540500,0.36925300,-0.00841600,-0.09743500,0.06031800,-0.18728800,0.34778400,-0.09886000,0.15150700,-0.05636100,-0.06873100
0.05185200,2.80615300,0.75285100,-0.01468000,-0.02653100,-0.70277600,0.71076400,-0.24855700,-0.07167300,-0.09350100,0.69204900,-0.35174000,-0.04070600,-0.40367000,-0.07104200,-0.02866800,1.66736700,-0.20610900,0.06301000,0.01845900,-0.00461800,0.26941700,0.44888200,0.22256300,-0.27837000,-0.17380100,0.31654400,-0.02428300,-0.09250300,-0.05695400,-0.16755200,0.41299800,-0.10160000,0.15027000,-0.06607100,-0.05626400
0.04651900,2.85357200,0.77403800,-0.00891900,-0.01989900,-0.68976200,0.72370800,-0.26103800,-0.07353200,-0.14576200,0.49165300,-0.11962200,-0.07554300,-0.26120800,-0.01322600,-0.02893900,1.51773600,-0.17992600,0.08610800,0.07189800,0.01304800,0.23360400,0.62750400,0.25649900,-0.19086500,-0.23319600,0.33362200,-0.03761400,-0.09850800,-0.14491300,-0.15993300,0.47095300,-0.10772400,0.12257700,-0.07172100,-0.06001500
0.04004900,2.90251400,0.79540400,-0.00522200,-0.00705100,-0.67018000,0.74214700,-0.28096700,-0.06617900,-0.20206900,0.28023600,0.20311200,-0.10258200,-0.13677000,0.04505300,-0.04199500,1.29936200,-0.13930900,0.10567300,0.11260900,0.03641300,0.19337300,0.74923600,0.28918800,-0.12328800,-0.27600400,0.31006900,-0.05806200,-0.08461400,-0.19636300,-0.16859000,0.51738200,-0.13055200,0.12602100,-0.08553500,-0.05266900
0.03378400,2.95231100,0.80853600,-0.01129700,0.00760900,-0.64997900,0.75983000,-0.28672200,-0.03796800,-0.27476000,0.10727700,0.36368300,-0.17324600,-0.02197600,0.09660500,-0.07331000,1.06079800,-0.10970700,0.08574400,0.14302200,0.07369300,0.16232600,0.83022900,0.32068100,-0.07905400,-0.30638000,0.19089900,-0.08196400,-0.08506300,-0.20386400,-0.18905000,0.54660700,-0.16508800,0.13567700,-0.10348600,-0.02392700
0.02891000,3.00478800,0.81342400,-0.00867400,0.01036200,-0.63374600,0.77342300,-0.33205300,-0.02457600,-0.22589000,0.16720300,0.27215100,-0.14964600,0.06178400,0.09266800,-0.11160100,0.86284600,-0.07335800,0.06530400,0.15685800,0.07808900,0.14731200,0.86515300,0.33451300,-0.05210700,-0.31644700,0.16272700,-0.08954400,-0.07885300,-0.18955400,-0.21406500,0.56397900,-0.18729900,0.14876800,-0.12015800,-0.00836500
0.02433200,3.05972000,0.81095200,0.00024000,0.00457400,-0.62032500,0.78433100,-0.40712600,-0.01222300,-0.12057800,0.41115400,0.08741800,-0.05622100,0.10077700,0.06685100,-0.13774400,0.72483300,-0.05742700,0.03817700,0.15450500,0.06377200,0.14800200,0.83358200,0.32801700,-0.05048600,-0.28566100,0.21346400,-0.07857300,-0.04750300,-0.14256800,-0.22840500,0.56020400,-0.17722500,0.15045500,-0.13040600,-0.01900100
0.02029400,3.11714700,0.80026900,0.01042300,-0.00318600,-0.61463200,0.78873800,-0.48251300,0.00394100,-0.05237100,0.73930500,-0.06182200,0.02274400,0.09025200,0.04620000,-0.12066900,0.65069700,-0.01386700,0.03878000,0.14343000,0.04594600,0.16046200,0.76429300,0.30369000,-0.06982700,-0.24269400,0.25370500,-0.06721200,-0.00068300,-0.08111100,-0.22753700,0.54216700,-0.13421300,0.15158400,-0.12235600,-0.03788800
0.01651400,3.17535300,0.77910400,0.01890200,-0.01127000,-0.61664400,0.78693400,-0.52290000,-0.01979100,-0.07126100,1.05130900,-0.15544700,-0.00366900,0.04270200,0.02353800,-0.08834800,0.65617000,-0.15550000,-0.07165000,0.12353600,0.02977000,0.17842700,0.68697300,0.27234400,-0.09461500,-0.22202000,0.25419600,-0.06718700,0.01054100,-0.01262300,-0.21699800,0.51696200,-0.07903900,0.14912500,-0.11895000,-0.04713800
0.01242600,3.23349200,0.75412300,0.01443800,-0.02226900,-0.62406500,0.78092100,-0.49111800,-0.03935600,-0.10028100,1.31141300,-0.20638500,-0.08053500,-0.02936600,0.02657600,-0.01223700,0.74107400,-0.42642900,-0.04069100,0.09081200,0.02685800,0.21959500,0.58771100,0.24823100,-0.13278300,-0.21565300,0.20308200,-0.06457000,0.01368100,0.05568100,-0.20691900,0.49382200,-0.03637200,0.15520000,-0.12056700,-0.06253800
0.00978700,3.28859100,0.73554200,0.00737900,-0.01461200,-0.64116400,0.76722900,-0.42913800,-0.00402900,-0.10485500,1.49685300,-0.26862900,-0.12618700,-0.15563100,0.05566500,0.03186000,0.82942100,-0.55767800,-0.03674900,0.05611000,0.04125600,0.22647700,0.46081900,0.22557800,-0.19635600,-0.19767200,0.17816400,-0.04200800,0.03880600,0.12255500,-0.20853300,0.47019200,0.01987800,0.12923000,-0.11082600,-0.06402600
0.00896000,3.33897500,0.72770500,0.00774400,-0.01312900,-0.65366200,0.75663300,-0.31554700,0.03135600,-0.06868700,1.56850600,-0.30363700,-0.11862400,-0.26394900,0.05597000,0.05077200,0.87661400,-0.58973400,-0.03383000,0.00240000,0.03138500,0.22182300,0.30102200,0.21471600,-0.28581500,-0.15886900,0.21595100,-0.03309000,0.03539200,0.22251900,-0.22582300,0.42941300,0.04857700,0.01037600,-0.09801100,-0.07320000
0.00805400,3.38793300,0.73230100,0.00994100,-0.00803000,-0.65933300,0.75174200,-0.20409900,0.04168500,-0.05287500,1.54555700,-0.27564600,-0.06767300,-0.35612800,0.05612600,0.06310700,0.86269300,-0.51096300,-0.02418800,-0.06010300,0.02155400,0.19999900,0.09351600,0.22652700,-0.40958900,-0.11628300,0.22717700,-0.02953400,0.01569900,0.34218600,-0.25322900,0.36906600,0.02617200,0.00895700,-0.09614200,-0.07671700
0.00864400,3.43691400,0.74850300,0.01083900,-0.00927300,-0.66105700,0.75020000,-0.09101500,0.02190200,-0.04707600,1.43286400,-0.18995400,-0.01400200,-0.38589100,0.04236300,0.08356600,0.74536300,-0.35516000,0.00620200,-0.12445500,0.00399500,0.19357200,-0.12574500,0.24310700,-0.54635100,-0.07531400,0.21598700,-0.04197600,-0.01137400,0.45467600,-0.27551900,0.29599200,-0.01331300,0.02755800,-0.09266800,-0.07592400
0.01027000,3.48794600,0.77087500,0.01503200,-0.01184700,-0.66684000,0.74495500,0.00788100,-0.00039100,-0.02189100,1.26050400,-0.12688500,0.02172600,-0.38557500,0.02286900,0.12023000,0.55281500,-0.11144000,0.05353300,-0.17674600,-0.01958300,0.19149500,-0.30601500,0.24294100,-0.64766700,-0.05931300,0.24758600,-0.04617800,-0.04907300,0.53220900,-0.28719800,0.22856600,-0.04921400,0.00406700,-0.07997200,-0.07698100
0.01235000,3.54058100,0.79050600,0.02282000,-0.01515200,-0.67928900,0.73335900,0.08887200,-0.05189600,-0.00597400,1.05486600,-0.09842900,0.02953100,-0.39887800,0.00601400,0.16572500,0.36507900,0.21132700,0.10771700,-0.20300800,-0.04504600,0.18672800,-0.43525100,0.22731500,-0.71002900,-0.07304200,0.25359500,-0.04624000,-0.06751200,0.57670700,-0.29080300,0.17501500,-0.07978400,-0.01038500,-0.07122700,-0.06262200
0.01387600,3.59513000,0.80249600,0.02892000,-0.01611200,-0.69337400,0.71981700,0.14459600,-0.10953200,-0.01477600,0.84703000,-0.06159900,0.02343100,-0.40998900,-0.00535700,0.22031900,0.23052600,0.33573700,0.18148100,-0.20831200,-0.06289600,0.18510400,-0.51128800,0.20561800,-0.73146900,-0.10617000,0.17825500,-0.05477500,-0.08355100,0.58355000,-0.28696700,0.14744300,-0.09379300,-0.01822300,-0.06402300,-0.06431200
0.01378100,3.65102000,0.80624600,0.02655900,-0.00932500,-0.70501900,0.70863000,0.16693500,-0.13510600,-0.04626100,0.67467200,-0.04384700,0.00588400,-0.47301800,-0.02481500,0.11409700,0.35422900,0.22569700,0.15248100,-0.19836200,-0.06044400,0.18626700,-0.52039200,0.18193200,-0.71716500,-0.13653300,0.16816500,-0.06134400,-0.09109400,0.54717000,-0.28008800,0.15712300,-0.08630500,-0.02496300,-0.05540900,-0.08116400
0.01310900,3.70878000,0.80239100,0.02255400,0.00173400,-0.71367300,0.70011300,0.13765700,-0.13202200,-0.06028800,0.57137400,-0.01948700,-0.00073700,-0.57216900,-0.05214800,0.01389000,0.66021100,0.04591600,0.04416600,-0.17983300,-0.04697000,0.18532000,-0.46802000,0.15996100,-0.67461600,-0.14134900,0.17469600,-0.05736000,-0.09259100,0.46452100,-0.27127800,0.18746400,-0.05240100,-0.02922100,-0.05745800,-0.08566400
0.01188200,3.76710300,0.78952000,0.01498200,0.00915800,-0.71667700,0.69718500,0.07983800,-0.10179200,-0.02643300,0.55986800,-0.03562500,0.05318200,-0.64520100,-0.07975200,-0.03092000,1.00485500,-0.04702800,-0.01361800,-0.15632700,-0.03047500,0.19504400,-0.37858000,0.14472100,-0.62263100,-0.11389000,0.20097300,-0.05473800,-0.07591400,0.36838600,-0.25807200,0.22431700,-0.02107000,-0.01780800,-0.05899100,-0.09873900
0.01017900,3.82491000,0.76837300,-0.00161000,0.00736200,-0.71586400,0.69820000,0.02806200,-0.08716300,-0.05569500,0.62949000,-0.28179100,0.07086700,-0.65161000,-0.08411400,-0.03291100,1.31699000,-0.12174700,-0.03715400,-0.12213500,-0.01524300,0.23017800,-0.26839800,0.13802100,-0.56427100,-0.06718600,0.22309100,-0.06129700,-0.05103300,0.27193900,-0.24395100,0.25802700,-0.00941500,0.02748000,-0.06541200,-0.11275500
0.00855600,3.88163000,0.74775600,-0.00677500,0.00078600,-0.70806700,0.70611200,-0.07806600,-0.10701200,-0.10673000,0.74148900,-0.45390300,0.03269100,-0.61709200,-0.10788800,-0.02405200,1.56348300,-0.17943400,-0.02886400,-0.09129900,-0.01494000,0.25548000,-0.13398300,0.14439200,-0.49971000,-0.02956100,0.22051900,-0.05587300,-0.00795000,0.16494400,-0.22747700,0.28614500,-0.01157700,0.06514400,-0.06419400,-0.12077700
0.00585600,3.93233400,0.73690600,-0.00672200,-0.00533000,-0.69718400,0.71684100,-0.17199900,-0.12350600,-0.11986200,0.79457900,-0.52187800,0.02961800,-0.51807600,-0.13036200,-0.02650500,1.69652800,-0.23343000,-0.01679000,-0.05605400,-0.01535400,0.26443200,0.05872800,0.16314100,-0.42121400,-0.01886700,0.25111400,-0.03372300,0.01059200,0.06524100,-0.20740100,0.31763900,-0.02019400,0.07040000,-0.08033800,-0.12524400
0.00219500,3.97956300,0.73733800,-0.00469400,-0.00640600,-0.68994900,0.72381500,-0.24671400,-0.12534100,-0.11808700,0.78101900,-0.49874100,0.02582900,-0.38535100,-0.12674100,-0.03981100,1.70838200,-0.25668300,-0.00606700,-0.00926200,-0.00669400,0.25444700,0.28406700,0.19519400,-0.32756500,-0.07212900,0.25350600,-0.02824200,0.00957800,-0.03485200,-0.18728400,0.36304800,-0.03554200,0.11479000,-0.09576900,-0.11392200
-0.00163900,4.02521500,0.74961800,0.00308800,-0.00798900,-0.68181400,0.73147600,-0.29874800,-0.14145000,-0.13651300,0.69317600,-0.35721600,0.00508200,-0.24330800,-0.11346400,-0.05068400,1.60507000,-0.23972300,0.01794500,0.04561700,-0.00347900,0.23247600,0.47591300,0.23650800,-0.24906800,-0.12601000,0.19585600,-0.04188000,0.00007500,-0.12408800,-0.17350600,0.41714600,-0.04957700,0.12085000,-0.10112800,-0.11579700
-0.00671000,4.07132700,0.77011400,0.00742800,0.00067700,-0.66977100,0.74253100,-0.31138600,-0.13452600,-0.18876400,0.49976600,-0.13577000,-0.04076500,-0.11866700,-0.05672100,-0.06549100,1.40474400,-0.19028900,0.03810300,0.10098300,0.01714900,0.20431300,0.62366700,0.27030600,-0.17394400,-0.17268600,0.20029200,-0.05280600,-0.01159100,-0.18602200,-0.17104600,0.46802200,-0.07157900,0.12030100,-0.10892900,-0.11605900
-0.01247400,4.11869000,0.79078400,0.00632400,0.01429500,-0.65493300,0.75552500,-0.30406000,-0.10596000,-0.23926000,0.26152800,0.16028600,-0.08513000,-0.00731600,0.02946300,-0.06230900,1.14141100,-0.12142000,0.08266300,0.14040600,0.04867100,0.18000400,0.72919400,0.29216200,-0.12097000,-0.21152200,0.17704300,-0.06083800,-0.00686500,-0.22055500,-0.18019800,0.51102200,-0.09953500,0.11596400,-0.12195800,-0.08880900
-0.01903300,4.16675500,0.80232500,-0.00033900,0.03273400,-0.63942400,0.76815700,-0.30900700,-0.05407900,-0.27042000,0.10152200,0.24901300,-0.13653100,0.08254900,0.12218300,-0.04615700,0.87243700,-0.07264500,0.07934900,0.16313200,0.08617100,0.15471600,0.80345700,0.30337900,-0.08376800,-0.24815100,0.12797100,-0.07390900,-0.02574200,-0.22720400,-0.19504700,0.53472300,-0.12831300,0.10751000,-0.13609100,-0.04893600
-0.02436300,4.21809800,0.80612300,0.00739600,0.03935100,-0.62649700,0.77839500,-0.33969300,-0.02795900,-0.18271900,0.10770400,0.15549200,-0.10118800,0.13632800,0.12302200,-0.07353300,0.66038200,-0.00941300,0.07581500,0.16356600,0.08454200,0.14201000,0.81945400,0.29778300,-0.07296100,-0.25792400,0.12106100,-0.07439600,-0.04892600,-0.21906400,-0.20810000,0.54562100,-0.14366400,0.11142000,-0.14338100,-0.04609100
-0.02914000,4.27166700,0.80314700,0.02358600,0.03589500,-0.61334000,0.78865000,-0.39683900,-0.02974000,-0.09064300,0.28684700,0.03907800,-0.06137400,0.14714100,0.07988100,-0.12451400,0.53269400,-0.00162400,0.05111000,0.14393600,0.06427000,0.14317400,0.75008700,0.28865400,-0.10488700,-0.21634100,0.16983800,-0.06961300,-0.04723000,-0.18296000,-0.20879100,0.53091100,-0.12224500,0.12469600,-0.15406400,-0.06347600
-0.03303400,4.32691700,0.79177600,0.03902100,0.02729900,-0.60657800,0.79359700,-0.47107700,-0.04872000,-0.06836100,0.59598900,-0.09791000,-0.01518200,0.11342000,0.03171600,-0.14336400,0.50266900,-0.00053400,-0.00450400,0.12164200,0.03860400,0.15431100,0.64219400,0.27618300,-0.16501300,-0.15716300,0.21442700,-0.07075500,-0.00561600,-0.13445200,-0.20011700,0.50178500,-0.07274000,0.13468100,-0.14408600,-0.09715100
-0.03653000,4.38253100,0.77168400,0.04547500,0.01545000,-0.60664500,0.79352100,-0.50365200,-0.07325700,-0.08720000,0.90737500,-0.19525800,-0.03357100,0.08319600,-0.00199200,-0.12342600,0.50899300,-0.23189500,-0.03867700,0.09309500,0.02126900,0.18060000,0.53091200,0.25835200,-0.22652800,-0.12373400,0.21186200,-0.06660100,0.03333100,-0.08414600,-0.19049100,0.47458700,-0.01727700,0.16038300,-0.13860900,-0.12334700
-0.04014300,4.43766900,0.75018800,0.03378800,0.00940800,-0.61717400,0.78604500,-0.47951700,-0.04328400,-0.10072200,1.17968300,-0.26728500,-0.06934500,-0.00186700,0.00703900,-0.05813300,0.61033200,-0.46294200,-0.01721700,0.06655300,0.03338800,0.22220000,0.40549000,0.23733300,-0.27449100,-0.11289100,0.18832900,-0.05226400,0.04425900,-0.03892000,-0.18799600,0.45552700,0.03340000,0.15311600,-0.14024800,-0.14309300
-0.04190600,4.48892800,0.73515400,0.02230800,0.01847600,-0.63876700,0.76885500,-0.42238500,0.04061700,-0.08472800,1.36595000,-0.32489500,-0.07719400,-0.13327100,0.03860000,-0.01440300,0.72128000,-0.57203900,-0.01468400,0.04022200,0.05373400,0.23688500,0.27813700,0.20492600,-0.30185400,-0.09830200,0.24634400,-0.04105600,0.02756600,0.00582600,-0.19621200,0.44843800,0.10516500,0.12035700,-0.13089400,-0.15748800
-0.04211200,4.53526000,0.72923100,0.02347900,0.01731200,-0.65451900,0.75548300,-0.31487300,0.08360200,-0.04818100,1.43336300,-0.34212200,-0.06756300,-0.23731600,0.03488900,0.01757800,0.77947800,-0.61264700,-0.01980200,-0.00414000,0.03882100,0.23901000,0.13124500,0.18520700,-0.34649400,-0.07422400,0.33190500,-0.03022200,0.00666700,0.09031400,-0.21575900,0.42961000,0.13416600,0.02233800,-0.10119800,-0.16794700
-0.04185700,4.57851300,0.73406000,0.02380000,0.02129100,-0.66030200,0.75032100,-0.20821100,0.09493500,-0.05134300,1.41730800,-0.30453000,-0.05457000,-0.32688700,0.03611900,0.03018300,0.79242800,-0.54049200,-0.00528800,-0.06347500,0.02585000,0.22291400,-0.04366800,0.19833900,-0.43727700,-0.04818700,0.30843000,-0.03314300,-0.00258200,0.19690200,-0.24462900,0.39953000,0.10997900,0.06058000,-0.10692800,-0.15762600
-0.03878700,4.61986900,0.74799500,0.02754400,0.01553500,-0.66255600,0.74834400,-0.09550000,0.05436400,-0.06760000,1.32402100,-0.22345900,-0.01573700,-0.36041600,0.01091200,0.05301600,0.71868200,-0.42329500,0.02933800,-0.12002700,0.00148100,0.21881000,-0.19856900,0.21891700,-0.53717500,-0.04137700,0.27909100,-0.04241800,-0.03931600,0.31156100,-0.27213000,0.34639700,0.07186900,0.06413700,-0.09986400,-0.14576500
-0.03425500,4.66237800,0.76655600,0.03849100,0.01094800,-0.67077700,0.74057900,-0.00529600,-0.00570500,-0.07461200,1.17594300,-0.11950500,0.01456800,-0.38339000,-0.01576500,0.10236000,0.58568100,-0.24886800,0.07352400,-0.15943400,-0.02649200,0.20991900,-0.29759200,0.22820600,-0.60537600,-0.07053400,0.28486700,-0.03876100,-0.06825900,0.40653200,-0.28977700,0.28557200,0.03473300,0.02257400,-0.09610000,-0.13715600
-0.02880100,4.70570700,0.78359000,0.04762300,0.00841500,-0.68560400,0.72636700,0.08871300,-0.06838100,-0.08726900,0.97701100,-0.06597800,-0.02092600,-0.40846300,-0.02696300,0.16412500,0.44616500,-0.02091900,0.12233700,-0.17891800,-0.04383300,0.20620700,-0.33995900,0.22791900,-0.63685100,-0.12595600,0.23479400,-0.04586600,-0.08572100,0.46945200,-0.29481100,0.22758500,0.00419900,0.02495700,-0.09377200,-0.12050400
-0.02331500,4.75047400,0.79367500,0.05683200,0.00651300,-0.70162600,0.71024500,0.16208200,-0.11733200,-0.08835700,0.77605700,-0.02802600,-0.02471000,-0.42758200,-0.03267400,0.24407400,0.30166000,0.17955800,0.21119700,-0.18393100,-0.06031000,0.20526800,-0.34164300,0.22066500,-0.64008500,-0.18560300,0.18561000,-0.05554300,-0.10551600,0.49761000,-0.28644100,0.18580400,-0.00618400,0.03583400,-0.09469500,-0.11852200
-0.01926400,4.79720400,0.79580300,0.06048900,0.01040700,-0.71421800,0.69722700,0.20678000,-0.12014500,-0.05592000,0.60603100,0.02004700,-0.02101400,-0.47521500,-0.04111200,0.21811300,0.30987700,0.16226400,0.22891000,-0.18099900,-0.06353500,0.20877400,-0.31956600,0.20979300,-0.62398700,-0.22597400,0.18174600,-0.05952100,-0.12689500,0.48929200,-0.26519600,0.16349500,0.00159500,0.03539400,-0.08792300,-0.12245900
-0.01606700,4.84583400,0.79047400,0.06232800,0.02385100,-0.72357500,0.68701300,0.19835800,-0.09823600,-0.00921800,0.49950800,0.06566800,-0.02100700,-0.59197800,-0.05020700,0.11761000,0.53906700,0.04478500,0.14108600,-0.16755900,-0.04923200,0.20560100,-0.28079000,0.19463500,-0.59817400,-0.22692000,0.18873500,-0.06196000,-0.12107600,0.44790900,-0.23883700,0.16049900,0.02420500,0.06388500,-0.08771300,-0.12340400
-0.01365700,4.89553600,0.77639000,0.06395200,0.03858400,-0.72684300,0.68273100,0.14781200,-0.07471500,0.02282900,0.46707200,0.05429700,0.03033900,-0.71586200,-0.06514800,0.05129800,0.85360800,-0.07190900,0.03115700,-0.15716400,-0.03156000,0.20076000,-0.23123700,0.17602400,-0.55814700,-0.18596700,0.20213700,-0.06320800,-0.11325500,0.38664900,-0.21273000,0.17227100,0.05524800,0.11688700,-0.09972800,-0.12177900
-0.01207600,4.94506100,0.75430800,0.05362600,0.03969200,-0.72524500,0.68525000,0.13762800,-0.05838500,0.01294100,0.47462000,-0.21273300,0.03477100,-0.77004900,-0.07045800,0.03186700,1.15775700,-0.16606300,-0.01506700,-0.14797800,-0.02032200,0.23170600,-0.18164900,0.15954300,-0.51814300,-0.12367800,0.22272700,-0.06097200,-0.08531700,0.32220000,-0.18887000,0.18819500,0.07538600,0.16653500,-0.10456000,-0.13278600
-0.01050800,4.99179200,0.73328800,0.04886400,0.02248800,-0.71796800,0.69399500,0.10309600,-0.08767600,-0.03520500,0.52569900,-0.44669400,-0.00423700,-0.76391000,-0.09279200,0.05437800,1.41098900,-0.23127300,-0.01718200,-0.13733500,-0.03771200,0.27680200,-0.14290700,0.15401900,-0.49665000,-0.06431700,0.21410200,-0.03883800,-0.04416400,0.24713000,-0.16580100,0.20021200,0.10692200,0.19453000,-0.10436100,-0.16702500
-0.01042900,5.03109700,0.72118900,0.06105100,0.01147900,-0.70659500,0.70488600,0.02780400,-0.12703900,-0.05031300,0.56378100,-0.57068300,-0.00811400,-0.73355100,-0.13429100,0.06727300,1.56474500,-0.29615700,-0.01148500,-0.12442500,-0.06019200,0.27906700,-0.08216700,0.16410700,-0.48672700,-0.01441200,0.23801600,-0.00296000,-0.04008100,0.16588600,-0.13982800,0.21103600,0.17401600,0.16443100,-0.09595300,-0.20357400
-0.01101900,5.06338000,0.71804800,0.06567500,0.00776600,-0.70458600,0.70653000,-0.02149900,-0.13627700,-0.03375800,0.56081000,-0.62722000,-0.00108000,-0.65621000,-0.14682600,0.05894000,1.60637700,-0.33910500,-0.01002300,-0.09357100,-0.05526300,0.27399600,0.01004800,0.19061400,-0.46397700,-0.02986400,0.29209300,0.04348900,-0.09975900,0.08963100,-0.12463600,0.22833500,0.22688700,0.12974300,-0.09102900,-0.19197600
-0.01156600,5.08990300,0.72452100,0.06947200,0.00564300,-0.70797600,0.70278900,-0.07026700,-0.14188700,-0.01440900,0.56474600,-0.59401100,0.00291100,-0.55820200,-0.17880600,0.03384200,1.55237200,-0.37516100,-0.03093300,-0.05406500,-0.04322800,0.26585700,0.10174700,0.22331800,-0.43242500,-0.06158000,0.28490800,0.06068500,-0.17824100,0.01419800,-0.12860100,0.26359400,0.26832100,0.15843300,-0.11227700,-0.16526600
-0.01407400,5.11195300,0.73800000,0.06631800,0.01425500,-0.71177000,0.69913000,-0.10251100,-0.11525300,-0.01681800,0.53016500,-0.52344900,-0.01325100,-0.44915900,-0.21630000,-0.03991100,1.41343200,-0.42179700,-0.09736500,-0.01370900,-0.00807400,0.24910100,0.18506000,0.24737700,-0.39431800,-0.06702600,0.29817600,0.06183400,-0.22261300,-0.05507900,-0.14104300,0.30746600,0.32359300,0.17312900,-0.12601300,-0.14658700
-0.01818700,5.13197500,0.75444800,0.06131400,0.02786000,-0.71609400,0.69474700,-0.10942000,-0.07294000,-0.01964300,0.44032600,-0.43487900,-0.02729000,-0.34081100,-0.22010300,-0.11736500,1.21024600,-0.44489000,-0.15438900,0.02294800,0.02990100,0.23001000,0.24696500,0.25446600,-0.34986900,-0.04086300,0.32221800,0.06646500,-0.22634900,-0.12109300,-0.15163500,0.34302300,0.38776700,0.16717500,-0.10978900,-0.12011800
-0.02324300,5.15146800,0.76877500,0.06173900,0.04130200,-0.71895900,0.69107200,-0.10999900,-0.03951200,-0.01765200,0.32581100,-0.34448900,-0.01918300,-0.24572300,-0.18181800,-0.15002800,0.95717100,-0.38882800,-0.11913700,0.04976700,0.05482700,0.20499900,0.27850900,0.24993300,-0.30861200,0.01259100,0.31626000,0.07039100,-0.19236900,-0.18186500,-0.15613800,0.36106200,0.45512800,0.16090200,-0.08572900,-0.07403500
-0.02921800,5.17121200,0.77631400,0.07263900,0.04853000,-0.71775100,0.69079800,-0.12642700,-0.03600800,-0.01843400,0.23325200,-0.27903500,0.00533700,-0.14082400,-0.15447700,-0.16378600,0.64967300,-0.27358300,0.05504900,0.06216600,0.05183300,0.17462100,0.28359100,0.24885400,-0.27951200,0.07915600,0.28090000,0.06329900,-0.14811600,-0.23514000,-0.15591100,0.37215400,0.52015100,0.15938400,-0.07611800,-0.05031400
-0.03555800,5.19267400,0.77700400,0.08768500,0.05004600,-0.71400800,0.69282000,-0.16028200,-0.04788500,-0.02145200,0.17929800,-0.23827900,0.00742900,-0.07055400,-0.14437700,-0.15796700,0.39113600,-0.29892800,0.14490700,0.06527100,0.03166300,0.15426600,0.25945500,0.26192300,-0.26747900,0.14079500,0.25332900,0.06480600,-0.12582900,-0.28451200,-0.15492500,0.37848700,0.57149500,0.16467400,-0.07522600,-0.05538200
-0.04156700,5.21608500,0.77510400,0.09614600,0.04668700,-0.70992000,0.69612500,-0.21835000,-0.05789400,-0.02298700,0.20467300,-0.22510400,-0.00787200,-0.03988400,-0.14353700,-0.16057400,0.24546200,-0.32559900,0.14003000,0.06746800,0.01509100,0.16230100,0.19612700,0.28897200,-0.28484600,0.21847600,0.22907500,0.06427800,-0.10929500,-0.32933700,-0.15522300,0.37211000,0.61525100,0.18644400,-0.07609200,-0.07151200
-0.04679900,5.23964100,0.77346400,0.09489000,0.04166700,-0.70952700,0.69701600,-0.27914100,-0.05336000,-0.01455500,0.27741900,-0.23011800,-0.01519800,-0.01071200,-0.13188900,-0.17383200,0.13437500,-0.32929200,0.12367100,0.07638600,0.01200500,0.19248500,0.10450800,0.31207100,-0.32964500,0.33935600,0.19665600,0.07157800,-0.07804100,-0.36764600,-0.15560800,0.35751000,0.67556400,0.20904400,-0.06770700,-0.09166200
-0.05122100,5.25991000,0.77446500,0.07538900,0.03522100,-0.71487200,0.69428700,-0.30366100,-0.01880900,-0.00260800,0.35802500,-0.24294600,-0.00926100,0.00420000,-0.09716900,-0.15720700,0.12604700,-0.32886600,0.10072800,0.08928800,0.03283400,0.24598900,0.01896700,0.31614600,-0.37888400,0.48631100,0.21152000,0.07357300,-0.04629800,-0.39347100,-0.15718200,0.35657600,0.75744600,0.21027900,-0.04989900,-0.11044300
-0.05341300,5.27722000,0.77677500,0.06964700,0.03909100,-0.72206800,0.68719600,-0.35002500,0.02198600,0.05361300,0.42910500,-0.25981400,0.03745200,-0.02292000,-0.07427200,-0.13388300,0.12441200,-0.30888600,0.11916000,0.09738200,0.04591300,0.25337400,-0.03619900,0.28890600,-0.40563200,0.64348100,0.23837900,0.06643100,-0.01998600,-0.41479100,-0.16527300,0.38721700,0.87154600,0.21297600,-0.03216500,-0.10895200
-0.05538600,5.29060300,0.77935200,0.06948400,0.03536100,-0.72786200,0.68127800,-0.35022000,0.04692900,0.14618900,0.45220600,-0.26455400,0.05219700,-0.03952400,-0.07673200,-0.12484800,0.12305000,-0.29626300,0.14323000,0.09441200,0.03455600,0.25086500,-0.06878100,0.24265800,-0.40645500,0.80411500,0.21870000,0.04892100,0.01661900,-0.41946400,-0.17403000,0.43853700,0.98877300,0.21028300,-0.01263800,-0.09144400
-0.05740500,5.30215600,0.78131400,0.06523800,0.02745700,-0.73451600,0.67489000,-0.32567000,0.05190200,0.18889600,0.46900800,-0.26190000,0.05031900,-0.04045000,-0.07764400,-0.11359000,0.12291200,-0.28740100,0.14031300,0.08809000,0.02175900,0.25282600,-0.08339200,0.20383600,-0.39785900,0.90802700,0.15214200,0.04524900,0.02248000,-0.40606400,-0.17850900,0.48168600,1.08028500,0.17075600,0.01159500,-0.07434700
-0.05841300,5.31261600,0.78187500,0.05769100,0.02218400,-0.74306000,0.66636500,-0.29957700,0.05581100,0.19712900,0.49629700,-0.27056800,0.04463600,-0.04050100,-0.06910800,-0.09648200,0.12530100,-0.27904900,0.13744500,0.07710500,0.02012500,0.25044300,-0.09180400,0.18333500,-0.41495700,0.98066800,0.06707400,0.02622500,0.01860300,-0.38225300,-0.17797500,0.49657200,1.14593000,0.13816800,0.03598000,-0.06720000
-0.05863200,5.32068800,0.78133200,0.04684500,0.01697100,-0.75196700,0.65731600,-0.26114300,0.06350000,0.20086900,0.52613100,-0.28920200,0.03839900,-0.03284600,-0.05580000,-0.07580900,0.12976600,-0.27267900,0.13005800,0.06572600,0.02585600,0.24589700,-0.09374500,0.17420300,-0.45081700,1.03714400,0.02806400,-0.00062100,0.03406300,-0.34150100,-0.17698000,0.48456800,1.18936000,0.15062800,0.04631100,-0.07540300
-0.05886400,5.32675000,0.78037800,0.03583300,0.01163400,-0.75965900,0.64922900,-0.21187900,0.07255200,0.21484600,0.54669600,-0.30752500,0.04164700,-0.03014100,-0.04324000,-0.05734500,0.15488400,-0.28392200,0.11901600,0.05441200,0.03007200,0.23987700,-0.09154900,0.16790900,-0.47288900,1.08386300,-0.02227900,-0.01847200,0.07519900,-0.28977500,-0.17809300,0.45860100,1.21585900,0.17808700,0.05191400,-0.08058800
-0.05886900,5.33133400,0.77980000,0.02728300,0.00797600,-0.76440300,0.64411200,-0.15420400,0.08254200,0.24932200,0.54016700,-0.32427100,0.03522100,-0.02906000,-0.03430200,-0.04913800,0.17751400,-0.29649700,0.10804700,0.04153600,0.03441300,0.22841600,-0.08718000,0.15818500,-0.46968700,1.12084800,-0.01750200,-0.00459500,0.09072500,-0.23427000,-0.18202900,0.43689800,1.23717600,0.20165100,0.05624000,-0.08786700
-0.05863900,5.33475800,0.77937400,0.02152300,0.00630800,-0.76841600,0.63955800,-0.09300500,0.09204200,0.30374500,0.50377300,-0.33442900,0.01524900,-0.03097800,-0.02635100,-0.04067200,0.19295900,-0.29999300,0.09914500,0.03258000,0.03926600,0.21046000,-0.08797200,0.14704000,-0.48149400,1.15827200,0.01240900,0.02002800,0.09032200,-0.18403400,-0.18787400,0.43409400,1.26724500,0.21971300,0.06106900,-0.09383700
-0.05852700,5.33695600,0.77915900,0.01615300,0.00447200,-0.77059500,0.63710500,-0.02193300,0.09101300,0.36055000,0.41704200,-0.32792600,-0.02387500,-0.02587800,-0.01906300,-0.03353200,0.19840700,-0.29966200,0.08992800,0.02202400,0.04111600,0.19495000,-0.09055400,0.13931500,-0.51259900,1.19315900,-0.00075400,0.02770200,0.08966600,-0.13809000,-0.19184900,0.43793800,1.29562700,0.21008500,0.07781700,-0.09708200
-0.05841700,5.33873200,0.77937800,0.01217600,0.00203100,-0.76995100,0.63798400,0.03281500,0.07835100,0.38409000,0.31558100,-0.30166700,-0.04793700,-0.02012000,-0.01542700,-0.02963800,0.20285000,-0.29862400,0.07644200,0.00696600,0.03785900,0.18445800,-0.09167800,0.13573700,-0.54250000,1.21790000,-0.01719800,0.02385500,0.09527600,-0.09552500,-0.19197900,0.43711500,1.31548700,0.19739600,0.09358400,-0.10058900
-0.05844400,5.34060100,0.77956600,0.00826000,0.00002000,-0.76654300,0.64214000,0.06390800,0.06814200,0.37260500,0.25431100,-0.28723200,-0.05109900,-0.01062800,-0.01256000,-0.03452200,0.20032000,-0.29308700,0.06555000,-0.00897800,0.03360700,0.17884500,-0.10000300,0.13442300,-0.58420100,1.24199000,-0.02007300,0.03072200,0.10694000,-0.05466000,-0.18817700,0.41244200,1.32065700,0.17690200,0.11674600,-0.09187100
-0.05831600,5.34252300,0.77976300,0.00503400,-0.00023400,-0.76130300,0.64837700,0.08177900,0.06371000,0.35539800,0.21227500,-0.27580900,-0.05527800,-0.01063500,-0.00888900,-0.04469900,0.20986800,-0.28237100,0.04002000,-0.02349200,0.03157400,0.17385200,-0.11147800,0.13454400,-0.63162800,1.26609100,-0.02814900,0.02643500,0.11132800,-0.01428500,-0.18189300,0.38984400,1.31749900,0.16920400,0.12000800,-0.08917600
-0.05852400,5.34403000,0.77980300,0.00106600,-0.00189700,-0.75514300,0.65555700,0.10304900,0.05905700,0.33668900,0.17171300,-0.26292400,-0.06048700,0.00199700,-0.00815400,-0.06224000,0.20460800,-0.27743000,0.03231300,-0.03484000,0.02690800,0.17258700,-0.11896000,0.13492200,-0.66838600,1.28177300,-0.03033800,0.02545400,0.11636600,0.02319500,-0.17247900,0.37384000,1.30829200,0.17046900,0.11768200,-0.08656400
-0.05863800,5.34546300,0.78020900,-0.00165500,-0.00546900,-0.74979200,0.66164900,0.12164100,0.05102400,0.32286400,0.13949700,-0.24573000,-0.06064500,0.01167700,-0.01279000,-0.07711000,0.20582200,-0.27313300,0.03081600,-0.03988000,0.01741500,0.17357900,-0.12441700,0.13463200,-0.69567400,1.29026400,-0.03443700,0.02571700,0.12234100,0.05172400,-0.15979300,0.36815400,1.29934000,0.17365100,0.11314300,-0.08643900
-0.05883800,5.34657500,0.78070600,-0.00266800,-0.00781800,-0.74357000,0.66860700,0.12665900,0.04560900,0.30552200,0.12684400,-0.23461000,-0.05824500,0.01455400,-0.01817400,-0.09429100,0.21074900,-0.26073400,0.02841300,-0.04381600,0.00767100,0.17046700,-0.12395400,0.13417100,-0.70264400,1.28691500,-0.02644500,0.02770800,0.12049800,0.07204700,-0.14244400,0.36854600,1.29409300,0.19381100,0.10357000,-0.09700900
-0.05914000,5.34727500,0.78105500,-0.00519100,-0.00938800,-0.73807100,0.67463700,0.12912300,0.04623000,0.28976200,0.12550400,-0.23079300,-0.06033000,0.02227800,-0.01875300,-0.11044500,0.21026400,-0.25291400,0.01994500,-0.04584700,0.00305400,0.16974000,-0.11662300,0.13451700,-0.69660100,1.27088300,-0.00823500,0.03891200,0.12794300,0.08548100,-0.12137900,0.35270700,1.28362000,0.19219900,0.09909100,-0.11087900
-0.05945200,5.34755400,0.78126500,-0.00748300,-0.01105600,-0.73365300,0.67939300,0.13209700,0.04649700,0.27767900,0.12552600,-0.22824600,-0.05987200,0.03274400,-0.01911900,-0.12279600,0.20515100,-0.24904700,0.01463000,-0.04541400,-0.00098800,0.16900300,-0.10532700,0.13606200,-0.68067700,1.24924300,0.01290300,0.04945700,0.14305700,0.09029000,-0.09977900,0.33666200,1.26981300,0.20361400,0.10249200,-0.13570600
-0.05951600,5.34767800,0.78131300,-0.00974600,-0.01303300,-0.72981400,0.68345200,0.13219100,0.04683300,0.26698500,0.13455500,-0.23071200,-0.05727500,0.04209700,-0.02066600,-0.13339100,0.20350400,-0.24812000,0.01253900,-0.04260300,-0.00389200,0.16951500,-0.09389400,0.13863700,-0.65986100,1.22849000,0.00720100,0.04846600,0.15534000,0.08390600,-0.08317200,0.33138600,1.26655200,0.18989100,0.13269600,-0.20360500
-0.05955500,5.34757200,0.78124400,-0.01220400,-0.01536700,-0.72626700,0.68713200,0.13252300,0.04705200,0.25625700,0.14607100,-0.23507600,-0.05494400,0.05182800,-0.02245900,-0.14328700,0.20367800,-0.24901500,0.01209800,-0.03957700,-0.00689700,0.17117100,-0.07823700,0.14155100,-0.62153700,1.20403300,0.01205500,0.04789400,0.14965100,0.07146900,-0.07647400,0.33743500,1.28212200,0.15141100,0.15277400,-0.22608600
-0.05966800,5.34732600,0.78117900,-0.01373900,-0.01705700,-0.72356400,0.68991000,0.13184000,0.04714900,0.24856300,0.15607400,-0.23903700,-0.05301700,0.05768100,-0.02409600,-0.15070200,0.20602100,-0.25039500,0.01094700,-0.03583800,-0.01052800,0.16950200,-0.06377300,0.14376400,-0.58615700,1.18584300,0.01462400,0.04711000,0.14538700,0.05586900,-0.08189100,0.38616900,1.30354500,0.09763100,0.16434600,-0.19174800
-0.05989400,5.34694700,0.78109000,-0.01593900,-0.01892600,-0.72206100,0.69138700,0.13631900,0.04798800,0.24432700,0.16007300,-0.24110500,-0.05335500,0.06513400,-0.02405600,-0.15503700,0.20705900,-0.25154500,0.00987400,-0.03046200,-0.01188900,0.16792300,-0.05272000,0.14462600,-0.56139500,1.17678800,0.00129000,0.04250400,0.14227800,0.04498500,-0.09644800,0.46801500,1.31481000,0.07489700,0.15277900,-0.15801800
-0.05979700,5.34660900,0.78104300,-0.01769300,-0.02071100,-0.72153900,0.69183800,0.14282100,0.04719400,0.24249800,0.15878500,-0.24108300,-0.05314800,0.07110400,-0.02490100,-0.15716400,0.20843300,-0.25276000,0.00933100,-0.02603100,-0.01164700,0.16827900,-0.04698100,0.14451300,-0.54205300,1.17405700,-0.00943700,0.03885000,0.13484900,0.03343200,-0.11488200,0.52488900,1.30104900,0.03111800,0.16523500,-0.11063100
-0.05975100,5.34610400,0.78100600,-0.01908900,-0.02221700,-0.72109100,0.69222100,0.14945400,0.04622000,0.24124100,0.15586900,-0.24009800,-0.05269900,0.07686400,-0.02547300,-0.15841500,0.20821400,-0.25337900,0.00928200,-0.02215400,-0.01045600,0.16794200,-0.04571600,0.14341700,-0.53443700,1.17810300,-0.02651100,0.03592500,0.13233100,0.02358700,-0.13344200,0.58662700,1.28905700,0.01565900,0.15201200,-0.09985300
-0.05958500,5.34579800,0.78099500,-0.02016400,-0.02368800,-0.72143800,0.69178000,0.15598800,0.04480000,0.24252800,0.15211800,-0.23889800,-0.05185000,0.07995100,-0.02667500,-0.15767000,0.21097900,-0.25488900,0.00909800,-0.01860900,-0.00892300,0.16965200,-0.04691800,0.14127600,-0.52775100,1.18256400,-0.03761300,0.03838800,0.12712000,0.01211500,-0.14961100,0.62260900,1.27477900,-0.00476100,0.14443600,-0.09195400
-0.05951700,5.34553300,0.78098400,-0.02050100,-0.02436700,-0.72150100,0.69168100,0.15932200,0.04378200,0.24300300,0.14938000,-0.23767400,-0.05171100,0.08057800,-0.02767500,-0.15775900,0.21392000,-0.25623900,0.00901400,-0.01679900,-0.00744800,0.17048800,-0.05022000,0.13875700,-0.52621400,1.18823600,-0.04202400,0.03889800,0.12531500,0.00203100,-0.16208000,0.63820400,1.26328900,0.01289700,0.13208100,-0.09189800
-0.05950900,5.34517000,0.78098900,-0.02110300,-0.02538600,-0.72143600,0.69169400,0.16266900,0.04295400,0.24299700,0.14924000,-0.23789300,-0.04999200,0.08258200,-0.02879100,-0.15836300,0.21642300,-0.25749700,0.00921800,-0.01561200,-0.00628300,0.17265400,-0.05373400,0.13650200,-0.52880000,1.19152700,-0.04496500,0.03833400,0.12623500,-0.00586300,-0.16964200,0.63173700,1.25533900,0.06059500,0.10883300,-0.09289400
-0.05950600,5.34494900,0.78093700,-0.02105400,-0.02631800,-0.72092500,0.69219300,0.16440500,0.04098800,0.24150200,0.14817100,-0.23653300,-0.04956400,0.08249200,-0.03117300,-0.15973000,0.22102900,-0.26024200,0.00999500,-0.01534400,-0.00653100,0.17406400,-0.05851600,0.13503200,-0.53510500,1.19203000,-0.04017000,0.03924500,0.12619600,-0.01380100,-0.17148500,0.61614900,1.24454400,0.06900500,0.10407400,-0.09146400
-0.05950100,5.34486100,0.78098000,-0.02158600,-0.02696100,-0.72032800,0.69277300,0.16580900,0.04060400,0.23920300,0.14874900,-0.23670100,-0.04992900,0.08492100,-0.03163200,-0.16116700,0.22075900,-0.26012000,0.01054800,-0.01520300,-0.00581800,0.17610300,-0.06318800,0.13374800,-0.54534000,1.18932700,-0.03529600,0.04246900,0.13271500,-0.02197100,-0.17030900,0.60799800,1.23435300,0.07082500,0.10608300,-0.09274500
-0.05891700,5.34563500,0.78098300,-0.02112400,-0.02668500,-0.72187400,0.69118700,0.16401100,0.03979200,0.24367400,0.14956900,-0.23656900,-0.04875200,0.07789100,-0.03270300,-0.15673200,0.22863000,-0.26166400,0.01006900,-0.01012800,-0.00403200,0.17857000,-0.06900200,0.13204800,-0.55136100,1.18463200,-0.03220400,0.04132500,0.13380300,-0.03334800,-0.16772700,0.60350500,1.22867000,0.09182200,0.09736300,-0.08829200
-0.05882800,5.34587200,0.78098500,-0.02101900,-0.02681200,-0.72170300,0.69136400,0.16273200,0.03934700,0.24318100,0.15123200,-0.23677600,-0.04768900,0.07696700,-0.03350600,-0.15750900,0.23012200,-0.26202300,0.01010100,-0.00904300,-0.00362700,0.17915600,-0.07291500,0.13065400,-0.55874400,1.18125500,-0.03943200,0.03244900,0.13035900,-0.03932600,-0.16198200,0.59763400,1.22477000,0.13055700,0.08048700,-0.07760800
-0.05869600,5.34621100,0.78100400,-0.02068300,-0.02681600,-0.72151900,0.69156600,0.16163300,0.03861800,0.24314700,0.15098400,-0.23610600,-0.04769800,0.07512200,-0.03431500,-0.15745200,0.23172300,-0.26220600,0.01083500,-0.00838700,-0.00418000,0.17941800,-0.07538100,0.13048700,-0.56490600,1.17709000,-0.04273700,0.03014200,0.12805200,-0.04473900,-0.15551400,0.58992100,1.22063100,0.15996500,0.06802000,-0.05739900
-0.05859100,5.34664200,0.78099000,-0.02072300,-0.02725500,-0.72138500,0.69168700,0.16159900,0.03770800,0.24238100,0.15109800,-0.23555300,-0.04704700,0.07368300,-0.03548400,-0.15790800,0.23535300,-0.26369300,0.01041600,-0.00806800,-0.00556900,0.18021900,-0.07664900,0.13055600,-0.56927000,1.17502300,-0.04478700,0.02648700,0.12836200,-0.04961100,-0.14770900,0.59541100,1.22102100,0.16526000,0.05614900,-0.05082400
-0.05843000,5.34707000,0.78100600,-0.02066200,-0.02760300,-0.72146300,0.69159400,0.16247600,0.03643300,0.24259100,0.14870800,-0.23401000,-0.04686500,0.07184000,-0.03668000,-0.15767900,0.23875800,-0.26483000,0.01035200,-0.00809900,-0.00685400,0.18000200,-0.07702300,0.13044600,-0.57377600,1.17552700,-0.04318800,0.02615400,0.12924700,-0.05295200,-0.14141800,0.61323000,1.22391600,0.16446400,0.04302000,-0.06415100
-0.05824300,5.34749000,0.78102000,-0.02098700,-0.02817800,-0.72146900,0.69155500,0.16415700,0.03554600,0.24304600,0.14692100,-0.23281800,-0.04600900,0.07165700,-0.03745600,-0.15718700,0.24079100,-0.26508400,0.01035800,-0.00823800,-0.00817700,0.18087000,-0.07732800,0.13050800,-0.57563900,1.17779800,-0.04590000,0.02656100,0.12830100,-0.05620200,-0.13730300,0.61863300,1.22609000,0.16797500,0.04411000,-0.07413700
-0.05808700,5.34778700,0.78099700,-0.02136600,-0.02878800,-0.72102900,0.69197600,0.16604200,0.03448200,0.24181400,0.14469200,-0.23165700,-0.04585100,0.07308000,-0.03836300,-0.15847200,0.24079700,-0.26530800,0.01096300,-0.01024500,-0.00971300,0.18106600,-0.07595800,0.13079300,-0.57479600,1.18061000,-0.04724200,0.02612800,0.12720900,-0.05686300,-0.13618900,0.61461200,1.22762400,0.16991400,0.04444300,-0.07374300
-0.05798600,5.34808800,0.78105600,-0.02176600,-0.02891700,-0.72042500,0.69258800,0.16635600,0.03462900,0.24014100,0.14414300,-0.23137700,-0.04597100,0.07510600,-0.03815200,-0.16024600,0.23813100,-0.26420100,0.01073500,-0.01151600,-0.01079600,0.18049100,-0.07412900,0.13155700,-0.57167200,1.18242200,-0.05276000,0.02642100,0.12759300,-0.05694700,-0.13645200,0.59986900,1.22479900,0.15927800,0.05901200,-0.05762500
-0.05789300,5.34842700,0.78107600,-0.02217100,-0.02916600,-0.71978500,0.69322900,0.16604900,0.03473900,0.23865100,0.14521400,-0.23147600,-0.04555200,0.07727900,-0.03806300,-0.16190600,0.23537200,-0.26273300,0.01079000,-0.01301400,-0.01140100,0.17998300,-0.07161800,0.13230300,-0.56788300,1.18235800,-0.05909400,0.02633100,0.12643000,-0.05578200,-0.13923000,0.60428200,1.22710300,0.15463900,0.05288500,-0.05676600
-0.05773700,5.34883800,0.78114000,-0.02271100,-0.02938200,-0.71951900,0.69347900,0.16604600,0.03518100,0.23823500,0.14619700,-0.23175300,-0.04545200,0.07952200,-0.03764400,-0.16269100,0.23217100,-0.26099400,0.01100600,-0.01290400,-0.01141500,0.18021600,-0.06942400,0.13305000,-0.56354400,1.18201700,-0.06737800,0.02517200,0.12630600,-0.05472500,-0.14315500,0.61066800,1.22649700,0.14913800,0.05464400,-0.05821000
-0.05753000,5.34928600,0.78121000,-0.02307400,-0.02952800,-0.71915000,0.69384300,0.16520900,0.03537200,0.23725500,0.14789500,-0.23197900,-0.04462300,0.08163500,-0.03740100,-0.16350700,0.22832200,-0.25884500,0.01113700,-0.01307700,-0.01117700,0.18010900,-0.06789600,0.13356900,-0.56009100,1.18099400,-0.07300900,0.02435100,0.12712200,-0.05325100,-0.14634300,0.61631300,1.22715900,0.14931100,0.05431900,-0.06200800
-0.05728900,5.34973500,0.78126400,-0.02369800,-0.02975500,-0.71893700,0.69403300,0.16541700,0.03568700,0.23663600,0.14868200,-0.23219900,-0.04450400,0.08445300,-0.03699800,-0.16455200,0.22414000,-0.25674900,0.01184300,-0.01276900,-0.01021600,0.18157200,-0.06693200,0.13394400,-0.55693900,1.17844100,-0.07637400,0.02541000,0.12594500,-0.05138700,-0.14888100,0.60917800,1.22489200,0.13986100,0.06022700,-0.05501900
-0.05702000,5.35001600,0.78131300,-0.02431300,-0.02992100,-0.71878600,0.69416100,0.16622200,0.03592200,0.23623700,0.14850200,-0.23208600,-0.04395800,0.08768400,-0.03625900,-0.16462700,0.21903400,-0.25415100,0.01202600,-0.01158500,-0.00925200,0.18217700,-0.06604100,0.13398400,-0.55480000,1.17710300,-0.07933000,0.02525400,0.12575500,-0.04865000,-0.14984500,0.60646700,1.22288200,0.13706700,0.06313400,-0.05529800
