2.07159000,0.71195400,0.78994500,-0.01646200,0.00149200,0.08338200,-0.99638100,-0.24687300,0.00623700,0.25093200,0.35094500,-0.06044000,0.02445600,-0.12842400,-0.03196600,0.12994800,0.88003600,-0.05324300,0.23405400,0.01654100,-0.07058700,-0.03147200,-0.05664400,0.10527300,-0.10017500,0.93636300,0.73593200,0.19002500,0.20957600,0.08839400,-0.17221000,0.14548700,0.72107000,-0.77616300,0.14788700,-0.11653600
2.06555200,0.71082400,0.79077400,-0.01696200,0.00322900,0.08906200,-0.99587600,-0.24599700,0.01235700,0.25999100,0.34215900,-0.04993600,0.02196500,-0.09992100,-0.01892400,0.15958500,0.81796000,-0.02626900,0.21241800,0.01116000,-0.06248600,-0.03741200,-0.04996000,0.10627600,-0.11423700,0.94047800,0.74672400,0.18733000,0.20241000,0.09060100,-0.17485800,0.12667900,0.73292600,-0.77914000,0.14821300,-0.11240900
2.05892400,0.70944000,0.79288000,-0.01719200,0.00434300,0.09452600,-0.99536400,-0.24449000,0.01888800,0.26871300,0.32845000,-0.03623700,0.01918400,-0.06796100,-0.01354300,0.17640300,0.74818000,-0.04320500,0.18004800,0.00505700,-0.05351700,-0.04354900,-0.04198000,0.10878000,-0.13094500,0.94566300,0.75867300,0.18326100,0.19398000,0.09459600,-0.17265700,0.10148500,0.73966600,-0.77848500,0.14707300,-0.11348700
2.05135800,0.70782700,0.79411500,-0.01760700,0.00481900,0.10006700,-0.99481300,-0.24495500,0.02576100,0.27750400,0.31304500,-0.01979200,0.01593600,-0.03692200,-0.02242300,0.16339700,0.67638400,-0.08587700,0.14835400,-0.00067900,-0.04399800,-0.04952900,-0.02910300,0.11174000,-0.14579300,0.94683300,0.76877700,0.17782400,0.18620100,0.09534300,-0.16480700,0.06646000,0.75173600,-0.77306600,0.14045100,-0.12403500
2.04293900,0.70597200,0.79466700,-0.01709600,0.00459700,0.10456000,-0.99436100,-0.24679200,0.03399200,0.28395200,0.29482200,0.00020300,0.01240400,-0.00701900,-0.03028300,0.13751600,0.60094100,-0.12933500,0.10104200,-0.00617700,-0.03406100,-0.05494000,-0.01814900,0.11310400,-0.15456000,0.94711900,0.77373400,0.17468800,0.17879100,0.10016000,-0.14940700,0.02925900,0.76069300,-0.76229300,0.13302000,-0.14139100
2.03351400,0.70376400,0.79447600,-0.01614200,0.00379900,0.10853100,-0.99395500,-0.25246600,0.04418300,0.28862300,0.27922500,0.02102600,0.00860500,0.01993800,-0.03351100,0.11009600,0.52473800,-0.16953700,0.06006800,-0.01049400,-0.02366200,-0.05874600,-0.00775600,0.11248500,-0.15661900,0.94567700,0.77340200,0.17355800,0.17352100,0.10572400,-0.13066200,-0.00431200,0.77094100,-0.75077700,0.12672100,-0.15856500
2.02303100,0.70125000,0.79358800,-0.01508700,0.00275900,0.11249500,-0.99353400,-0.26256100,0.05631600,0.29231300,0.26864500,0.04122100,0.00505500,0.03893700,-0.03201200,0.08635100,0.45816300,-0.20332400,0.02812100,-0.01284600,-0.01310400,-0.05986400,0.00196800,0.11043600,-0.15621500,0.94156500,0.77170800,0.17373500,0.17039700,0.10967000,-0.11254400,-0.02868500,0.78515400,-0.74514700,0.12333700,-0.17036200
2.01154700,0.69851300,0.79214000,-0.01392600,0.00178800,0.11593600,-0.99315700,-0.27630600,0.06941700,0.29431800,0.26199200,0.06150900,0.00320800,0.04631300,-0.02440800,0.07554500,0.41086100,-0.23018000,0.00924200,-0.01340800,-0.00240100,-0.05767100,0.01018000,0.10870900,-0.15938300,0.93399000,0.77320500,0.17217000,0.16638200,0.11167600,-0.09717400,-0.04138600,0.80271900,-0.74913000,0.12319000,-0.17547400
1.99918100,0.69564400,0.78999900,-0.01240000,0.00114500,0.11820500,-0.99291100,-0.29280000,0.08284700,0.29340800,0.25770500,0.08217700,0.00164000,0.04581100,-0.01338300,0.07175200,0.37768900,-0.25424000,0.00163800,-0.01190500,0.00907300,-0.05233600,0.01451400,0.11325800,-0.16794100,0.92083700,0.78096400,0.16363500,0.15474900,0.11579500,-0.08516700,-0.04346500,0.81806100,-0.76043600,0.12414500,-0.17496400
1.98605200,0.69276000,0.78650900,-0.00940800,0.00113100,0.11833700,-0.99292800,-0.31069100,0.09689600,0.28732100,0.25326400,0.10436300,0.00238100,0.04081300,0.00052200,0.06572700,0.35137000,-0.27081000,-0.00174600,-0.00826400,0.02235300,-0.04401300,0.01953000,0.11454700,-0.18659900,0.90202500,0.79863900,0.15343600,0.14984100,0.11871500,-0.07012700,-0.03437800,0.82691100,-0.77374600,0.13346400,-0.17095000
1.97286500,0.68985900,0.78465800,-0.00472900,0.00179800,0.11552500,-0.99329200,-0.32922700,0.11088300,0.27450000,0.25060200,0.12756600,0.00446100,0.03816200,0.01718800,0.05476100,0.32856300,-0.28040500,-0.00511100,-0.00312000,0.03812800,-0.03290400,0.01962300,0.11779300,-0.20919100,0.88464700,0.82208900,0.14060800,0.15384400,0.11642100,-0.05560200,-0.02070000,0.82965800,-0.78511800,0.15043200,-0.15923300
1.95943300,0.68711100,0.78276700,0.00153900,0.00298800,0.10946500,-0.99398500,-0.35037800,0.12436300,0.25474000,0.25185000,0.14837500,0.00150200,0.03539100,0.03617700,0.03840700,0.30905400,-0.28519700,-0.01066500,0.00251600,0.05618400,-0.01973800,0.01409000,0.12183700,-0.23199200,0.87265700,0.84328100,0.12841800,0.16576700,0.12850300,-0.04715700,-0.00792100,0.83785900,-0.79374300,0.14954600,-0.15427000
1.94596900,0.68467300,0.78066100,0.00868400,0.00444100,0.10079900,-0.99485900,-0.37285400,0.13574300,0.22914300,0.25490500,0.16507500,-0.01412300,0.02872000,0.05581200,0.01821700,0.29778700,-0.28789000,-0.01733100,0.00761000,0.07561200,-0.00596100,0.01382800,0.12363500,-0.24965200,0.85438700,0.85821300,0.12009700,0.17837300,0.13590900,-0.03988100,0.00425700,0.85173000,-0.80230000,0.14951800,-0.14906300
1.93284900,0.68271500,0.77877300,0.01617300,0.00617100,0.09096300,-0.99570400,-0.39178300,0.14283000,0.19583500,0.25400100,0.17680200,-0.05331700,0.01534700,0.07417400,-0.00468800,0.29978600,-0.28573500,-0.02397500,0.01189600,0.09515300,0.00682200,0.02066400,0.12298900,-0.25930900,0.82907100,0.86329200,0.11482400,0.18953900,0.14036200,-0.03415300,0.01479600,0.87153400,-0.81209700,0.15252000,-0.14391800
1.92047500,0.68117600,0.77808300,0.02221000,0.00817800,0.08017800,-0.99650000,-0.40436600,0.14751700,0.17599300,0.24947200,0.18762000,-0.11154600,-0.00107300,0.08716800,-0.02970600,0.30794100,-0.27897400,-0.03010300,0.01457000,0.11338100,0.01708100,0.03471600,0.11893600,-0.26402100,0.80195600,0.86024200,0.11157400,0.20085200,0.14321600,-0.03095200,0.02105400,0.89707100,-0.82311700,0.16071700,-0.13978100
1.90818300,0.67995700,0.78254400,0.02526700,0.01052800,0.06813000,-0.99730100,-0.41512900,0.14812500,0.17430600,0.24301200,0.18657300,-0.16629400,-0.01595800,0.09148200,-0.05564600,0.31398600,-0.26716300,-0.03529700,0.01605600,0.12805100,0.02381200,0.05209600,0.11289200,-0.27044800,0.78270300,0.85462300,0.10972900,0.20782800,0.14646900,-0.02955400,0.02003700,0.92591400,-0.83314800,0.17533200,-0.13598500
1.89671800,0.67898200,0.78452200,0.02495700,0.01330200,0.05539200,-0.99806400,-0.41013300,0.13548200,0.16168400,0.24442800,0.17893500,-0.17116300,-0.02744200,0.08727200,-0.08126300,0.31696700,-0.25451100,-0.03946300,0.01852400,0.13723500,0.02695400,0.06734900,0.10927700,-0.28306600,0.77790600,0.85139300,0.10706900,0.20182300,0.15192200,-0.02798800,0.01167100,0.95255300,-0.83987400,0.19348800,-0.13014200
1.88596900,0.67817000,0.78610600,0.02195400,0.01616500,0.04134600,-0.99877300,-0.39932100,0.11702100,0.15308000,0.25491700,0.16170500,-0.13604500,-0.03555200,0.07597100,-0.10742200,0.31599000,-0.24120100,-0.04310500,0.02135800,0.14151900,0.02724000,0.07685000,0.11110000,-0.30009300,0.78633600,0.85147100,0.10062100,0.18115400,0.15976100,-0.02597100,0.00054600,0.97047000,-0.84356800,0.20700500,-0.12074800
1.87582500,0.67745500,0.78744100,0.01865600,0.01893000,0.02715700,-0.99927800,-0.38385500,0.09771000,0.14207200,0.27279200,0.14283600,-0.11840300,-0.04279500,0.06281800,-0.13356800,0.31575800,-0.23044600,-0.04661600,0.02492600,0.14235000,0.02591500,0.08095600,0.12012800,-0.31452800,0.80127700,0.85305500,0.09077900,0.15237700,0.16855600,-0.02356200,-0.00531600,0.97727800,-0.84710000,0.20693000,-0.10883100
1.86604300,0.67661200,0.78843400,0.01583500,0.02149200,0.01352400,-0.99955200,-0.36759200,0.08004200,0.12141000,0.30439200,0.11584500,-0.11361100,-0.05019400,0.05055000,-0.15898400,0.31673300,-0.22279700,-0.05032900,0.02956600,0.14124200,0.02408800,0.08211100,0.13255000,-0.31874500,0.81675000,0.85278700,0.08275800,0.12454300,0.17585700,-0.02354200,0.00041000,0.97523700,-0.85449700,0.19169800,-0.09841600
1.85649000,0.67559400,0.78886600,0.01492800,0.02383900,0.00055500,-0.99960400,-0.35289900,0.06563100,0.09115000,0.35033100,0.07983000,-0.10069400,-0.05925500,0.04191600,-0.18416700,0.32153900,-0.21887700,-0.05251500,0.03489600,0.13955400,0.02221800,0.08327800,0.14448200,-0.30779000,0.82984300,0.84817400,0.08435100,0.10549600,0.17920500,-0.02721700,0.02035300,0.96971100,-0.86893200,0.16816100,-0.09443000
1.84703800,0.67441600,0.78877300,0.01528400,0.02580800,-0.01205600,-0.99947700,-0.34046700,0.05177000,0.05372000,0.40436000,0.02037600,-0.07454500,-0.06974400,0.03555600,-0.20924400,0.32809800,-0.21556900,-0.05337900,0.04014300,0.13786900,0.02019500,0.08600600,0.15159500,-0.28268800,0.84057100,0.83850300,0.09892100,0.10123800,0.17698100,-0.03539300,0.05135800,0.96533200,-0.88991200,0.14614700,-0.09840000
1.83763700,0.67320600,0.78838700,0.01583300,0.02723300,-0.02461000,-0.99920100,-0.32867200,0.03875300,0.01608100,0.45215400,-0.04569900,-0.06801000,-0.08067400,0.02907100,-0.23402900,0.33343200,-0.21073200,-0.05282200,0.04433100,0.13591200,0.01773000,0.09043900,0.15272300,-0.24964800,0.85070000,0.82531600,0.12275900,0.11197200,0.16908600,-0.04715000,0.08579400,0.96509200,-0.91203300,0.13154900,-0.10458400
1.82825700,0.67213400,0.78793300,0.01656000,0.02830900,-0.03729700,-0.99876600,-0.31841900,0.03163700,-0.00726100,0.48610100,-0.09425600,-0.06617400,-0.09167500,0.02186400,-0.25866400,0.33778700,-0.20548700,-0.05139400,0.04695900,0.13343900,0.01498200,0.09577700,0.15028900,-0.21703900,0.86182200,0.81232900,0.14851600,0.12906700,0.15656600,-0.05991300,0.11512700,0.96983200,-0.92860700,0.12568400,-0.10457700
1.81881600,0.67118400,0.78775800,0.01623300,0.02893300,-0.05033300,-0.99818100,-0.30708600,0.03631100,0.00191900,0.51120300,-0.11813400,-0.06245300,-0.10180000,0.01194600,-0.28292400,0.33852300,-0.19836900,-0.04955600,0.04809900,0.13008800,0.01207300,0.10076200,0.14644000,-0.19152400,0.87398900,0.80285700,0.16863700,0.13992100,0.14031600,-0.07329200,0.13362100,0.97691900,-0.93620800,0.12740400,-0.09580600
1.80928900,0.67045300,0.78749300,0.01643200,0.02979800,-0.06285800,-0.99744200,-0.29889200,0.05416900,0.03588700,0.54767700,-0.13353300,-0.05665400,-0.11289200,0.00185700,-0.30628700,0.34224900,-0.19235300,-0.04748100,0.04924100,0.12598800,0.00985600,0.10515300,0.14606500,-0.17365800,0.88445800,0.79780300,0.17896300,0.13744800,0.12139600,-0.08491400,0.14134600,0.98255300,-0.93615000,0.13383500,-0.08432600
1.79968200,0.66988500,0.78693900,0.01731500,0.03122100,-0.07382000,-0.99663200,-0.29358800,0.07333500,0.06419000,0.60418200,-0.14759200,-0.05463000,-0.12470900,-0.00710900,-0.32700200,0.34941400,-0.18776000,-0.04538700,0.05218900,0.12153200,0.00859800,0.11026700,0.15346600,-0.15939100,0.89075800,0.79340500,0.17578900,0.12499300,0.10130300,-0.09365900,0.13888400,0.98464300,-0.93453000,0.13981000,-0.07987800
1.78997600,0.66945100,0.78593600,0.01896400,0.03340400,-0.08299700,-0.99580900,-0.29076100,0.08358400,0.06599700,0.67944700,-0.16041000,-0.05621100,-0.13638000,-0.01417300,-0.34471800,0.35869800,-0.18397100,-0.04320900,0.05706100,0.11705400,0.00826400,0.11855000,0.15831600,-0.14816200,0.88733000,0.79209700,0.17199200,0.11539100,0.08153500,-0.10431800,0.13069700,0.98624200,-0.93092400,0.13608900,-0.08754300
1.78010000,0.66917400,0.78434200,0.02160600,0.03620600,-0.09091800,-0.99496500,-0.28725500,0.08579300,0.04723300,0.76602500,-0.17099200,-0.06209600,-0.14800400,-0.01917700,-0.36052700,0.36930400,-0.18035800,-0.04066500,0.06229000,0.11301400,0.00844400,0.12884700,0.16275500,-0.13769700,0.87795600,0.79463000,0.16876200,0.11299600,0.05704400,-0.10841000,0.12351000,0.98275800,-0.92678000,0.13568400,-0.09957600
1.76995000,0.66909600,0.78220700,0.02505000,0.03927900,-0.09783800,-0.99411100,-0.28033100,0.09064200,0.02570700,0.85574100,-0.17062700,-0.07506400,-0.16001800,-0.02270700,-0.37483800,0.38006900,-0.17586100,-0.03742600,0.06635900,0.10967600,0.00869300,0.14069700,0.16501700,-0.12849100,0.86651300,0.79855100,0.16631300,0.11754900,0.03367400,-0.11196200,0.11876800,0.97716800,-0.92195900,0.13277400,-0.11329500
1.75946400,0.66921600,0.77968500,0.02831800,0.04227600,-0.10318400,-0.99336000,-0.26929500,0.09494400,0.00267900,0.94010200,-0.16063400,-0.07971900,-0.17206500,-0.02573300,-0.38635500,0.38810900,-0.16874500,-0.03323000,0.06939100,0.10677500,0.00876600,0.15420100,0.15419300,-0.12070300,0.85263200,0.80194500,0.16971600,0.12929800,0.00751800,-0.11514900,0.11971500,0.97144900,-0.91688100,0.13224200,-0.12432200
1.74855100,0.66960900,0.77701600,0.03142700,0.04498800,-0.10717800,-0.99272400,-0.25344000,0.09591100,-0.02227200,1.01147600,-0.14532800,-0.08685900,-0.18442100,-0.02849800,-0.39539800,0.39305300,-0.15860200,-0.02713900,0.07171300,0.10377200,0.00828800,0.17554400,0.14410900,-0.10914200,0.83081000,0.79903000,0.16602500,0.13897300,-0.01571800,-0.12074700,0.12042900,0.96221900,-0.91133600,0.13038000,-0.13259100
1.73711000,0.67033200,0.77467300,0.03432200,0.04713500,-0.11046900,-0.99216800,-0.23136600,0.09123200,-0.04982900,1.06140300,-0.12334900,-0.09453300,-0.19711400,-0.03145600,-0.40303600,0.39401700,-0.14355800,-0.02333700,0.07378100,0.10019600,0.00680300,0.20226300,0.13306100,-0.09952800,0.80315500,0.79289500,0.15579500,0.14555100,-0.03273500,-0.12408900,0.11227300,0.94370900,-0.89893800,0.12849300,-0.14179900
1.72504200,0.67138000,0.77311000,0.03623100,0.04853200,-0.11354100,-0.99168600,-0.20439700,0.07492100,-0.08444600,1.08753700,-0.10289600,-0.09984100,-0.20862000,-0.03566900,-0.40989000,0.38744000,-0.11989600,-0.02519800,0.07601000,0.09538700,0.00421300,0.22956700,0.12287800,-0.09776600,0.77632800,0.78837800,0.14040600,0.14622300,-0.04064100,-0.12240800,0.08843500,0.91218100,-0.87157900,0.12400200,-0.15641800
1.71214300,0.67279400,0.77245300,0.03768600,0.04913000,-0.11701600,-0.99119800,-0.17625500,0.05389500,-0.12022300,1.09027100,-0.09748600,-0.10662000,-0.21956500,-0.04127100,-0.41707600,0.37464800,-0.08844700,-0.02768000,0.07800800,0.08914900,0.00099700,0.24938000,0.11597600,-0.10327500,0.76171400,0.78681300,0.12397600,0.14170900,-0.03848500,-0.11705100,0.05289800,0.86947800,-0.82887600,0.11090600,-0.17718200
1.69836700,0.67440600,0.77325400,0.03736900,0.04874900,-0.12023900,-0.99084300,-0.14448100,0.04124700,-0.14449200,1.05572700,-0.08406600,-0.07912300,-0.22794500,-0.04870300,-0.42301400,0.35157500,-0.04878100,-0.03084200,0.07980600,0.08150600,-0.00276900,0.26402100,0.10848200,-0.11001700,0.75839600,0.78684800,0.11272200,0.13602400,-0.03309900,-0.10911200,0.02256800,0.82508400,-0.78344900,0.09347000,-0.20115000
1.68326100,0.67620400,0.77507200,0.03749800,0.04719000,-0.12216200,-0.99067800,-0.11460700,0.03599200,-0.16052900,0.98765500,-0.09512700,-0.04516400,-0.24142000,-0.05555300,-0.42680900,0.33031900,-0.00673900,-0.03455100,0.08216500,0.07379900,-0.00580000,0.26937900,0.09989500,-0.11304600,0.76856000,0.78641900,0.11172400,0.13346500,-0.02861900,-0.10383100,0.01079200,0.78618500,-0.74940200,0.07585400,-0.22102700
1.66661800,0.67800100,0.77748200,0.03807600,0.04357800,-0.12139700,-0.99091600,-0.08677500,0.03124300,-0.17366400,0.89838100,-0.12999500,-0.04634900,-0.26664900,-0.06190600,-0.42607900,0.31865400,0.03364400,-0.03982400,0.08506200,0.06672500,-0.00709600,0.26264300,0.08891400,-0.11276700,0.79295600,0.78659800,0.12177600,0.13563200,-0.03034400,-0.10516300,0.02116300,0.75650700,-0.73508800,0.06378200,-0.22923600
1.64817500,0.67957900,0.77570100,0.03785100,0.03747300,-0.11707200,-0.99169400,-0.07521800,0.02843800,-0.16862700,0.82557300,-0.22839100,-0.04239700,-0.31069600,-0.07044500,-0.41852800,0.32280300,0.06898800,-0.04752100,0.08734500,0.06018700,-0.00411100,0.24361400,0.07399400,-0.11246800,0.82954000,0.79036500,0.14071400,0.14217800,-0.04271000,-0.11463600,0.04851900,0.73601000,-0.74003000,0.05872400,-0.22061600
1.62807900,0.68100900,0.76846200,0.03638700,0.02981900,-0.10997100,-0.99282100,-0.08914700,0.02649700,-0.14222800,0.78806700,-0.34448600,-0.01639300,-0.37397900,-0.08309400,-0.40442400,0.34775200,0.09441500,-0.05395200,0.08795100,0.05297000,0.00606300,0.21510600,0.05637000,-0.11683400,0.87315200,0.79983300,0.16352200,0.15060900,-0.06381500,-0.13090700,0.08398800,0.72103700,-0.76006400,0.05767500,-0.19579300
1.60714400,0.68237600,0.75820500,0.03289700,0.02274800,-0.10278800,-0.99389900,-0.12560800,0.01591200,-0.11850200,0.78078400,-0.44165900,-0.00736800,-0.44402900,-0.09938100,-0.38399200,0.38337400,0.11194600,-0.05768400,0.08703800,0.04264600,0.02459000,0.18013400,0.03979600,-0.13194100,0.91824000,0.81572500,0.18105600,0.15516800,-0.08231400,-0.15230700,0.11861500,0.70322100,-0.79396100,0.05746800,-0.16327600
1.58730500,0.68369400,0.75174400,0.02727000,0.01802800,-0.09883900,-0.99456600,-0.16672400,-0.00103500,-0.10086800,0.79061500,-0.49343200,-0.00038000,-0.49756800,-0.11682700,-0.36122700,0.40444700,0.11451000,-0.03331200,0.08512500,0.02729700,0.04851600,0.14028800,0.03017400,-0.16044200,0.96175700,0.83797300,0.18442500,0.14950400,-0.08182100,-0.17434500,0.14372500,0.67310800,-0.83881300,0.05641100,-0.13764500
1.56851500,0.68496900,0.75237300,0.02068700,0.01621900,-0.09860600,-0.99477900,-0.19813600,-0.02089000,-0.08894300,0.78789200,-0.49595200,0.01435600,-0.52416400,-0.13137700,-0.34385100,0.38176800,0.09511800,0.00672200,0.08375000,0.00783100,0.07081800,0.09880600,0.03292600,-0.19537200,1.00273500,0.86462000,0.17388700,0.13446600,-0.05172000,-0.18669300,0.15216100,0.63279300,-0.87819000,0.05451500,-0.13184300
1.55189200,0.68618700,0.75939200,0.01395300,0.01702700,-0.09800000,-0.99494300,-0.20818300,-0.03916500,-0.07786600,0.75616800,-0.45814800,0.03242800,-0.51032400,-0.14227100,-0.34569000,0.31407200,0.05054000,0.07104400,0.08465200,-0.01267600,0.08366500,0.06362700,0.04576800,-0.21929000,1.03832000,0.88836800,0.16276100,0.12253400,0.00201800,-0.17996300,0.14730300,0.60465500,-0.88588900,0.05350100,-0.14296400
1.53763200,0.68722200,0.76632100,0.00792400,0.01954900,-0.09197300,-0.99553800,-0.19196900,-0.05056300,-0.06288800,0.69021500,-0.40961100,0.04510100,-0.46267400,-0.14873700,-0.37586700,0.23551800,0.00715000,0.12156300,0.08808200,-0.03141900,0.08344300,0.04425500,0.06085500,-0.20987000,1.06372100,0.89716600,0.16618500,0.13002900,0.05961600,-0.16294000,0.14509100,0.61728900,-0.85324200,0.05188200,-0.14693600
1.52502200,0.68795000,0.77374500,0.00495600,0.02231900,-0.07906200,-0.99660700,-0.16121400,-0.05051800,-0.04275800,0.60412000,-0.35698700,0.05511400,-0.41496500,-0.14866900,-0.41362200,0.20870700,0.00800200,0.12536400,0.09131100,-0.04577700,0.07279100,0.04578000,0.06734900,-0.16086000,1.06298900,0.87670500,0.19411800,0.16159300,0.09802800,-0.14820200,0.16779900,0.67732100,-0.81765800,0.05760700,-0.11503400
1.51332000,0.68822400,0.78031700,0.00502400,0.02372800,-0.06342200,-0.99769200,-0.13377800,-0.04104600,-0.01795100,0.52276200,-0.30824700,0.05895600,-0.38299200,-0.13994700,-0.41429400,0.23940100,0.00679300,0.10024200,0.08948000,-0.05453000,0.05730000,0.06325100,0.06137400,-0.08000600,1.03635200,0.82871500,0.22204800,0.21184400,0.11361400,-0.15934900,0.22356500,0.76050700,-0.82037500,0.06213600,-0.03935900
1.50198300,0.68802700,0.78469000,0.00536700,0.02353600,-0.04977800,-0.99846800,-0.12304600,-0.03140900,0.00550000,0.46959400,-0.27284600,0.06008800,-0.36987700,-0.12244200,-0.35902200,0.31294600,-0.00486900,0.08047200,0.08015100,-0.05882000,0.04279400,0.08531800,0.04459400,0.00364200,0.99300500,0.77016900,0.22181200,0.26234000,0.11468200,-0.19675000,0.29777800,0.83088800,-0.86642300,0.04978200,0.04596500
1.49058700,0.68764400,0.78683300,0.00488800,0.02241000,-0.03928000,-0.99896500,-0.12949400,-0.02528300,0.02494800,0.44589800,-0.25050800,0.06189400,-0.36644700,-0.10112800,-0.27704800,0.40993700,-0.04128200,0.06783100,0.06518500,-0.06096100,0.03241200,0.10796100,0.02694100,0.05100700,0.94327600,0.71746400,0.18911500,0.30290200,0.11944300,-0.23290900,0.35179100,0.86441800,-0.91945200,0.03003600,0.08821900
1.47905900,0.68727400,0.78712900,0.00225200,0.02140000,-0.03094500,-0.99928900,-0.14691600,-0.02464200,0.04218900,0.44401900,-0.23801900,0.06662400,-0.36089400,-0.08603300,-0.20682100,0.51339200,-0.08942100,0.05735300,0.04870100,-0.06295800,0.02622500,0.12058300,0.01911000,0.05150900,0.90239600,0.68680700,0.14205300,0.33360700,0.14176000,-0.25764500,0.34951100,0.86476400,-0.93434400,0.02389700,0.07292300
1.46745100,0.68706200,0.78628800,-0.00203100,0.02121000,-0.02315900,-0.99950500,-0.16768100,-0.02748000,0.05940200,0.45245400,-0.22953100,0.07327000,-0.34488100,-0.08878000,-0.16963700,0.60818500,-0.14786300,0.06044000,0.03466900,-0.06547500,0.02194100,0.13245100,0.03308500,0.02155500,0.87804600,0.68254800,0.08743700,0.35552100,0.17572400,-0.26119700,0.29430200,0.85924900,-0.89707000,0.04039600,0.00966800
1.45587100,0.68708200,0.78511200,-0.00671200,0.02207900,-0.01492700,-0.99962200,-0.18522200,-0.03094500,0.07715100,0.45992500,-0.22100300,0.07932900,-0.31526100,-0.10947000,-0.16475500,0.68715700,-0.19625200,0.05721400,0.02495300,-0.06799900,0.01692200,0.12603200,0.05012600,-0.02304200,0.87064200,0.69734200,0.06033800,0.36203600,0.20542800,-0.23850900,0.21014900,0.86074700,-0.83100100,0.08038800,-0.07306600
1.44439700,0.68726600,0.78406200,-0.01148900,0.02372200,-0.00568500,-0.99963600,-0.19726800,-0.03404000,0.09615100,0.46129700,-0.21121200,0.08562500,-0.27465900,-0.13694300,-0.17122600,0.74620300,-0.22409500,0.04333400,0.01908100,-0.06944500,0.01017200,0.11367800,0.06861100,-0.06120600,0.86985500,0.71852900,0.05192800,0.34059700,0.23437000,-0.21182700,0.11913700,0.86837300,-0.76054500,0.12538800,-0.15280700
1.43295700,0.68739500,0.78325800,-0.01680500,0.02541500,0.00474400,-0.99952400,-0.20547200,-0.03671600,0.11738500,0.45622000,-0.19894300,0.08986700,-0.22955600,-0.15932700,-0.16873900,0.78758800,-0.23800700,0.03874400,0.01537300,-0.06933100,0.00234300,0.09189700,0.08440700,-0.09102300,0.87603500,0.73023800,0.05588900,0.30456300,0.25282400,-0.17797200,0.04200500,0.87524500,-0.70831200,0.17940700,-0.21292700
1.42136700,0.68730100,0.78295600,-0.02177100,0.02645800,0.01604900,-0.99928400,-0.21165700,-0.03737700,0.13957700,0.44404200,-0.18266400,0.09157600,-0.18421500,-0.16570600,-0.14672100,0.81094000,-0.22899400,0.05201700,0.01246800,-0.06747100,-0.00580200,0.06898700,0.09653100,-0.10893400,0.87871700,0.73697800,0.06721200,0.27117600,0.26075500,-0.15148900,-0.00631900,0.87776300,-0.67894400,0.22008700,-0.23736700
1.40937800,0.68680800,0.78297600,-0.02578800,0.02649800,0.02790100,-0.99892700,-0.21937500,-0.03478200,0.16113600,0.42925800,-0.16374500,0.09165100,-0.14009900,-0.15786800,-0.10762100,0.81798500,-0.20732400,0.07606600,0.00996900,-0.06372100,-0.01377500,0.04584200,0.10493800,-0.11997500,0.87873200,0.74287900,0.08432500,0.25121000,0.26084600,-0.13705200,-0.01808300,0.87746700,-0.67593100,0.23344100,-0.22140800
1.39677900,0.68583700,0.78297200,-0.02859300,0.02556600,0.04015100,-0.99845700,-0.23135500,-0.02812900,0.18125700,0.41718100,-0.14465800,0.09143800,-0.09986000,-0.14396300,-0.06364900,0.81175600,-0.18527900,0.10195000,0.00777300,-0.05839100,-0.02088400,0.02319700,0.11008700,-0.12809700,0.87894700,0.74885300,0.10354400,0.24294300,0.25618400,-0.13544000,-0.00068200,0.87426700,-0.69774700,0.21996600,-0.17619500
1.38342600,0.68439700,0.78280900,-0.03041900,0.02376600,0.05260000,-0.99786900,-0.24856500,-0.01781000,0.19956200,0.41027300,-0.12677100,0.09245400,-0.06636200,-0.12827200,-0.01939100,0.79599600,-0.17132700,0.11188800,0.00542800,-0.05200300,-0.02627000,0.00149100,0.11311200,-0.13494900,0.88043500,0.75380500,0.12051700,0.23856000,0.24809300,-0.14112500,0.02669000,0.86453200,-0.73447400,0.19190500,-0.12502700
1.36926000,0.68252100,0.78281400,-0.03185700,0.02115100,0.06512000,-0.99714500,-0.27020600,-0.00508400,0.21607900,0.40737800,-0.10981600,0.09508200,-0.04140900,-0.11106800,0.02540400,0.77026200,-0.16380300,0.11224600,0.00294500,-0.04495400,-0.02948500,-0.01893800,0.11587300,-0.14209800,0.88224400,0.75838200,0.13227800,0.23150500,0.23750000,-0.14541400,0.04506100,0.84531100,-0.77119200,0.16370200,-0.08718600
1.35434800,0.68020500,0.78328500,-0.03343100,0.01786200,0.07743600,-0.99627700,-0.29389300,0.00888000,0.23039300,0.40488000,-0.09453800,0.09145700,-0.02676800,-0.09583500,0.06129700,0.72484600,-0.18411900,0.10293600,0.00102300,-0.03757000,-0.03061400,-0.03749500,0.11992800,-0.15098100,0.88226600,0.76488200,0.13810900,0.21998300,0.22625600,-0.14185300,0.04567300,0.81695600,-0.79638400,0.14392200,-0.07112000
1.33912400,0.67759900,0.78370200,-0.03270300,0.01424500,0.08868600,-0.99542100,-0.31394800,0.02573100,0.23938300,0.39325200,-0.07799800,0.08520900,-0.02282700,-0.08395900,0.07119000,0.66525700,-0.22437800,0.07466900,0.00005000,-0.02928300,-0.03007600,-0.05311200,0.12775900,-0.16091000,0.87783800,0.77444400,0.13918600,0.20592600,0.21582100,-0.12602300,0.03167100,0.78373600,-0.80524100,0.13211500,-0.07715300
1.32324800,0.67463100,0.78354000,-0.03099300,0.01090700,0.09841800,-0.99460300,-0.33106300,0.04420200,0.24582200,0.37555200,-0.06649200,0.07984600,-0.02641400,-0.07391600,0.06412000,0.61552900,-0.26065900,0.05089400,-0.00090600,-0.01962200,-0.02750000,-0.06288400,0.13554400,-0.16807800,0.86681400,0.78354300,0.13706100,0.19530000,0.20571400,-0.10390900,0.01266100,0.75255200,-0.80087700,0.12427500,-0.09908600
1.30650200,0.67125000,0.78527900,-0.02913000,0.00853400,0.10556400,-0.99394900,-0.35114900,0.06445400,0.25133700,0.35471800,-0.06910700,0.06329100,-0.03731100,-0.06005300,0.05903500,0.57953000,-0.28577000,0.03510000,-0.00315400,-0.00899600,-0.02233100,-0.06507000,0.13949000,-0.17086100,0.84949000,0.78900600,0.13400200,0.19146800,0.19483700,-0.08290100,-0.00185600,0.73059100,-0.79056000,0.11760000,-0.12468300
1.28966800,0.66778800,0.78359700,-0.02678800,0.00699800,0.10933200,-0.99362000,-0.37014300,0.08450400,0.25459000,0.34333300,-0.07033600,0.04879300,-0.05147900,-0.04367800,0.05470000,0.55558100,-0.30908200,0.02056700,-0.00650700,0.00266700,-0.01452600,-0.06152400,0.13930000,-0.17330300,0.82854800,0.79086700,0.12961300,0.19207800,0.18314700,-0.06773800,-0.00894500,0.72041400,-0.78297900,0.11300200,-0.14041400
1.27241900,0.66441900,0.77865500,-0.02415600,0.00600800,0.10870700,-0.99376200,-0.40028100,0.10470300,0.25340600,0.35211900,-0.07439600,0.03159500,-0.07426500,-0.02768900,0.04532500,0.55042100,-0.33857000,0.00894300,-0.01050600,0.01560800,-0.00394700,-0.05696100,0.13727800,-0.18352000,0.80842000,0.79284200,0.12173400,0.18934500,0.17200700,-0.05915500,-0.01486700,0.71715100,-0.78256400,0.11266900,-0.13996000
1.25536100,0.66128500,0.77418900,-0.02082000,0.00549500,0.10359400,-0.99438700,-0.44487800,0.12219500,0.24121600,0.38606300,-0.08711500,0.01270300,-0.10839600,-0.01415300,0.02649000,0.57633300,-0.37096300,0.00021500,-0.01406400,0.03001600,0.00933500,-0.05561700,0.13742700,-0.20696800,0.79189400,0.79988300,0.10959900,0.17495900,0.16347000,-0.05266200,-0.02988200,0.71226300,-0.78508600,0.11660100,-0.13030300
1.23849500,0.65855000,0.77140800,-0.01733600,0.00565900,0.09537700,-0.99527400,-0.50537100,0.13188900,0.21399300,0.43880500,-0.10991200,0.00302400,-0.15127100,-0.00466000,0.00228000,0.62411000,-0.40974100,-0.00492100,-0.01604000,0.04576900,0.02468300,-0.05754400,0.14099200,-0.24146100,0.77755100,0.81438000,0.09610400,0.14833300,0.15835400,-0.04407500,-0.05927200,0.70077900,-0.78097900,0.12229500,-0.12792700
1.22253300,0.65624100,0.76621700,-0.01353500,0.00652400,0.08559700,-0.99621700,-0.55907900,0.13468300,0.18833200,0.49051100,-0.13210400,-0.00008100,-0.19505400,0.00142400,-0.02388000,0.67815300,-0.44352400,-0.00773500,-0.01638900,0.06289800,0.04025900,-0.05819600,0.14627300,-0.27873000,0.76184200,0.83642400,0.08835500,0.12264700,0.15464500,-0.03247600,-0.09758800,0.68833800,-0.76377300,0.12629400,-0.14699200
1.20788900,0.65431200,0.76210100,-0.00912500,0.00814800,0.07578400,-0.99704900,-0.59550100,0.13389600,0.17015300,0.52458300,-0.14016100,-0.01321600,-0.22996400,0.00561100,-0.04964900,0.71784400,-0.45568200,-0.00976200,-0.01485900,0.08079400,0.05328400,-0.05032800,0.14888400,-0.31023900,0.74553700,0.86447000,0.09480700,0.11712600,0.14984000,-0.02186900,-0.13254600,0.68923400,-0.73904200,0.12962100,-0.18737800
1.19473400,0.65257200,0.76087500,-0.00474300,0.01058400,0.06568400,-0.99777300,-0.60611600,0.13173700,0.16255600,0.53130500,-0.12945000,-0.03272000,-0.24679200,0.00810700,-0.07476800,0.72592600,-0.44515700,-0.01159300,-0.01154100,0.09788200,0.06098700,-0.02923300,0.14325400,-0.33200900,0.73666100,0.89230400,0.11810300,0.13685000,0.14474000,-0.01821300,-0.15428800,0.71273900,-0.72205400,0.14149500,-0.23130300
1.18302600,0.65084600,0.76283400,-0.00098500,0.01380300,0.05396700,-0.99844700,-0.59124500,0.12961800,0.16582200,0.52146600,-0.11287900,-0.04627500,-0.24201100,0.00866200,-0.10055000,0.69756300,-0.41901400,-0.01105700,-0.00649400,0.11213200,0.06240700,0.00234900,0.12901500,-0.34505100,0.74415800,0.90835300,0.14909100,0.16355900,0.14291600,-0.02264300,-0.16036900,0.75247500,-0.72173400,0.16851100,-0.25504100
1.17257300,0.64907900,0.76699300,0.00234700,0.01748700,0.04024200,-0.99903400,-0.56112700,0.12501900,0.16934300,0.50907800,-0.09884100,-0.05535500,-0.21975900,0.00798000,-0.12856800,0.64116000,-0.38303400,-0.00572100,0.00060400,0.12213700,0.05881800,0.03518300,0.11480300,-0.35454900,0.76949200,0.90649000,0.17188300,0.17125600,0.14710500,-0.03011300,-0.15537300,0.79119000,-0.73165800,0.19923300,-0.24928600
1.16294000,0.64723600,0.77175900,0.00489300,0.02090300,0.02538000,-0.99944700,-0.52683000,0.11401000,0.15997600,0.51163300,-0.08544900,-0.05256700,-0.18967000,0.00628500,-0.15791900,0.57206000,-0.34558600,0.00690500,0.00965400,0.12747900,0.05221700,0.06112200,0.11151000,-0.36729100,0.80558700,0.89547300,0.17760100,0.14979900,0.15672900,-0.03567400,-0.14655000,0.81488500,-0.73988700,0.21406900,-0.22605900
1.15363400,0.64533100,0.77559200,0.00713900,0.02364100,0.01048600,-0.99964000,-0.49737000,0.10332200,0.13957400,0.54193900,-0.08136400,-0.06832400,-0.16291700,0.00424500,-0.18734900,0.50927200,-0.31494200,0.02954000,0.01934900,0.12884100,0.04453200,0.08242800,0.12515500,-0.38377100,0.83630600,0.89207700,0.16982500,0.11071400,0.16210600,-0.03641600,-0.13447800,0.81974300,-0.74271800,0.21498800,-0.19697700
1.14425900,0.64332600,0.77773100,0.00976300,0.02572200,-0.00316300,-0.99961600,-0.47486100,0.09538100,0.11112300,0.60145300,-0.08842900,-0.08030200,-0.14637800,0.00232300,-0.21604300,0.46499600,-0.29634300,0.06318000,0.02929900,0.12790200,0.03720400,0.09877100,0.15187200,-0.39590900,0.85765800,0.89506500,0.15580400,0.07777200,0.17270800,-0.03699000,-0.11653700,0.81888300,-0.74482200,0.19414900,-0.17381500
1.13461300,0.64113700,0.77821100,0.01318000,0.02735300,-0.01527800,-0.99942200,-0.45766900,0.09316500,0.08227000,0.68000900,-0.09926600,-0.08351700,-0.14114500,0.00124100,-0.24339600,0.44105100,-0.28907200,0.10246700,0.03911200,0.12640600,0.03092500,0.11694300,0.18179600,-0.39054900,0.86603600,0.89156800,0.14356400,0.06525000,0.17911800,-0.04066900,-0.08948800,0.81955700,-0.75265500,0.16671100,-0.15462200
1.12466600,0.63882100,0.77723000,0.01883200,0.02887400,-0.02594700,-0.99906900,-0.44234400,0.09794100,0.05297300,0.76713400,-0.11200000,-0.08552700,-0.14631500,0.00381800,-0.26914200,0.43647700,-0.29128900,0.13960200,0.04856200,0.12573200,0.02561200,0.14186200,0.20932900,-0.36322200,0.86175600,0.87184700,0.13971800,0.07041400,0.18035800,-0.04990100,-0.05709500,0.83178700,-0.76868000,0.13296400,-0.14380900
1.11442100,0.63644600,0.77535800,0.02627800,0.03030000,-0.03570000,-0.99855700,-0.42404800,0.10587300,0.02186000,0.85303600,-0.12947900,-0.09107400,-0.15835400,0.00952400,-0.29363200,0.44363400,-0.29801600,0.16911700,0.05727100,0.12651900,0.02055100,0.16612300,0.23084900,-0.31860600,0.85621400,0.83904800,0.14546900,0.08406100,0.16672000,-0.05964900,-0.01791100,0.84984600,-0.79243200,0.11430900,-0.13782100
1.10396800,0.63409400,0.77334300,0.03371900,0.03169900,-0.04525500,-0.99790300,-0.40082400,0.11360900,-0.00695300,0.92962500,-0.14083200,-0.09551800,-0.17182500,0.01537800,-0.31739100,0.45206400,-0.30249800,0.18986500,0.06456800,0.12822000,0.01540100,0.18766500,0.24668200,-0.26559300,0.85612900,0.80332500,0.15810400,0.10301300,0.14597900,-0.07094100,0.02206200,0.87490300,-0.82598400,0.10756300,-0.13315900
1.09338500,0.63198000,0.77148000,0.04085800,0.03340400,-0.05518400,-0.99708100,-0.37180700,0.11833200,-0.03341000,0.99347800,-0.14303500,-0.08939700,-0.18373000,0.02035200,-0.34095800,0.45778800,-0.30284400,0.20474500,0.07028100,0.12988000,0.01041100,0.20397000,0.25121900,-0.21499700,0.86245600,0.77401400,0.18162900,0.12728200,0.12250200,-0.08370400,0.06049800,0.90704800,-0.86441500,0.10939000,-0.12468100
1.08263600,0.63027000,0.77003300,0.04701500,0.03524800,-0.06579800,-0.99610100,-0.33594900,0.11759500,-0.05967100,1.04132200,-0.13980400,-0.09476300,-0.19315600,0.02306500,-0.36404300,0.45835800,-0.29927800,0.21449000,0.07456900,0.13045400,0.00586400,0.21315500,0.24185000,-0.17395700,0.87275300,0.75504000,0.21204900,0.15283700,0.09189600,-0.09099800,0.09032400,0.93923800,-0.90112400,0.12416000,-0.10931600
1.07160900,0.62904000,0.76996100,0.05137300,0.03681600,-0.07678500,-0.99504200,-0.29527800,0.10800100,-0.08643600,1.07109300,-0.12128300,-0.09854000,-0.20020400,0.02247100,-0.38552400,0.45158600,-0.29104400,0.22129200,0.07793700,0.12912400,0.00174000,0.21798300,0.23081100,-0.14578600,0.87844700,0.74511400,0.23392000,0.16525800,0.06288400,-0.09440200,0.10628200,0.96051200,-0.92310100,0.14348000,-0.09714000
1.05991200,0.62835200,0.77410500,0.05488400,0.03789600,-0.08796000,-0.99388900,-0.25534500,0.09027700,-0.11521600,1.08762100,-0.09385100,-0.10705100,-0.21154300,0.01894700,-0.40610200,0.44095700,-0.28356700,0.22662500,0.08079400,0.12583300,-0.00194600,0.22077500,0.22652400,-0.13448700,0.87749900,0.74412000,0.23748700,0.15963400,0.04185500,-0.09401200,0.10223900,0.96242900,-0.92570600,0.15636800,-0.09807700
1.04802800,0.62801800,0.77547500,0.05642800,0.03829700,-0.09890500,-0.99275700,-0.21552700,0.06872100,-0.14206000,1.08996500,-0.06914700,-0.10532500,-0.21940400,0.01179100,-0.42492300,0.42763300,-0.27055800,0.23041700,0.08332500,0.12063100,-0.00561400,0.22269400,0.22631500,-0.13802500,0.86928400,0.75165200,0.22471500,0.14183300,0.02838800,-0.09073000,0.08397500,0.94627500,-0.90982100,0.15620900,-0.11462400
1.03561600,0.62798700,0.77599300,0.05729800,0.03829500,-0.10953800,-0.99159000,-0.17800800,0.05123300,-0.16510900,1.08132900,-0.04957400,-0.10453400,-0.22912300,0.00231400,-0.44172600,0.41603400,-0.25708300,0.23274600,0.08563100,0.11413000,-0.00864400,0.22520000,0.22821800,-0.14650700,0.85373200,0.76330000,0.20355600,0.12296300,0.02074600,-0.08661500,0.06326600,0.91849400,-0.88248100,0.14046500,-0.13957700
1.02251500,0.62819900,0.77651900,0.05868100,0.03814700,-0.11954200,-0.99035900,-0.14479700,0.04394100,-0.18140100,1.05839500,-0.04093300,-0.10105100,-0.24285400,-0.00791100,-0.45691300,0.40998400,-0.24559100,0.23403100,0.08767800,0.10742700,-0.01036900,0.22974000,0.22796600,-0.14922900,0.83201400,0.77166400,0.18232300,0.11191600,0.01628900,-0.08467900,0.05107700,0.88593200,-0.85418000,0.11506000,-0.16377300
1.00879200,0.62851500,0.77789700,0.05980700,0.03780000,-0.12858000,-0.98917200,-0.11218400,0.04570800,-0.19012200,1.01234500,-0.04513300,-0.09972000,-0.25795000,-0.01825900,-0.46975600,0.40462900,-0.23462200,0.23296700,0.08921500,0.10065500,-0.01086400,0.23691700,0.22029600,-0.14243700,0.80719800,0.77155600,0.16582200,0.11105900,0.01308500,-0.08789000,0.05151800,0.85250700,-0.83291100,0.08937900,-0.18197300
0.99443300,0.62883400,0.78045100,0.06055400,0.03733100,-0.13683900,-0.98803600,-0.08569600,0.05010200,-0.19217400,0.94402300,-0.07607900,-0.07190400,-0.27291100,-0.02756200,-0.47961300,0.39684700,-0.22279500,0.22701700,0.09001900,0.09368400,-0.00972800,0.24481000,0.20496600,-0.13080600,0.78349600,0.76380400,0.15428700,0.11823100,0.01042900,-0.09597600,0.06134700,0.81952400,-0.82002700,0.06938100,-0.19254400
0.97938400,0.62913600,0.78282300,0.06108000,0.03615600,-0.14507200,-0.98687200,-0.06576800,0.05672300,-0.18871000,0.87021100,-0.13798700,-0.04985400,-0.29098100,-0.03684600,-0.48634300,0.38889500,-0.20991600,0.21403800,0.08999400,0.08600800,-0.00703000,0.24869000,0.18612700,-0.12404800,0.76693700,0.75466600,0.14650300,0.12877900,0.00850100,-0.10643300,0.07367400,0.78760000,-0.81182500,0.05698500,-0.19619600
0.96324700,0.62939800,0.78221200,0.06023000,0.03406300,-0.15223300,-0.98591900,-0.05819900,0.05375700,-0.18835700,0.81404600,-0.21366300,-0.03065200,-0.31546500,-0.05040100,-0.49003400,0.38612100,-0.19570100,0.19854500,0.09048300,0.07710900,-0.00226400,0.24367900,0.16647800,-0.12952600,0.76474200,0.75072500,0.14241900,0.13679200,0.00702700,-0.11761100,0.08309200,0.75830500,-0.80408300,0.05215900,-0.19503200
0.94616500,0.62977300,0.77833300,0.05848200,0.03161100,-0.15763100,-0.98525800,-0.06720000,0.04252500,-0.18780500,0.78552000,-0.28957000,-0.00839800,-0.35071900,-0.07264800,-0.49412800,0.40204300,-0.18462300,0.18287500,0.09208900,0.06625700,0.00528700,0.22804300,0.14986900,-0.14852400,0.78075700,0.75794500,0.14392100,0.13757300,0.00640600,-0.12664500,0.08848000,0.73416700,-0.79532100,0.05386000,-0.19181600
0.92852700,0.63010000,0.77146400,0.05552900,0.02922500,-0.16068800,-0.98500900,-0.09065700,0.02677200,-0.18176700,0.78323700,-0.36269500,0.01141100,-0.39774200,-0.10348800,-0.49734000,0.44094400,-0.17786000,0.15753600,0.09434700,0.05262400,0.01631600,0.20418400,0.13701400,-0.17745700,0.81078700,0.77831300,0.15070200,0.13034900,0.00693700,-0.13336800,0.09348100,0.71516400,-0.78928800,0.05977400,-0.18513200
0.91070900,0.63012600,0.76094900,0.05193800,0.02725600,-0.16238800,-0.98498200,-0.12770200,0.01016000,-0.17159300,0.80371800,-0.43832900,0.02091500,-0.45159100,-0.13999800,-0.50132300,0.49497000,-0.17679800,0.12923000,0.09611700,0.03577600,0.03122700,0.17595800,0.12784500,-0.21000300,0.84427600,0.80782900,0.15912000,0.12109400,0.01004600,-0.13948000,0.10276300,0.69575900,-0.79173200,0.06478600,-0.17164000
0.89384500,0.62992300,0.75196500,0.04757400,0.02601000,-0.16484000,-0.98482900,-0.17453100,-0.00497700,-0.15587500,0.84978800,-0.49133800,0.02670200,-0.50009700,-0.17897000,-0.50724100,0.54606400,-0.17915100,0.10798300,0.09628100,0.01651300,0.04936800,0.14609400,0.11980900,-0.23773900,0.87378200,0.83476400,0.16546300,0.11828500,0.01905500,-0.14700100,0.11647800,0.66888800,-0.80408400,0.06367000,-0.15408800
0.87797000,0.62962200,0.74465400,0.04360700,0.02581100,-0.16848400,-0.98440100,-0.22089100,-0.01833700,-0.14070700,0.89725200,-0.52268400,0.03345900,-0.53098200,-0.21655600,-0.52255400,0.57580100,-0.18372900,0.10612300,0.09555300,-0.00332400,0.06781800,0.11652700,0.11166400,-0.25116400,0.90207800,0.84663000,0.17118100,0.12389300,0.03758300,-0.15246100,0.13072600,0.63656500,-0.82050700,0.05763000,-0.14302400
0.86360100,0.62950500,0.74080600,0.04031500,0.02705000,-0.17077000,-0.98411400,-0.25379500,-0.03111800,-0.13080300,0.92542700,-0.53232800,0.04067300,-0.53427200,-0.24800100,-0.55284500,0.57065800,-0.18492800,0.11905300,0.09509900,-0.02211500,0.08272400,0.08936000,0.10126800,-0.24159200,0.94101200,0.84209000,0.18194700,0.13587500,0.06669500,-0.15363900,0.14485800,0.61297500,-0.83506700,0.05587900,-0.14279700
0.85109600,0.62968900,0.74187400,0.03750800,0.02986200,-0.16890000,-0.98446600,-0.26532000,-0.03898400,-0.12032500,0.92188500,-0.52115700,0.04651900,-0.51541700,-0.26343100,-0.58409700,0.53567900,-0.17407400,0.12795800,0.09400900,-0.03910300,0.09162400,0.07516900,0.08977300,-0.21374700,0.97457900,0.82472400,0.21272700,0.15061600,0.09104400,-0.14315400,0.16684800,0.61808600,-0.85530400,0.07942200,-0.14321800
0.83983900,0.62992800,0.75038700,0.03534000,0.03382500,-0.16192800,-0.98558900,-0.25474500,-0.03932700,-0.10725600,0.88314300,-0.49204700,0.04833100,-0.49290100,-0.25423700,-0.58136900,0.49055100,-0.15749200,0.12737000,0.09051900,-0.05378200,0.09382700,0.07463800,0.07483700,-0.16877800,0.99997900,0.80174900,0.25520200,0.17668600,0.10953300,-0.13059100,0.19700700,0.65379100,-0.88058800,0.12307500,-0.13072400
0.83003200,0.63040800,0.75887400,0.03364800,0.03764400,-0.15028700,-0.98735200,-0.22768200,-0.03371700,-0.08987900,0.81631200,-0.45283100,0.04416800,-0.45964300,-0.22502000,-0.54362300,0.45652500,-0.14377300,0.14263900,0.08462900,-0.06651400,0.08912000,0.08467300,0.05718500,-0.11263900,1.01345600,0.77444900,0.28605700,0.21248300,0.12069400,-0.11605900,0.22231000,0.70926400,-0.89331900,0.17308500,-0.10348300
0.82120200,0.63105300,0.76753500,0.03182200,0.04049300,-0.13608900,-0.98935700,-0.19221200,-0.02551200,-0.06803500,0.73244100,-0.40923100,0.03262100,-0.42636600,-0.18963200,-0.48572800,0.44539600,-0.12994600,0.13698400,0.07623900,-0.07725200,0.07841600,0.10328000,0.03886000,-0.06504600,1.01275600,0.74654000,0.29218600,0.24327600,0.12778000,-0.09738400,0.22357300,0.76440000,-0.86969400,0.21778400,-0.07351400
0.81273800,0.63176500,0.77525200,0.02956700,0.04155200,-0.12098100,-0.99134400,-0.15963200,-0.01792900,-0.04284600,0.64852000,-0.36447800,0.00989900,-0.39076500,-0.16105500,-0.43282700,0.45584500,-0.12542300,0.13010500,0.06599200,-0.08588800,0.06302800,0.12125400,0.02569800,-0.04377900,1.01002000,0.73143200,0.27770100,0.25849700,0.13717700,-0.08309300,0.19963900,0.80017700,-0.81284300,0.24499300,-0.05380000
0.80410200,0.63251900,0.78117300,0.02705400,0.04071500,-0.10691300,-0.99306600,-0.13785200,-0.01321300,-0.01717300,0.57795600,-0.32420600,-0.01231700,-0.35616400,-0.14488200,-0.39241000,0.48329700,-0.12650000,0.13025000,0.05386100,-0.09187300,0.04534100,0.13213500,0.02030400,-0.05479000,1.01065400,0.73683300,0.25854000,0.26412800,0.15063100,-0.08162200,0.18024000,0.80903900,-0.76223400,0.24770900,-0.04326200
0.79499500,0.63337800,0.78515300,0.02446700,0.03813900,-0.09450300,-0.99449300,-0.13003300,-0.01204600,0.00793500,0.52675500,-0.29078800,-0.01661600,-0.32310200,-0.14151300,-0.37041300,0.52538500,-0.13798000,0.12461100,0.04045500,-0.09511200,0.02760300,0.13283300,0.01982600,-0.08068000,1.01486200,0.75535500,0.24159000,0.26918800,0.16724400,-0.10487100,0.18883400,0.79493800,-0.74730100,0.21838500,-0.03253600
0.78542600,0.63438600,0.78740500,0.02163500,0.03468700,-0.08356200,-0.99566400,-0.13377300,-0.01333000,0.03371500,0.49444700,-0.26576900,-0.00719800,-0.29462900,-0.14162500,-0.34781600,0.57599100,-0.15331000,0.11958300,0.02601200,-0.09572600,0.01150000,0.12420200,0.01778200,-0.10285400,1.02044300,0.76881800,0.22754000,0.27295100,0.18429400,-0.14298200,0.21514600,0.76553700,-0.76480500,0.17125000,-0.03204800
0.77553800,0.63549800,0.78826700,0.01777200,0.03130000,-0.07217400,-0.99674200,-0.14349800,-0.01706700,0.05928300,0.47532000,-0.24955600,0.00133300,-0.26739500,-0.14316500,-0.32162200,0.62962300,-0.17455100,0.12239800,0.01233000,-0.09496300,-0.00280800,0.10805400,0.01404200,-0.11627000,1.02785800,0.77115900,0.21458700,0.26893200,0.19941100,-0.17828500,0.23197200,0.73384900,-0.78479400,0.12910300,-0.04916400
0.76544600,0.63672700,0.78836100,0.01278900,0.02886100,-0.05874500,-0.99777400,-0.15268500,-0.02160200,0.08781600,0.46027300,-0.23653900,0.00954200,-0.23781100,-0.14611700,-0.29491300,0.68185300,-0.18922900,0.12204100,0.00087900,-0.09399700,-0.01584100,0.08693600,0.01371800,-0.12812100,1.03605800,0.77170600,0.20288500,0.25816100,0.21005600,-0.19837600,0.22790300,0.71514600,-0.78617500,0.10689300,-0.07337500
0.75521800,0.63802200,0.78800800,0.00696100,0.02773500,-0.04284400,-0.99867200,-0.15888600,-0.02551500,0.12074400,0.44579100,-0.22390300,0.01745600,-0.20550400,-0.14821400,-0.26559500,0.72952300,-0.19744800,0.11213900,-0.00778900,-0.09317000,-0.02787600,0.06394600,0.01955000,-0.14287300,1.04078300,0.77817600,0.19354200,0.24930500,0.21338800,-0.20317700,0.20811700,0.71616100,-0.77358600,0.10775800,-0.09164800
0.74482100,0.63927100,0.78724300,0.00091400,0.02752800,-0.02484400,-0.99931200,-0.16344600,-0.02768900,0.15692700,0.43194300,-0.21191400,0.02472900,-0.17158600,-0.14749300,-0.22959500,0.77180600,-0.20736400,0.11755500,-0.01366500,-0.09177700,-0.03896900,0.04172600,0.02961300,-0.15482700,1.03790500,0.78605800,0.18689800,0.24827300,0.20955700,-0.19795100,0.18018100,0.73090300,-0.76121200,0.12799300,-0.10087400
0.73418800,0.64028200,0.78621700,-0.00553500,0.02748900,-0.00577000,-0.99959000,-0.16933800,-0.02834300,0.19474500,0.42070200,-0.20087400,0.02733800,-0.13714900,-0.14504400,-0.18913600,0.80585600,-0.20330300,0.13255700,-0.01724300,-0.08936900,-0.04913700,0.02033100,0.04323100,-0.15371300,1.02807300,0.78649700,0.17898900,0.25082700,0.20525600,-0.18766800,0.14901800,0.74301000,-0.75527300,0.15861600,-0.10664300
0.72327100,0.64099200,0.78532500,-0.01121100,0.02718300,0.01294800,-0.99948400,-0.17610600,-0.02627800,0.23129600,0.40861200,-0.18821800,0.02601400,-0.10292000,-0.13716600,-0.14314100,0.82736100,-0.17920100,0.16215600,-0.01969400,-0.08549000,-0.05843700,0.00014800,0.05160900,-0.14098300,1.01291300,0.77620800,0.17501700,0.25736000,0.19461400,-0.16970600,0.11911300,0.74985300,-0.75236900,0.18890700,-0.11338300
0.71195000,0.64136300,0.78463400,-0.01564900,0.02644900,0.03029500,-0.99906800,-0.18414000,-0.02139900,0.26463400,0.39534400,-0.17339800,0.02238100,-0.07019500,-0.11895300,-0.08891800,0.83406500,-0.14538100,0.19640700,-0.02194700,-0.07990600,-0.06655500,-0.01780200,0.06073400,-0.12161800,0.99325000,0.75680500,0.17121600,0.26341100,0.18979300,-0.15509400,0.09268700,0.74891700,-0.74705800,0.19753600,-0.12059500
0.70000100,0.64138800,0.78386800,-0.01945100,0.02514100,0.04645600,-0.99841400,-0.19640500,-0.01417000,0.29515500,0.38597400,-0.15852600,0.01830000,-0.03996200,-0.09336900,-0.02939000,0.82941300,-0.11957600,0.22475800,-0.02379900,-0.07270400,-0.07295900,-0.03667800,0.06871800,-0.10568700,0.97380500,0.73761900,0.16902400,0.27032900,0.19163400,-0.14580400,0.07473000,0.74089900,-0.74331300,0.18922800,-0.12294300
0.68729900,0.64118100,0.78308900,-0.02210900,0.02336000,0.06214000,-0.99754900,-0.21312900,-0.00321100,0.32324200,0.38187300,-0.14446900,0.01556300,-0.01615100,-0.07066400,0.01840000,0.81817700,-0.10476200,0.24606700,-0.02384000,-0.06394800,-0.07709500,-0.05509300,0.08126400,-0.10267200,0.95381400,0.72882500,0.16546300,0.27429000,0.19307200,-0.14091600,0.06512900,0.73489900,-0.74494300,0.17703100,-0.12074200
0.67380300,0.64082200,0.78261300,-0.02351900,0.02136300,0.07695200,-0.99652800,-0.23282200,0.01091400,0.34780400,0.38125400,-0.13053600,0.01531000,-0.00181200,-0.05472800,0.05187500,0.80070800,-0.09618800,0.24754100,-0.02228100,-0.05445300,-0.07853100,-0.07293100,0.10117900,-0.11268900,0.92916100,0.73223100,0.15956000,0.26903800,0.19014700,-0.13619000,0.05893100,0.73593800,-0.75153700,0.17086700,-0.12019100
0.65947300,0.64025700,0.78263600,-0.02503900,0.01922600,0.08991900,-0.99544900,-0.25531100,0.02513400,0.36785000,0.38350600,-0.11740800,0.01250100,0.00485100,-0.04604700,0.08330100,0.76720800,-0.11598100,0.24425400,-0.02077400,-0.04579300,-0.07711300,-0.08969000,0.12001200,-0.12626400,0.89966200,0.73792300,0.15166000,0.25896400,0.18836800,-0.12924600,0.05202200,0.73765800,-0.75930900,0.17216800,-0.12451400
0.64444000,0.63960700,0.78396700,-0.02582100,0.01709000,0.10155800,-0.99434800,-0.27661300,0.03907600,0.38234700,0.38148200,-0.10280000,0.00456200,0.00381800,-0.04094900,0.09500400,0.72301900,-0.12581200,0.18962400,-0.01841600,-0.03795400,-0.07287300,-0.10145100,0.13661900,-0.13305800,0.86143800,0.73366700,0.14010400,0.24652000,0.18574400,-0.11846000,0.04421000,0.74094500,-0.76431200,0.17760900,-0.13141400
0.62873100,0.63884600,0.78460000,-0.02545000,0.01494700,0.11201000,-0.99326900,-0.29665100,0.05292200,0.39155900,0.37268200,-0.08416100,-0.00452800,-0.00242100,-0.03999100,0.08079400,0.68426000,-0.16153900,0.12293900,-0.01519300,-0.02996700,-0.06619700,-0.10667100,0.15111200,-0.13297700,0.81538100,0.71795100,0.12532400,0.23603500,0.18147000,-0.10551800,0.03806900,0.74704300,-0.76691500,0.18300300,-0.13630900
0.61229000,0.63789400,0.78342500,-0.02483900,0.01317300,0.12024700,-0.99234600,-0.31704200,0.06610900,0.39718200,0.36128000,-0.06106200,-0.01194600,-0.01098000,-0.03921000,0.05786800,0.65305300,-0.21072400,0.07081400,-0.01266500,-0.02158900,-0.05744900,-0.10653100,0.16434100,-0.13314600,0.76771900,0.69923000,0.11025300,0.22979500,0.17678400,-0.09324000,0.03384200,0.75484900,-0.76881900,0.18529200,-0.13487900
0.59536000,0.63661400,0.78084500,-0.02342200,0.01208500,0.12463900,-0.99185200,-0.33713300,0.08053500,0.40187100,0.34925400,-0.03211500,-0.01732400,-0.01848600,-0.03189800,0.03968900,0.62372800,-0.26418800,0.03207100,-0.01227400,-0.01243700,-0.04693500,-0.10377100,0.17718500,-0.13921300,0.72545800,0.68592100,0.09937500,0.22545500,0.17474500,-0.08052300,0.02550800,0.75948800,-0.76787700,0.18211200,-0.12670400
0.57802800,0.63504600,0.77696800,-0.02124200,0.01175900,0.12441200,-0.99193400,-0.36080100,0.09606400,0.40522300,0.34340800,0.00071800,-0.00989900,-0.02691200,-0.01842000,0.02747300,0.59979800,-0.31558900,0.00388100,-0.01407900,-0.00160100,-0.03403800,-0.10112400,0.18783100,-0.15284000,0.69253400,0.68028800,0.09502000,0.21964600,0.17792500,-0.06543200,0.00344200,0.75363900,-0.75880100,0.17325900,-0.11817700
0.56021600,0.63361300,0.77054900,-0.01824400,0.01190200,0.11971500,-0.99256900,-0.39444400,0.11046400,0.40070000,0.35157300,0.03084800,0.00720500,-0.04376100,-0.00383500,0.01308400,0.59108300,-0.36884500,-0.01285000,-0.01694800,0.01168300,-0.01827500,-0.10104200,0.19537400,-0.17559000,0.66990400,0.68301500,0.09665500,0.20957300,0.18623500,-0.04630500,-0.03550700,0.73324300,-0.73806300,0.16006200,-0.11978100
0.54271900,0.63243700,0.76365200,-0.01482900,0.01219800,0.11169600,-0.99355700,-0.44012500,0.12297300,0.38664200,0.38065300,0.05030400,0.02521500,-0.07250000,0.00781800,-0.00741700,0.61262900,-0.42606400,-0.01888100,-0.01979800,0.02748100,-0.00007400,-0.10363200,0.20149200,-0.20899700,0.65590100,0.69747900,0.10148300,0.19509600,0.19657800,-0.02548000,-0.08176300,0.70211200,-0.70966700,0.14366800,-0.13713200
0.52571000,0.63181800,0.75603700,-0.01008600,0.01291300,0.10239400,-0.99460900,-0.49181400,0.13417300,0.36367000,0.42432200,0.05428700,0.03105800,-0.11644800,0.01753200,-0.03163600,0.66526200,-0.46974600,-0.02177200,-0.02182700,0.04542800,0.01914000,-0.10478400,0.20876100,-0.25066600,0.64688400,0.72696900,0.10697900,0.18012600,0.20527300,-0.00741200,-0.12022400,0.67110900,-0.68271800,0.12639100,-0.16660000
0.50987300,0.63151400,0.74940700,-0.00506400,0.01433700,0.09334100,-0.99551800,-0.53691600,0.13999000,0.33407200,0.46338300,0.04213500,0.00927200,-0.16229400,0.02411400,-0.05650200,0.72288200,-0.49531900,-0.02738600,-0.02268900,0.06415100,0.03684000,-0.09758900,0.21304800,-0.29257400,0.64167700,0.76783500,0.11422700,0.17304400,0.21004600,0.00251700,-0.14389900,0.65229500,-0.66378600,0.11395700,-0.20155100
0.49529600,0.63132000,0.74828900,-0.00059100,0.01674200,0.08404100,-0.99632100,-0.56930900,0.13855200,0.30750400,0.47575500,0.01471200,-0.02234000,-0.19417400,0.02673100,-0.08107400,0.75687800,-0.50250800,-0.03309400,-0.02283900,0.08183500,0.05025800,-0.07745600,0.20647500,-0.32548900,0.64596100,0.80787300,0.12835000,0.17879700,0.21040800,0.00350800,-0.15527700,0.65548100,-0.65358400,0.11291700,-0.23637200
0.48258200,0.63127100,0.75200800,0.00376200,0.02034800,0.07316600,-0.99710500,-0.57517700,0.13028200,0.28642900,0.46597900,0.00801000,-0.03880900,-0.20505600,0.02677600,-0.10649600,0.75796900,-0.49066100,-0.03684200,-0.02228300,0.09697100,0.05774500,-0.04614000,0.18634200,-0.34575700,0.67007300,0.83353000,0.15287300,0.18987000,0.20787700,-0.00132500,-0.15869600,0.68428900,-0.65192400,0.12747600,-0.26229700
0.47151700,0.63121200,0.75607900,0.00663500,0.02476200,0.05957100,-0.99789500,-0.55508600,0.11646500,0.26514000,0.44778700,0.01737400,-0.05287500,-0.19594800,0.02344400,-0.13285000,0.72729200,-0.46414200,-0.03884000,-0.02051400,0.10820100,0.05929000,-0.01136100,0.15699000,-0.35736400,0.72056200,0.84017700,0.18280700,0.19091100,0.20522800,-0.01041600,-0.15681900,0.73116300,-0.65989100,0.15655500,-0.26771500
0.46177300,0.63113100,0.76144100,0.00857400,0.02916900,0.04356600,-0.99858800,-0.52258500,0.09952200,0.24240600,0.43768100,0.02242400,-0.05069000,-0.17288800,0.01816500,-0.16159500,0.67338200,-0.42778000,-0.03986900,-0.01651200,0.11528100,0.05605900,0.01865500,0.13134600,-0.36876500,0.79361600,0.83763100,0.20615200,0.16930600,0.20479600,-0.02049300,-0.15087600,0.78169200,-0.67571000,0.19001700,-0.24920000
0.45289200,0.63094700,0.76722900,0.00993400,0.03312300,0.02666000,-0.99904600,-0.48998800,0.07936300,0.20552200,0.45152800,0.01431000,-0.05497300,-0.14374800,0.01291700,-0.19204100,0.60880200,-0.38776100,-0.04113100,-0.00952200,0.11822800,0.05005500,0.04059700,0.12090400,-0.38757700,0.87616600,0.84214700,0.21273400,0.12342100,0.20664700,-0.02844800,-0.14222400,0.82322100,-0.69522900,0.21466600,-0.21620600
0.44434500,0.63059000,0.77231700,0.01091800,0.03634800,0.01021800,-0.99922700,-0.46244300,0.06194900,0.16271000,0.49614400,-0.00651400,-0.06237100,-0.11707700,0.00892000,-0.22200000,0.54742000,-0.35066600,-0.04386600,-0.00065200,0.11787400,0.04298800,0.05982600,0.12784200,-0.41004100,0.94660900,0.86267900,0.20674400,0.06410700,0.20277400,-0.03436900,-0.13204100,0.84739900,-0.71593800,0.23047200,-0.17599300
0.43570900,0.63005100,0.77590300,0.01198700,0.03870200,-0.00452300,-0.99916900,-0.44109300,0.05270900,0.12319700,0.56844500,-0.03566800,-0.06877200,-0.10023400,0.00633700,-0.24932800,0.50178500,-0.32214300,-0.04772600,0.00893200,0.11548800,0.03608500,0.07712900,0.14691600,-0.42238900,0.99487700,0.88568300,0.20281800,0.01236200,0.20490200,-0.03695800,-0.11707900,0.86297200,-0.73680500,0.22366600,-0.14710900
0.42674800,0.62934000,0.77769500,0.01401000,0.04008000,-0.01724500,-0.99894900,-0.42715100,0.04942500,0.08277600,0.66028100,-0.06776600,-0.07255200,-0.09720500,0.00511500,-0.27383300,0.47887500,-0.30382900,-0.05186100,0.01894500,0.11250500,0.03005000,0.09926300,0.17098900,-0.40930600,1.01231600,0.89435000,0.21198000,-0.01320500,0.20426800,-0.03951300,-0.09661000,0.87335300,-0.75813700,0.20438000,-0.12797100
0.41739300,0.62844800,0.77789300,0.01724900,0.04049900,-0.02892000,-0.99861200,-0.41598200,0.05008100,0.04141200,0.76089300,-0.09835500,-0.07189100,-0.10652900,0.00449300,-0.29727600,0.47596600,-0.29388100,-0.05531100,0.02889400,0.11017200,0.02463000,0.13004600,0.19390200,-0.37050600,0.99930100,0.88259000,0.23014500,-0.00400500,0.20073300,-0.04700300,-0.07567200,0.88612800,-0.78041500,0.17329000,-0.12128000
0.40775500,0.62744100,0.77685600,0.02168800,0.04053100,-0.04050600,-0.99812100,-0.40404800,0.05272000,-0.00107000,0.85976700,-0.12223900,-0.07424600,-0.12312000,0.00390200,-0.32129600,0.48599800,-0.28969900,-0.05771000,0.03815200,0.10891100,0.01958900,0.16162000,0.21400500,-0.31659200,0.97511700,0.85448200,0.24205400,0.03142200,0.18906200,-0.05503600,-0.05310400,0.89616500,-0.80249700,0.14989800,-0.12459400
0.39799800,0.62638700,0.77518300,0.02621300,0.04065700,-0.05268800,-0.99743900,-0.38789700,0.05394400,-0.04295900,0.94944200,-0.13201300,-0.07384600,-0.14074900,0.00184300,-0.34622900,0.49905800,-0.28711400,-0.05911700,0.04603300,0.10830000,0.01479500,0.19435100,0.23129200,-0.25853400,0.95042100,0.81969900,0.24366600,0.07240100,0.17210300,-0.06520300,-0.03436000,0.90674500,-0.82668500,0.13550000,-0.13117300
0.38820200,0.62548700,0.77324600,0.03084700,0.04118200,-0.06599900,-0.99649200,-0.36643700,0.05352900,-0.08381400,1.02404500,-0.13229500,-0.07530300,-0.15647500,-0.00183100,-0.37249900,0.51088700,-0.28425000,-0.05964300,0.05207600,0.10766000,0.01045600,0.21728300,0.23412600,-0.20780400,0.93564700,0.78850800,0.25159200,0.10430600,0.15010100,-0.07240800,-0.01612000,0.92164700,-0.85116000,0.13383600,-0.13710200
0.37835400,0.62483400,0.77165100,0.03464500,0.04202100,-0.08048000,-0.99526700,-0.34067000,0.04794600,-0.12558100,1.08200500,-0.11283300,-0.08616000,-0.16792200,-0.00807500,-0.39941900,0.51600800,-0.27830700,-0.05965900,0.05642100,0.10623700,0.00675800,0.23129700,0.23268600,-0.16886300,0.92717200,0.76703600,0.25996000,0.11848500,0.12680900,-0.08003000,0.00142500,0.93714500,-0.86997900,0.14028200,-0.13836100
0.36837300,0.62447000,0.77068600,0.03723700,0.04292200,-0.09572900,-0.99378400,-0.31160700,0.03242400,-0.16974000,1.12211100,-0.07665400,-0.09819300,-0.17516400,-0.01697500,-0.42637900,0.51307300,-0.26834300,-0.05983700,0.05946200,0.10354600,0.00371700,0.23773700,0.23334100,-0.14622500,0.92140800,0.75863100,0.26147300,0.11686300,0.10471300,-0.08807400,0.01222400,0.94743400,-0.88218800,0.14793000,-0.13627700
0.35811400,0.62445600,0.77023900,0.03923400,0.04359200,-0.11134500,-0.99205000,-0.28045900,0.01284100,-0.21296600,1.14388900,-0.03887300,-0.10937400,-0.18085900,-0.02805600,-0.45356100,0.50591200,-0.25554800,-0.06026300,0.06144800,0.09955000,0.00121300,0.23784100,0.23548100,-0.13762000,0.91461700,0.76272600,0.25561300,0.10704800,0.08412700,-0.09362800,0.01635700,0.94893400,-0.88647800,0.15288100,-0.13599400
0.34752900,0.62473400,0.77034700,0.04035400,0.04381300,-0.12651600,-0.99017500,-0.24897100,-0.00669300,-0.25301500,1.14636700,-0.00509400,-0.12672000,-0.18623300,-0.04106100,-0.47923900,0.49591900,-0.24055800,-0.06054700,0.06285400,0.09432100,-0.00098000,0.23488200,0.23602200,-0.13360800,0.90253500,0.77168700,0.24381900,0.09593400,0.06542100,-0.09750600,0.01632500,0.94079900,-0.88371900,0.15161200,-0.13927800
0.33656200,0.62525000,0.77094700,0.04054500,0.04349100,-0.14029900,-0.98832200,-0.21783300,-0.02400800,-0.28811100,1.12932500,0.00224800,-0.12630100,-0.19286500,-0.05537700,-0.50121100,0.48555300,-0.22512200,-0.05912700,0.06430000,0.08803200,-0.00282700,0.23226600,0.23156700,-0.12493700,0.88214800,0.77700700,0.22945000,0.08816000,0.04842400,-0.10118500,0.01533000,0.92487200,-0.87575400,0.14294400,-0.14532500
0.32506900,0.62603100,0.77209500,0.04042400,0.04288000,-0.15231900,-0.98657300,-0.19240400,-0.03341400,-0.31305300,1.09520000,-0.00381600,-0.12483800,-0.20273100,-0.07034600,-0.51849700,0.47924000,-0.21050200,-0.05882100,0.06594400,0.08122700,-0.00364600,0.23199200,0.22123900,-0.10949300,0.85346000,0.77582800,0.21583200,0.08595700,0.03236300,-0.10516700,0.01588800,0.90461300,-0.86500800,0.13001000,-0.15353700
0.31294200,0.62708300,0.77401400,0.04005300,0.04208500,-0.16221900,-0.98504300,-0.17284100,-0.03639800,-0.32770100,1.04503400,-0.02232500,-0.12000600,-0.21608200,-0.08566800,-0.53035900,0.47741800,-0.19681400,-0.06008600,0.06810600,0.07454700,-0.00313500,0.23382000,0.20556400,-0.09257600,0.82023800,0.77133200,0.20445000,0.08900600,0.01652700,-0.10988100,0.01956600,0.88320800,-0.85401100,0.11688900,-0.16169700
0.30032300,0.62837700,0.77647000,0.03913600,0.04102100,-0.16998300,-0.98381500,-0.15765700,-0.03614400,-0.33263400,0.98774200,-0.06317300,-0.10591700,-0.23205800,-0.10106800,-0.53636700,0.47708900,-0.18293900,-0.06182000,0.07083300,0.06804400,-0.00149300,0.23577000,0.18635200,-0.08113400,0.78857800,0.76872900,0.19532800,0.09538300,0.00112000,-0.11554200,0.02638000,0.86166400,-0.84470700,0.10643400,-0.16715300
0.28668900,0.62980900,0.77706200,0.03774600,0.03970500,-0.17561500,-0.98293300,-0.14925700,-0.03383300,-0.32426600,0.93805900,-0.12832000,-0.07492400,-0.24988800,-0.11536100,-0.53701200,0.47359100,-0.16739300,-0.06308900,0.07391800,0.06176500,0.00113900,0.23520500,0.16609700,-0.07853900,0.76407600,0.77148600,0.18790000,0.10341000,-0.01300500,-0.12137600,0.03485800,0.83863700,-0.83725200,0.09889100,-0.16899500
0.27221300,0.63137400,0.77601900,0.03619600,0.03789100,-0.17887300,-0.98247600,-0.14546400,-0.02858900,-0.30231400,0.89057700,-0.19889400,-0.04235500,-0.26898100,-0.12752000,-0.53279700,0.46460000,-0.14949600,-0.06247700,0.07722000,0.05575000,0.00444000,0.23014300,0.14626800,-0.08318800,0.75016200,0.77998400,0.18282200,0.11425200,-0.02510700,-0.12598400,0.04315500,0.81259100,-0.83025900,0.09314800,-0.16923500
0.25697200,0.63309400,0.77376700,0.03481200,0.03544800,-0.17918000,-0.98256100,-0.14224300,-0.02587500,-0.27944900,0.84127900,-0.26804700,-0.01599400,-0.28917900,-0.13865600,-0.52828500,0.45163100,-0.13235500,-0.05788900,0.08128400,0.04982700,0.00821000,0.21980400,0.12675400,-0.09133600,0.74841000,0.79260400,0.18206600,0.13051800,-0.03455400,-0.12828100,0.05059000,0.78366700,-0.82217100,0.08749200,-0.17007100
0.24088900,0.63483000,0.76993100,0.03360400,0.03240400,-0.17666600,-0.98316300,-0.14313900,-0.02744900,-0.25988400,0.79589700,-0.33562200,0.00387700,-0.31503100,-0.15005100,-0.52243100,0.44297000,-0.11533300,-0.05667300,0.08563000,0.04387500,0.01319900,0.20454600,0.10649300,-0.10027900,0.75849700,0.80679400,0.18667800,0.15221100,-0.04133800,-0.12944200,0.05881900,0.75317200,-0.81382100,0.08033200,-0.17020800
0.22385300,0.63651100,0.76325900,0.03232600,0.02872600,-0.17158400,-0.98422000,-0.15642100,-0.03380800,-0.24208500,0.76729500,-0.40396300,0.01302600,-0.35238700,-0.16581000,-0.51558200,0.44971500,-0.09557900,-0.05083100,0.08950000,0.03752100,0.02083000,0.18533100,0.08548500,-0.10954100,0.77710300,0.82004600,0.19479700,0.17600200,-0.04613700,-0.13222900,0.07049300,0.72125200,-0.80847300,0.07088800,-0.16583100
0.20682100,0.63811200,0.75706200,0.03041200,0.02468800,-0.16464800,-0.98557400,-0.18684100,-0.04455900,-0.22231600,0.77221400,-0.45476700,0.02220400,-0.40073000,-0.18593200,-0.50490400,0.47645400,-0.08188300,-0.04110700,0.09187700,0.02953100,0.03264100,0.16301500,0.06499600,-0.11929800,0.79896600,0.82907800,0.20265800,0.19775000,-0.04897700,-0.13865200,0.08666700,0.68583400,-0.80932700,0.05904200,-0.15549000
0.18984400,0.63929800,0.75106700,0.02688400,0.02096400,-0.15726000,-0.98696900,-0.23245200,-0.05876200,-0.19887200,0.80435600,-0.47670400,0.03052000,-0.45482900,-0.20701400,-0.48591800,0.51347300,-0.07936200,-0.02017000,0.09205400,0.01810300,0.04892200,0.13851600,0.04608600,-0.12697900,0.82092500,0.82745100,0.20870200,0.21207300,-0.04660000,-0.14818800,0.10545600,0.64549800,-0.81695200,0.04440900,-0.14389800
